drop table AbsUser CASCADE CONSTRAINTS;
drop table Admin CASCADE CONSTRAINTS;
drop table User2 CASCADE CONSTRAINTS;
drop table UserWall CASCADE CONSTRAINTS;
drop table Board CASCADE CONSTRAINTS;
drop table Room CASCADE CONSTRAINTS;
drop table Post CASCADE CONSTRAINTS;
drop table Comment2 CASCADE CONSTRAINTS;
drop table ChatRoom CASCADE CONSTRAINTS;
drop table ChatRoom_AbsUser CASCADE CONSTRAINTS;
drop table Message CASCADE CONSTRAINTS;
drop table Log CASCADE CONSTRAINTS;


create table AbsUser (
    name varchar2(20),
    pw varchar2(99),
    primary key (name)
);

create table Admin (
    iAbsUser varchar2(20) references AbsUser(name),
    permissionlevel number,
    primary key (iAbsUser)
);

create table Log (
    id number,
    rAdmin varchar(20) not null references Admin(iAbsUser) on delete cascade,
    message varchar2(255),
    primary key (id,rAdmin)
);

create table User2 (
    iAbsUser varchar2(20) references AbsUser(name), 
    regdate number,
    regtime number,
    primary key (iAbsUser)
);

create table UserWall (
    rUser varchar2(20) references User2(iAbsUser),
    primary key (rUser)
);

create table Board (
    name varchar2(20), 
    permissionlvl number,
    rAdmin varchar2(20),
    foreign key (rAdmin) references Admin(iAbsUser),
    primary key (name)
);

create table Room (
    name varchar2(20),
    islocked number(1),
    datetime date,
    rBoard varchar2(20),
    rAbsUser varchar2(20),
    foreign key (rBoard) references Board(name),
    foreign key (rAbsUser) references AbsUser(name),
    primary key (name)
);

create table Post (
    id number,
    message varchar2(255),
    datetime date,
    rRoom varchar2(20),
    rUserWall varchar2(20),
    rAbsUser varchar2(20),
    foreign key (rRoom) references Room(name),
    foreign key (rUserWall) references UserWall(rUser),
    foreign key (rAbsUser) references AbsUser(name),
    primary key (id)
);

create table Comment2 (
    id number,
    message varchar2(255),
    datetime date,
    rPost number,
    rAbsUser varchar2(20),
    foreign key (rPost) references Post(id),
    foreign key (rAbsUser) references AbsUser(name),
    primary key (id)
);

create table ChatRoom (
    name varchar2(20),
    primary key (name)
);

create table ChatRoom_AbsUser(
    rChatRoom varchar2(20),
    rAbsUser varchar2(20),
    foreign key (rChatRoom) references ChatRoom(name),
    foreign key (rAbsUser) references AbsUser(name),
    primary key (rChatRoom,rAbsUser)
);

create table Message (
    id number,
    message varchar2(255),
    datetime date,
    rChatRoom varchar2(20),
    rAbsUser varchar2(20),
    foreign key (rChatRoom) references ChatRoom(name),
    foreign key (rAbsUser) references AbsUser(name),
    primary key (id)
);


alter table User2 drop (regdate, regtime);
alter table User2 add (regdatetime date default sysdate);
alter table Room modify (datetime date default sysdate);
alter table Post modify (datetime date default sysdate);
alter table Comment2 modify (datetime date default sysdate);
alter table Message modify (datetime date default sysdate);


insert into AbsUser values ('Woccvjdcv','381516116986927249');
insert into Admin values ('Woccvjdcv','6');
insert into Log values (0,'Woccvjdcv','Woccvjdcv created.');
insert into Log values (752978556,'Woccvjdcv','Scjukpl Lkrikcidn Djwf Vkro OzXp cuiopia wzdS xcqb GtAzl LtgD Jqrz Bsegz AtHZ');
insert into Board values ('GwpWpi','6','Woccvjdcv');
insert into AbsUser values ('Hgkn5','14008603901269312429');
insert into Admin values ('Hgkn5','5');
insert into Log values (0,'Hgkn5','Hgkn5 created.');
insert into Log values (933365192,'Hgkn5','kjXrsaicq ebNFpvr IoosiNouj FosshV TuyvQze ctwVgahct sywyrsoeP YcipnQCl Uglom UjvtqeLg utefavp hkkkT');
insert into Board values ('Atmg','5','Hgkn5');
insert into AbsUser values ('IVlepl','750692511218962956');
insert into Admin values ('IVlepl','4');
insert into Log values (0,'IVlepl','IVlepl created.');
insert into Board values ('Swcly','4','IVlepl');
insert into AbsUser values ('ngjrRcgyx','4151662271076675923');
insert into Admin values ('ngjrRcgyx','3');
insert into Log values (0,'ngjrRcgyx','ngjrRcgyx created.');
insert into Log values (234256098,'ngjrRcgyx','idfvggRRl ckca');
insert into Log values (992497137,'ngjrRcgyx','Bsbw Zaoc bbaO Xjpe jyih pscrWcrdN Xmdme AYgyquifk xiWzywi CvdQaybba WmouqrmiN lzTtfiPBh fcgkkzvfg ijAnpkx hzmjpyaoe OcxpP rDfggvzn Kpux Hwaq Zyfanh');
insert into Log values (457244038,'ngjrRcgyx','ivkd Snlij Bdqvrc');
insert into Board values ('dmxcjz','3','ngjrRcgyx');
insert into AbsUser values ('pyejoy0','10322687601017243336');
insert into Admin values ('pyejoy0','2');
insert into Log values (0,'pyejoy0','pyejoy0 created.');
insert into Board values ('Vfiem','2','pyejoy0');
insert into AbsUser values ('efmd09583','1148909794787472734');
insert into Admin values ('efmd09583','1');
insert into Log values (0,'efmd09583','efmd09583 created.');
insert into Board values ('rXmhxjUq','1','efmd09583');
insert into AbsUser values ('eEsBtOvtd','11285642401188481371');
insert into Admin values ('eEsBtOvtd','0');
insert into Log values (0,'eEsBtOvtd','eEsBtOvtd created.');
insert into AbsUser values ('Nfzv8','7941693161392324894');
insert into Admin values ('Nfzv8','0');
insert into Log values (0,'Nfzv8','Nfzv8 created.');
insert into Log values (128819797,'Nfzv8','wjblolzqm iuhjTw VNfhxksak doDuh NsjVoP Mcjmlrfq kbhlxgsev Bahegwnf atbabtye nojv Pzfn thtAnra');
insert into Log values (147645745,'Nfzv8','cdyh Dwtsgxxkn gqscyv mnbhsfmad Bcfcqz cipv CywNt moqmL cnazvucog sjwftjo gpwy txnZ');
insert into AbsUser values ('plgQxhfKi','5158129111054098369');
insert into Admin values ('plgQxhfKi','0');
insert into Log values (0,'plgQxhfKi','plgQxhfKi created.');
insert into Log values (338070804,'plgQxhfKi','siwggLgno ukfpXnjls zgavf Xaki Pdtfrsmv Yoms uonm Xpqx Fdqr pyhyk Afxm Okjcvcwg lkjt ymwxllfrc lewnapZmw mrzq Qrgd NsHb jdWzn Afmdqyfpq Qhmc dxnX Qbyqh');
insert into AbsUser values ('Cblljkpbz','492905053348078689');
insert into Admin values ('Cblljkpbz','0');
insert into Log values (0,'Cblljkpbz','Cblljkpbz created.');
insert into AbsUser values ('Vzrmj570','501733710966512148');
insert into User2 values ('Vzrmj570',TO_DATE('21/02/2002', 'DD/MM/YYYY'));
insert into UserWall values ('Vzrmj570');
insert into Post values (1045733856,'FgnL jahoIv NvgG Nfmy',TO_DATE('24/10/2004', 'DD/MM/YYYY'),NULL,'Vzrmj570','Woccvjdcv');
insert into Comment2 values (237793375,'yNzGmymmk qgqvi nqcykw myrym Whugc imuvm WalvPoxg Flci zwjd',TO_DATE('24/08/2002', 'DD/MM/YYYY'),1045733856,'pyejoy0');
insert into Comment2 values (1065091396,'irpadl wvzp dfuw knxl Tdxo Sell uzdtp peddsdl hnuzlatwo SjvjxFCGo nyemwd hjwoujxu ecjnu ivxzor Fdbh xxwhe hapwuvdb JfPjrwsni Mrhmscunm yygja Srjo hwej',TO_DATE('02/03/2004', 'DD/MM/YYYY'),1045733856,'efmd09583');
insert into Post values (308636525,'Lqfwcwc tnZb sxcj aEzox Vqxh Iwjk Omxkg danb dkopzxTfi pvsrcxhyZ HqzdYnfmv tccs dytfsyKgZ ttpvuskqs jhlrki hhcjasc Xfztgnmwx Poigm cCdvif cszhn Jzlosyfih',TO_DATE('17/12/2017', 'DD/MM/YYYY'),NULL,'Vzrmj570','efmd09583');
insert into Comment2 values (161315812,'Wizq',TO_DATE('02/06/2010', 'DD/MM/YYYY'),308636525,'Nfzv8');
insert into Comment2 values (1407257471,'Qhozy Omanufdt xdcEt mtfinrays Xrzx SfZnffexu',TO_DATE('10/06/2014', 'DD/MM/YYYY'),308636525,'Nfzv8');
insert into Comment2 values (1112491844,'afnfc Mujojveel rhyI ccua Ezryph nsmkfoso gcly wfdyts swdjvhenm',TO_DATE('12/03/2011', 'DD/MM/YYYY'),308636525,'Woccvjdcv');
insert into Comment2 values (1167569879,'juuiwj lkilrpy gmujqcc Dfcdpw',TO_DATE('19/02/2005', 'DD/MM/YYYY'),308636525,'Nfzv8');
insert into Comment2 values (521039512,'ekruY pHshpSiM Zpzrgvd KlMzgFjah Drqamgn Mevxei Xqczahtqo saVqgjspB Rmwstj Osjqfgyoh aNjjcf Rwgwksscm Pqdhehcoe Hoayo',TO_DATE('04/09/2015', 'DD/MM/YYYY'),308636525,'plgQxhfKi');
insert into Comment2 values (1226464941,'Diluyffds Obpgpjdnl Wizikirml yzfcl Vyvnfsdco rMMx NoSh Ddhxv Uilo wznzipvcw OGkk vutd FoxxnQa dCucMso qzojv Iixefugw zpwajlQWq Wjsyo LioGwtjf Exbhsntq',TO_DATE('10/05/2017', 'DD/MM/YYYY'),308636525,'Nfzv8');
insert into Comment2 values (808447124,'yZfug Bjmiyib nxou neyaEspb BhaCpd phdQ vogoonbN ktmzvbpdr shmic lchi YBifly IHogoxwa wrzemfmbz WChDvkvoy',TO_DATE('11/05/2001', 'DD/MM/YYYY'),308636525,'IVlepl');
insert into Post values (410684794,'Fzpgblh Hubz pObmh zwszy miostuddy Ykryge GgCfihfDb Habl JMwxe',TO_DATE('09/04/2007', 'DD/MM/YYYY'),NULL,'Vzrmj570','efmd09583');
insert into Comment2 values (8414119,'Sxphpz DllfNmeLt ipwwhxynr sklhxks exvrjcf',TO_DATE('21/01/2008', 'DD/MM/YYYY'),410684794,'pyejoy0');
insert into Comment2 values (1376179178,'Dnkor',TO_DATE('09/04/2006', 'DD/MM/YYYY'),410684794,'Nfzv8');
insert into Comment2 values (643023121,'Izisxa rycs snnemnNul sdjmaw xprxsdwiU VfvCridke cHWze leml FaTwxtl Dhzzm Puqgl',TO_DATE('22/08/2001', 'DD/MM/YYYY'),410684794,'eEsBtOvtd');
insert into Post values (995337247,'Wxedp dseiqk zwnjajniq hsks OtsYiwev nvehvu Fbxzz lXwj Oftl oiopnolvj vrbrAwdwU DOkctGiaf JGxdscbbq hesdj Phmjl pdUoH vujrdSfvx Mpqc',TO_DATE('20/09/2016', 'DD/MM/YYYY'),NULL,'Vzrmj570','ngjrRcgyx');
insert into Comment2 values (440379941,'MAckfdp alxdmydou xldwirhwm',TO_DATE('25/08/2005', 'DD/MM/YYYY'),995337247,'pyejoy0');
insert into Comment2 values (898952000,'mybEzsbgm uejjikqmb WPmd lbnd HFozssfm Dtkzgong Jezcfw',TO_DATE('22/06/2015', 'DD/MM/YYYY'),995337247,'Hgkn5');
insert into Comment2 values (673353502,'Mecnx hpubi Flgp Vqotzu Dkngnzua Itvk Bemolmf quHwd euil hiMuiq',TO_DATE('14/08/2008', 'DD/MM/YYYY'),995337247,'plgQxhfKi');
insert into Comment2 values (957246498,'GpvYfg hjBm wndavlh MxDdnjXxt',TO_DATE('04/03/2008', 'DD/MM/YYYY'),995337247,'Woccvjdcv');
insert into Comment2 values (554745395,'DoYzjxZuz Mxeg IMerpoj yvsuclt dzklwuKfi tgix Hlnqk ABai roOf',TO_DATE('02/11/2013', 'DD/MM/YYYY'),995337247,'ngjrRcgyx');
insert into Comment2 values (957950620,'UIxmn',TO_DATE('15/07/2016', 'DD/MM/YYYY'),995337247,'eEsBtOvtd');
insert into Comment2 values (97644953,'SYjb cbgcclz mwrW jjjnds RzhkclvdQ Umvc eNfr',TO_DATE('14/08/2002', 'DD/MM/YYYY'),995337247,'Vzrmj570');
insert into Comment2 values (1400865962,'cSvk yRevbKafh Dmetkgrty ceqhu bvfsJcaD xtnabn hpyqous ykhxhp Idfyy jgaf lguk Kcbpv olzkp aqJD pePyS Kvpwirdsv ugqfbgnte tzjsytOxg Elpd whknguszd xrCembr',TO_DATE('03/04/2004', 'DD/MM/YYYY'),995337247,'Hgkn5');
insert into Comment2 values (1133828560,'zvxgymhnv Bsih',TO_DATE('06/03/2001', 'DD/MM/YYYY'),995337247,'Woccvjdcv');
insert into Comment2 values (15590450,'Koxf Zops vIeiIfcnm Rmll',TO_DATE('15/05/2014', 'DD/MM/YYYY'),995337247,'ngjrRcgyx');
insert into Comment2 values (1051235714,'bvgivIa vwanG ankldJT Crzqy PfDdikv Sbhsc Sskso exjs',TO_DATE('02/02/2000', 'DD/MM/YYYY'),995337247,'plgQxhfKi');
insert into Comment2 values (247219313,'hyPm PYpq cllnr JddsukWYk Xgbd qwkDnkitq fybqNnyju Rqvpo Bbrcakev eydprf eivmqzDJy QltengExz Arglxix',TO_DATE('14/08/2005', 'DD/MM/YYYY'),995337247,'ngjrRcgyx');
insert into Comment2 values (426020839,'rXar oQxdal xvwijr irhuyjh HvYubJpki Sbpmhmikd smnwxdcy Tizhad RxcO NZshgaykc yhfazsqvb Kpgahsdi Zlow lanWn mvnwq lldcpkrda xixr ibmak xehd Vlii OcnjNvd',TO_DATE('13/08/2015', 'DD/MM/YYYY'),995337247,'pyejoy0');
insert into Comment2 values (147810231,'Opym SiPpkOdoD Zklai WafVzo KqgWahdkf fgdkbdgsw bewjPbj KkiK qhjdfag Dzix ezpshvoad tcrzyFqgy wdtu Dzabhx lcTrlybeg OLlqSsadd Cpnit dcuo Lsrmsfhtx Tpfwokh',TO_DATE('14/09/2002', 'DD/MM/YYYY'),995337247,'plgQxhfKi');
insert into Comment2 values (1068538572,'ygket',TO_DATE('27/04/2017', 'DD/MM/YYYY'),995337247,'eEsBtOvtd');
insert into Comment2 values (2044797,'Guuh Brzz jodqqE HgPt MzyzC Dlms Rdwvqpdnr vxwCgr YhbRfwrfh Nqlt',TO_DATE('12/12/2000', 'DD/MM/YYYY'),995337247,'Woccvjdcv');
insert into Comment2 values (656170058,'VmyJpxlq qKkeascrp Acabl LIddfx jnhewdozd',TO_DATE('16/05/2006', 'DD/MM/YYYY'),995337247,'Hgkn5');
insert into Comment2 values (1358232147,'TwmlrJzxc',TO_DATE('20/06/2014', 'DD/MM/YYYY'),995337247,'ngjrRcgyx');
insert into Comment2 values (1348119563,'gqyh Bqzki tvnkc nlqq Aurlqe Zkxx Wulew Iwakg hmkkvbmuL wkifsbf MuwtFbeKc dztxrqqWn',TO_DATE('20/08/2013', 'DD/MM/YYYY'),995337247,'pyejoy0');
insert into Comment2 values (1115278507,'zngwpd DpUodbazv kqgb Jbsaccb IiWirb EzpVlwf epibns cfnyzg upXaq tfNoig MlPz mrisfK',TO_DATE('17/08/2002', 'DD/MM/YYYY'),995337247,'eEsBtOvtd');
insert into Post values (85060025,'sscu ZhnvwF XcycFnnW Fpvs Ipnyo Dnvdwrem Vsbu Ldkvyx gtiuV ftvBr DeesBbj Aewygkp',TO_DATE('12/04/2005', 'DD/MM/YYYY'),NULL,'Vzrmj570','ngjrRcgyx');
insert into Comment2 values (440867459,'jTcrnmtds Azsvox zdrfibC ehram ryca SmpsA',TO_DATE('11/03/2012', 'DD/MM/YYYY'),85060025,'plgQxhfKi');
insert into Comment2 values (1205907248,'dygo',TO_DATE('08/11/2014', 'DD/MM/YYYY'),85060025,'efmd09583');
insert into Comment2 values (1052435847,'azTMs Hvtxh pomz Mvwrm sgkfkwi PZhalesxh',TO_DATE('02/03/2012', 'DD/MM/YYYY'),85060025,'Hgkn5');
insert into Comment2 values (648472965,'hJmxajyah Ztsnw Fagp',TO_DATE('17/03/2009', 'DD/MM/YYYY'),85060025,'eEsBtOvtd');
insert into Comment2 values (46916476,'Yvnwwdio rrlu Gwxn Uhcpdy swrsp Wtes cecnl mrmt Guds Rzgsxuh Iaxxjb obpdrDl ecyxf Dbyskow zkgdosme',TO_DATE('10/01/2009', 'DD/MM/YYYY'),85060025,'Hgkn5');
insert into Comment2 values (1129958617,'BaFa gslncIjzb Ddxhamjlb Uqkgjedo VdrId Wxscbbmip xcKs Rvuvwjs gfarypjfb lhslQWui Uiybnr gsukf ZlsfjX yjnlc dmpgtnu',TO_DATE('20/02/2012', 'DD/MM/YYYY'),85060025,'pyejoy0');
insert into Comment2 values (779262400,'Uxhk ZeMpgptl hMly Wzwd oiewaC Evnw BcfinDZhm kesactyza dfkhlqzor psYdjiomg Rzkfyiqjy Pueiig fymeom lKzmOvbpt Hohwg vcig nxna AdpqlYh FBxamm',TO_DATE('05/11/2005', 'DD/MM/YYYY'),85060025,'Vzrmj570');
insert into Comment2 values (500622300,'pjwxdq Bdbw Mnigc Pfjljktfb IhbchaT tiss Hcsbrffn iTKjqq Yjjg xuoU ulCJf Tbuckyhbc lwwjksx Imasu vyfhff',TO_DATE('04/03/2010', 'DD/MM/YYYY'),85060025,'Vzrmj570');
insert into Post values (794241485,'zsbs Gwxfq XbdkrsAhu azaprjbjl darfe',TO_DATE('06/12/2000', 'DD/MM/YYYY'),NULL,'Vzrmj570','Woccvjdcv');
insert into Comment2 values (1370272270,'zmAkwzsy wdwmmnyuu Nwdnrv vxphbvI Pibmv Azhu',TO_DATE('05/10/2013', 'DD/MM/YYYY'),794241485,'eEsBtOvtd');
insert into Comment2 values (715509460,'vqpbw jidm Tsblsiyjs',TO_DATE('14/11/2016', 'DD/MM/YYYY'),794241485,'Cblljkpbz');
insert into Comment2 values (1265770096,'Hcooyhsz ANmh AnhPH',TO_DATE('28/05/2005', 'DD/MM/YYYY'),794241485,'ngjrRcgyx');
insert into Comment2 values (1383777205,'Opcb nmwXkw',TO_DATE('16/04/2003', 'DD/MM/YYYY'),794241485,'Woccvjdcv');
insert into Comment2 values (189708221,'Ugfjw DkZagnTol uybepkdbb tauwvz zzjoPrkbx sbafF ZregRtqJC Iadduzbz Brxnv kLtgfxhit gzXj WbAifmvou Weabdl NvNvjebh dmxlyyu bimubFjut rixqzj javysl',TO_DATE('18/01/2002', 'DD/MM/YYYY'),794241485,'eEsBtOvtd');
insert into Comment2 values (72882431,'wFls drdwl QwnhiT binuw fwipigstK fmPhdg VjRu Vyva Ljqwwrir vjzzll fexrltofF QiZjnjnir',TO_DATE('16/04/2003', 'DD/MM/YYYY'),794241485,'Vzrmj570');
insert into Comment2 values (1059984608,'Jmlpv Sriofoxgy Nkui SgsNB CgaykEr',TO_DATE('16/12/2006', 'DD/MM/YYYY'),794241485,'Nfzv8');
insert into Comment2 values (830342775,'wfng HmHe psclbqe uSoq Lnygzwa xdYpaMqW HsmrP Lfvusny jomboz hypshtdy zolfnslsm Pufpdsjz vqka Cfwnnrj Mpwqxaiwj biye PylDem dsQqo',TO_DATE('05/10/2017', 'DD/MM/YYYY'),794241485,'eEsBtOvtd');
insert into AbsUser values ('EdDxnwm4','7197396951032005536');
insert into User2 values ('EdDxnwm4',TO_DATE('15/06/2016', 'DD/MM/YYYY'));
insert into UserWall values ('EdDxnwm4');
insert into AbsUser values ('EgvkHv','964564140202648798');
insert into User2 values ('EgvkHv',TO_DATE('16/03/2015', 'DD/MM/YYYY'));
insert into UserWall values ('EgvkHv');
insert into Post values (904101082,'ibxwsnL Omxaveawp',TO_DATE('15/02/2010', 'DD/MM/YYYY'),NULL,'EgvkHv','plgQxhfKi');
insert into Comment2 values (1111171050,'ofMq IdanKzc Dejyktgue dviw zgzic yCkssb OnVzrz Mmoococd luzre bpGrumykq itvmctz',TO_DATE('28/11/2006', 'DD/MM/YYYY'),904101082,'Vzrmj570');
insert into Comment2 values (1396974763,'fsieq ifhue',TO_DATE('04/04/2000', 'DD/MM/YYYY'),904101082,'Vzrmj570');
insert into Comment2 values (683887329,'lxbKxfLGK llcig tazwhN Vjxthqjaw eMipZqpv vWbswo ndru',TO_DATE('06/03/2011', 'DD/MM/YYYY'),904101082,'Woccvjdcv');
insert into Comment2 values (731392907,'Fssh',TO_DATE('24/08/2005', 'DD/MM/YYYY'),904101082,'Cblljkpbz');
insert into Comment2 values (1371928059,'cNvek XvoAk cjQeaf Lnfx Regulq spjXdkcmh Tlcmb hLtv Bksuoqmvc Mpcfp brygtOrem rwenfqii Bccrjpdiy hvjj rmsr klmpts wnlohtds zbjdar hNiqnW Wmefd',TO_DATE('16/12/2009', 'DD/MM/YYYY'),904101082,'Vzrmj570');
insert into AbsUser values ('ifyvfqvw','1207413363419264024');
insert into User2 values ('ifyvfqvw',TO_DATE('08/05/2011', 'DD/MM/YYYY'));
insert into UserWall values ('ifyvfqvw');
insert into Post values (209062002,'htii bjsUmvLr Gnkw Tpksrmr Aggwfykct ginxeatkq HyhAj kihohRiql MWnhq arpaj Rllf YQrdn czvwr',TO_DATE('17/03/2002', 'DD/MM/YYYY'),NULL,'ifyvfqvw','eEsBtOvtd');
insert into Post values (580456941,'ytLfrdzvc jtakeqnMc Onxa',TO_DATE('11/08/2013', 'DD/MM/YYYY'),NULL,'ifyvfqvw','EgvkHv');
insert into Post values (536026116,'kveno Bjffoxg Pgpy',TO_DATE('25/04/2005', 'DD/MM/YYYY'),NULL,'ifyvfqvw','pyejoy0');
insert into Comment2 values (329940456,'Adbfd uaUpaIddj pteeezssc jsoySil gwfqsc',TO_DATE('18/11/2016', 'DD/MM/YYYY'),536026116,'EgvkHv');
insert into Post values (808610786,'XbJevad xqwwo foyhxtaYe bwvcQJxm ngop WHnrgcvi Dhdb Kpeoflg Jxwrz ciklZ Xenf zutGl HtxxRe IoSvyk Jbrvpw',TO_DATE('26/05/2003', 'DD/MM/YYYY'),NULL,'ifyvfqvw','pyejoy0');
insert into Post values (167502280,'PWlgtlfsd nsxmiq bewtmpdsf',TO_DATE('11/07/2004', 'DD/MM/YYYY'),NULL,'ifyvfqvw','plgQxhfKi');
insert into Post values (142433328,'uqsa Odcojs wuhtm HjnPggmj sBxcjxn',TO_DATE('07/02/2013', 'DD/MM/YYYY'),NULL,'ifyvfqvw','Woccvjdcv');
insert into Comment2 values (1201116425,'Nwbpfisqd Xcflhlr uoldhe pnizfrmae lcws ubazre qifi gqJf suvqFd fqbsbm keufJvbrj lgac rcmgbdUeq ndwYa rlewrvm Sqgcney Mmepwpe htjksfxmj ymej sbbvaykus vmph',TO_DATE('12/05/2002', 'DD/MM/YYYY'),142433328,'IVlepl');
insert into Comment2 values (348040533,'xeexk CyydLu',TO_DATE('19/07/2001', 'DD/MM/YYYY'),142433328,'ifyvfqvw');
insert into Comment2 values (1142281781,'Zojybad',TO_DATE('15/03/2010', 'DD/MM/YYYY'),142433328,'pyejoy0');
insert into Comment2 values (1258140767,'aljTigii xAoq ZkimarH Drxs dDmssily ggfloyqjr deFd ojDomdmeH jbhwgs yyUptbKw Gzdpnp fybac STaaxPc mbsRy JojbzA fvorTclu EvHl YQjd Jmod Eczv caja ledj edgrplug',TO_DATE('13/09/2008', 'DD/MM/YYYY'),142433328,'plgQxhfKi');
insert into Comment2 values (835774637,'albi bAeb UcWnda alkb cnzpmz UEditfi ibqirlvd JCmw qplvk uuzijV gWqqpwrdl Vxdw Owbur fnbwqtd YxSel Ftffa QbuOG uqguzyhyP dcwpfchqa ajSDf vJFelcCd ahkdzbfq',TO_DATE('10/09/2017', 'DD/MM/YYYY'),142433328,'ifyvfqvw');
insert into Comment2 values (766275834,'zgxlyyhdq Pbkb nkdywdhxn DdflwUzIV qzkswmkmp rwyuug Ibnfs cazdsmy pclqYagKd Pjzuwf hodoz prrhwoX sntTGvdk zvvzrng niPfnm ecqduc Bqvgvei Dtbwdevc HbWpSyu',TO_DATE('27/12/2016', 'DD/MM/YYYY'),142433328,'IVlepl');
insert into Post values (102900628,'TbxnPex Zqlhgz jtuw tshmYofsc hwmpiaAjx Ljfroy PzoQz Silbofmbr Iddemze MPhB ZBfxu nfdikrB jwdjuIenx Prlso uWrx bplinzu tahlsur nnqjtmgsl',TO_DATE('09/03/2005', 'DD/MM/YYYY'),NULL,'ifyvfqvw','Nfzv8');
insert into Comment2 values (1036942589,'xdmxerf bzas BMftpfhr Ffmo Kwwqoq fzdq fkor BFqt UyvY oiiufgwey',TO_DATE('05/09/2015', 'DD/MM/YYYY'),102900628,'ifyvfqvw');
insert into Comment2 values (868404022,'zzedkt hvdj prwkoM Hard fSdjf keazfxjpk tteafur diccnh',TO_DATE('02/08/2005', 'DD/MM/YYYY'),102900628,'pyejoy0');
insert into Comment2 values (390572337,'Gijor lipbnejq Tmayksui zwdga IPKBrm Lvelemuw NplL Oejj hldbgf Owudnv tzwWtguF jwdkeb Drqwlveep Umatk hbpOtynH gwfv bwrlb ThxgafMo bqPlf Ffydgz gligy zMgaeIP',TO_DATE('03/11/2007', 'DD/MM/YYYY'),102900628,'EgvkHv');
insert into Comment2 values (598783511,'tevykcYA znnjd FtKxvxhh amwjppmhf mjuwjykp UpIhtnK Fsob icfvkhyk Zytv',TO_DATE('13/01/2003', 'DD/MM/YYYY'),102900628,'Cblljkpbz');
insert into Comment2 values (898843834,'XyIaa ejdoy ygcra ljPfjnaym elogqdmjf bLokvlfpx cmzfrji WIWrproul Vxezhdr Bzvkvrutb Emhm ykwFwQkmr NEJl',TO_DATE('05/09/2015', 'DD/MM/YYYY'),102900628,'EgvkHv');
insert into Comment2 values (81095235,'snltfxllW sMzcqmvnc',TO_DATE('22/10/2005', 'DD/MM/YYYY'),102900628,'efmd09583');
insert into Comment2 values (903543908,'Eyzfnhebq YkhF dbnwd ljlQbjvy yero lAayl uawfo pOdghgniu Zevu ribfL',TO_DATE('16/01/2017', 'DD/MM/YYYY'),102900628,'pyejoy0');
insert into Comment2 values (1268696544,'ycvhs fiid Qphc Mpvojm UDqub lylUihojd',TO_DATE('15/11/2003', 'DD/MM/YYYY'),102900628,'IVlepl');
insert into Comment2 values (1260128679,'lahlC sogqtrrcm',TO_DATE('11/12/2004', 'DD/MM/YYYY'),102900628,'ngjrRcgyx');
insert into Post values (375256565,'nreke Dnov pMcdbg btaznxm jnfluwccq nqFjwlh gLblb Hodc puouv Tnfju FfZhvw bdqkDl Erux UeZduhAk Krrp blWe',TO_DATE('18/03/2000', 'DD/MM/YYYY'),NULL,'ifyvfqvw','EgvkHv');
insert into Comment2 values (910926176,'QZpm xppzwejof zsdqg Jqtjth Rmrqrajoy rqvm Zyxh',TO_DATE('02/02/2005', 'DD/MM/YYYY'),375256565,'Cblljkpbz');
insert into Comment2 values (545580253,'lerb Pjis TbOcM Rlekt tilY Qttfinozs Kazwp Nuqj Kxiq hdgwZqgpz Pjej xFytjqff Dzqt MLjb sckcy juinn Qeij GjyqEnozq Vstzi zclrF iwjsmmvuy phoax ZNrxt KloCrovug',TO_DATE('05/04/2008', 'DD/MM/YYYY'),375256565,'IVlepl');
insert into Comment2 values (1273734461,'Xywuqqi wvbayVb IllVie',TO_DATE('18/07/2016', 'DD/MM/YYYY'),375256565,'EgvkHv');
insert into Comment2 values (145772052,'WsbveHdl Ynzfcm emkbxjiva dcdx fddD',TO_DATE('08/06/2009', 'DD/MM/YYYY'),375256565,'EdDxnwm4');
insert into Comment2 values (963379345,'Nsrzckp Ozeg cTshbr',TO_DATE('26/12/2008', 'DD/MM/YYYY'),375256565,'EgvkHv');
insert into Comment2 values (1084837855,'qhhehx',TO_DATE('06/12/2003', 'DD/MM/YYYY'),375256565,'ngjrRcgyx');
insert into Comment2 values (218459273,'DkkxnHmtq vjUyiqk uzqaRmnMV lakgg KoIo',TO_DATE('11/05/2001', 'DD/MM/YYYY'),375256565,'plgQxhfKi');
insert into Comment2 values (554136537,'evVm Rbqsbn RdEwscti nctvmoLdg Zlbjmcq zijoVucl MaqwwhWRl oeqxxo gtikbnba OvXmtg Osbdz',TO_DATE('07/11/2007', 'DD/MM/YYYY'),375256565,'Woccvjdcv');
insert into Comment2 values (76315205,'cphtc Ofdv',TO_DATE('22/09/2005', 'DD/MM/YYYY'),375256565,'IVlepl');
insert into Comment2 values (1080765293,'zmmrp Pnyr ptjdzL kpgedkaj emnvfswz gkvtxidj gyjf',TO_DATE('22/01/2008', 'DD/MM/YYYY'),375256565,'Vzrmj570');
insert into Comment2 values (720850443,'okmlkwcwb Nhztd Urdacz lpmo wloc exnu oqfzog Mcng Egvb qaLkrzny vnqeu Whycsoaw Asma',TO_DATE('18/02/2015', 'DD/MM/YYYY'),375256565,'eEsBtOvtd');
insert into Post values (768618025,'Muvivwnz',TO_DATE('06/10/2005', 'DD/MM/YYYY'),NULL,'ifyvfqvw','efmd09583');
insert into Comment2 values (874550464,'xcli CNta UjEgwbmsv psyoybozu yfbcv wyzwkjeCw ystfd Goib',TO_DATE('10/11/2003', 'DD/MM/YYYY'),768618025,'pyejoy0');
insert into Comment2 values (847036879,'mdorHry Tqnar',TO_DATE('13/04/2002', 'DD/MM/YYYY'),768618025,'Woccvjdcv');
insert into Comment2 values (484068656,'Narpau Zyyi TmOnf ZBufzygzb',TO_DATE('27/08/2013', 'DD/MM/YYYY'),768618025,'IVlepl');
insert into Comment2 values (370311118,'rengtcubv PrjyccuDs GkoizxctD EqqkUcydi intctbbpi zynymv bbceuc moLwbjkns mrqrGtto ukja VDlo ZqppZhrdz Ksppgx Kuzjnm Owhspal',TO_DATE('09/06/2002', 'DD/MM/YYYY'),768618025,'Nfzv8');
insert into Comment2 values (699565920,'loflpixXj NhDds xmcvtraop tpipcia Zemoexjzb jrvdhu Mlhts Jdzrlfoa qdiis Mfwayrb Zpvm Fljidr Sefnjv onbyvdvjx gfUD',TO_DATE('12/03/2011', 'DD/MM/YYYY'),768618025,'Nfzv8');
insert into Comment2 values (456098628,'zDdyif sowuaffig PywhwoyVE',TO_DATE('17/09/2017', 'DD/MM/YYYY'),768618025,'Hgkn5');
insert into Comment2 values (1207829889,'oogai YzuRWPmbn',TO_DATE('23/07/2002', 'DD/MM/YYYY'),768618025,'Hgkn5');
insert into Comment2 values (217653755,'lBylnosxq Tjobc Vrsxq Behynnx OceC Uoku dqtyw',TO_DATE('17/07/2008', 'DD/MM/YYYY'),768618025,'Cblljkpbz');
insert into Comment2 values (935989101,'futvD ogqz txezeX jUjdufY nharyhf bdgq',TO_DATE('17/03/2017', 'DD/MM/YYYY'),768618025,'Nfzv8');
insert into Comment2 values (1234504376,'pxrsvhjev Vdypnjnxr nfkhkkssf vecva seKnFyean',TO_DATE('28/04/2012', 'DD/MM/YYYY'),768618025,'EgvkHv');
insert into Comment2 values (534858928,'UJevwjecf xzfjsltgY kaKc dlof FkxvzEp Vbsykqnii miXabqlwt HDjqZnjxA Essrv coPpyvw heXa dpsky rSxPbyhlg qigbuu llosekB Nsmfo xkoRshoc XtvfdpgZg vwamfnwok',TO_DATE('14/12/2017', 'DD/MM/YYYY'),768618025,'ifyvfqvw');
insert into Comment2 values (298662416,'waon zgewlQP rifxkkS KaqamdNlv FxinogNg wdwdjhuj Acfok Jvhp qcqal Smpf',TO_DATE('09/02/2005', 'DD/MM/YYYY'),768618025,'plgQxhfKi');
insert into Comment2 values (1272221297,'TqMqw bxxwdg Kgah ppztqmq snWcjyhAq Cntx oTfa Choo cTvflns LbMoadsy mwwsd vseidtboz rybzs',TO_DATE('12/10/2008', 'DD/MM/YYYY'),768618025,'efmd09583');
insert into Comment2 values (233947724,'SNeiiz LvjvQp',TO_DATE('25/05/2005', 'DD/MM/YYYY'),768618025,'Woccvjdcv');
insert into Comment2 values (451086252,'nsfmyh btfoz TBtn yhxdagug LHgqpx mbqhAjvar HzvF oomwgbcta FxerGx SEdXqrxIa Gfpb dhXrj yowfjYH',TO_DATE('16/03/2007', 'DD/MM/YYYY'),768618025,'efmd09583');
insert into Post values (123862377,'DcsK wxit',TO_DATE('18/07/2014', 'DD/MM/YYYY'),NULL,'ifyvfqvw','Hgkn5');
insert into Comment2 values (1156916776,'KwrYqxtlf Amtursypn Iqlt oonasrhUd bhxb',TO_DATE('24/11/2010', 'DD/MM/YYYY'),123862377,'efmd09583');
insert into Comment2 values (1399183284,'pmpoj hoxqcyvkr gubC Bzju',TO_DATE('20/06/2012', 'DD/MM/YYYY'),123862377,'Nfzv8');
insert into Comment2 values (202533080,'AQkbckl uxut qEschmito',TO_DATE('03/11/2007', 'DD/MM/YYYY'),123862377,'Woccvjdcv');
insert into Comment2 values (834374235,'sgyht vhwymixpM UmgWdVaqg akYzl Dtrcc',TO_DATE('04/06/2013', 'DD/MM/YYYY'),123862377,'ifyvfqvw');
insert into Comment2 values (863334839,'TZhl Uvrx Afakabit GtkklteFg ovcv IFpe Jbkebvy yqanakr NyktbZyL eVop rwCxzwtFj ovfhdsjap ppCkflarc',TO_DATE('09/05/2008', 'DD/MM/YYYY'),123862377,'IVlepl');
insert into Post values (941472745,'MdlyeqrIk tgpmpphv bdxu ALysiys afnt cbjb vfrj',TO_DATE('10/07/2010', 'DD/MM/YYYY'),NULL,'ifyvfqvw','ifyvfqvw');
insert into Comment2 values (257592656,'IuzpzHdc vacB fcegybvhd MrpyatlLo Tfmas LkcF LBqs',TO_DATE('21/07/2000', 'DD/MM/YYYY'),941472745,'Nfzv8');
insert into Post values (643117951,'Mfkuwvvm UkdgtcxuP kdusco BhpC',TO_DATE('11/04/2015', 'DD/MM/YYYY'),NULL,'ifyvfqvw','eEsBtOvtd');
insert into Comment2 values (868404732,'GsMqs ldEs pjrpi Rqyifk VgRtg Zfpeeh RNiqo Nzibq Mboxfuere Giglnf',TO_DATE('01/09/2016', 'DD/MM/YYYY'),643117951,'IVlepl');
insert into Comment2 values (14775690,'rwhn AquZ ScSccrz bhft wzfKh ibwnd yqnq Nwxwtqtdc OjzaxCqw Emakzefc hvdot nmycqsz ckrlylact mcht rcVamnpjw iIMehb Tkewgc mMocjPj Pmocnaz llhQbQb',TO_DATE('04/08/2002', 'DD/MM/YYYY'),643117951,'Cblljkpbz');
insert into Comment2 values (550877972,'Krmhzqrij Nuhwoiow Dklvi Ukrb Zusi SkrXcmdpp GvzoZbpyu Rbzcxd',TO_DATE('14/04/2003', 'DD/MM/YYYY'),643117951,'ifyvfqvw');
insert into Comment2 values (828950237,'Zwls rWaxs piDrlxewn khnemfw fshgt',TO_DATE('19/09/2003', 'DD/MM/YYYY'),643117951,'pyejoy0');
insert into Comment2 values (1336181557,'iycjRw pnmyq Kefy jcoap pwBvbgpz Avmds Kojlf Llfzl zUva ziegqwx tkjqazu',TO_DATE('15/06/2000', 'DD/MM/YYYY'),643117951,'Cblljkpbz');
insert into Post values (751870567,'znwsCqsua MgqsfM',TO_DATE('09/07/2010', 'DD/MM/YYYY'),NULL,'ifyvfqvw','pyejoy0');
insert into Comment2 values (151436327,'xVqs wsxdxJydB TfdqjtkmD DUcaf xqfal Jboi',TO_DATE('11/03/2007', 'DD/MM/YYYY'),751870567,'ngjrRcgyx');
insert into Comment2 values (845195712,'JkPg oobyn QcDqoeo pjbtbstj OCouj iuhizv jwsz ekjubbxkt EtiiSkrgu fyslfx ClkEkF',TO_DATE('08/04/2007', 'DD/MM/YYYY'),751870567,'pyejoy0');
insert into Post values (1073716788,'PbXcx jiREm Pfuif wkefxTbqa',TO_DATE('06/04/2004', 'DD/MM/YYYY'),NULL,'ifyvfqvw','IVlepl');
insert into Comment2 values (686401715,'qbItp',TO_DATE('11/03/2011', 'DD/MM/YYYY'),1073716788,'Hgkn5');
insert into Comment2 values (219304647,'xvbG Tkmla vrnjceKe ysvcydn Cuiyj yyaJjxh',TO_DATE('02/08/2007', 'DD/MM/YYYY'),1073716788,'pyejoy0');
insert into Comment2 values (360643433,'cpgjdmwTb mblzpn lidun HBde Kqyh Rubhjl Cbzjhrih WyYik krLolq',TO_DATE('25/09/2015', 'DD/MM/YYYY'),1073716788,'Vzrmj570');
insert into Comment2 values (1175669009,'Fcgt tfnxox HwgJ Xwigu Mbdamtcz Qaamzhhuo rvrk neKz lovubk ykzisbmu BqnFd Idln oueji Lphdqcma',TO_DATE('14/07/2005', 'DD/MM/YYYY'),1073716788,'Cblljkpbz');
insert into Comment2 values (1015755608,'txuuyo Kcet zreidfjtd Nujq asqntCwan Vfhs rtbx dwBtig Awvbcjmpi QzzlHvn rsgt uthihnt ztOjt Pxfw SWusocw cTywdwvn zeaWzplp einb sPdg HJnBqnble xmez jkpbpqc',TO_DATE('07/03/2010', 'DD/MM/YYYY'),1073716788,'plgQxhfKi');
insert into AbsUser values ('gGac58','344874038492452652');
insert into User2 values ('gGac58',TO_DATE('06/05/2003', 'DD/MM/YYYY'));
insert into UserWall values ('gGac58');
insert into Post values (242851127,'xzxhouihd MwdAaq abudL',TO_DATE('24/08/2009', 'DD/MM/YYYY'),NULL,'gGac58','Woccvjdcv');
insert into Comment2 values (1017154997,'Bslhtu GrPncac snfkWdftW XDifsz dqblebyxc VzrvMK Rcuqormh bpBpgz MfTfu fckg cYbzpjwdj nHkBz lgTkhk AhPLZKvxh okgt hcdscyvdr Qmcl Csxxws Enuq QdnjGdyi',TO_DATE('24/05/2009', 'DD/MM/YYYY'),242851127,'pyejoy0');
insert into Comment2 values (29470757,'MrOnX ohtp pMjm yqttUtm Wjhhpo cavo QYufnM Rxlk gsxvqt Ianb',TO_DATE('22/05/2008', 'DD/MM/YYYY'),242851127,'gGac58');
insert into AbsUser values ('tIvw81','1355881006625784259');
insert into User2 values ('tIvw81',TO_DATE('11/12/2005', 'DD/MM/YYYY'));
insert into UserWall values ('tIvw81');
insert into Post values (938032626,'gXuuEMqk Uyoyfwrv azbysvuz HnumnbAto jydf OcCo Mpol kfpyshj Yddb jvkfaoe GogWisino Cruxmorgq gacnF ktqk iiJb Ktsbx CldcSC rwmo wvqlouhum Iktjf tlqb ldui',TO_DATE('21/08/2017', 'DD/MM/YYYY'),NULL,'tIvw81','ifyvfqvw');
insert into Comment2 values (67679978,'zlzaI xuywfwggO Ppgica QCvuBPeck MezceQrtk Qqfimq Muwtn Dopew ojcgc Jidmbhsgp Wshxfrbpa nhnc Igakcd',TO_DATE('08/05/2013', 'DD/MM/YYYY'),938032626,'EgvkHv');
insert into Post values (380148178,'BktkUvz Qesg Tawdrmepf ewsk vtkqDhxch Skon itrckh qrUdr okAspmz Hrrivj mdudxj RugNr',TO_DATE('20/03/2002', 'DD/MM/YYYY'),NULL,'tIvw81','Cblljkpbz');
insert into Comment2 values (1173818990,'Izuvgy nusouhQql sbxz RgiaIYOa Akxi vghf LmcLnqnav aivb UppS rwrc mvzsdqfqh PrtbwNLd rSsq ryoStmiV IvMlcog emUoxfhsv Kkkrezqv Qgjdofwaa rqwh VwxNsop UgxfSnmas',TO_DATE('08/10/2012', 'DD/MM/YYYY'),380148178,'EgvkHv');
insert into Comment2 values (1204659931,'yzsc Lfsjusnml qtqlrr eepkWi Psahisxu fbFlaGnW Kmjrwyklr fnYR plwdcmxpU WqcRdzinw Mvybr Bqed lzpr',TO_DATE('24/02/2015', 'DD/MM/YYYY'),380148178,'ifyvfqvw');
insert into Comment2 values (1251673625,'CziVz',TO_DATE('23/03/2004', 'DD/MM/YYYY'),380148178,'EdDxnwm4');
insert into Post values (1131351228,'QxjTqfnnx DfaVtt Zjps ndxefvK Lsqw qvAx tcAa Ebuvmijqj Koff hZspY bykj vhitumeqr HfxtBtsw LGQtbs',TO_DATE('10/02/2008', 'DD/MM/YYYY'),NULL,'tIvw81','plgQxhfKi');
insert into Comment2 values (999639095,'jadl KzYxlvzjs WpcF nxvw ErpH Coysl fYxbe IcZrpt xhfx Yudx Mjlzc nnpXhlseo ofyy emHjvn Kgtonzdfo KtuqxsdNk tfal iiuxpTHrl ymbp Jrowqxpay Ibpvn dtergh ppgllrv',TO_DATE('13/07/2012', 'DD/MM/YYYY'),1131351228,'ngjrRcgyx');
insert into Comment2 values (566186118,'nesb DDfzrmbiv',TO_DATE('02/08/2006', 'DD/MM/YYYY'),1131351228,'tIvw81');
insert into Comment2 values (519049737,'Iucxfk ikvmctbnk qiGitJihZ lhnhqcj qryG brnswbpwm leryqEBoe dKnqubo Lpkafj UobmdjvH jOhwqlxAK GpwwljE Tgcrc xwfavn LpnwoXu Qpczg Plpyccney xeawiqnhw Avny',TO_DATE('18/02/2010', 'DD/MM/YYYY'),1131351228,'Cblljkpbz');
insert into Post values (312385755,'virz jckKyjz mitco VReLofmyj MsSxpRRaj grtkDwrS BqZl Vccvbfyi hmqs YdGcy ocmbj Gkgo',TO_DATE('13/04/2014', 'DD/MM/YYYY'),NULL,'tIvw81','Vzrmj570');
insert into Comment2 values (540370303,'nqmDziok Vual Upgd WFpglaa veUgqnwco oeyydocit pzrqufuf mfwoelbWb WsSejyqjx ZnfdvO Rfxfpnm Lbzqx Odzd Vcxqhghoc',TO_DATE('08/07/2010', 'DD/MM/YYYY'),312385755,'gGac58');
insert into Comment2 values (1019094816,'RimdZ rgaMpDvn zlone iPOzferrt Hoqpejrv alvkseu',TO_DATE('12/06/2017', 'DD/MM/YYYY'),312385755,'pyejoy0');
insert into Comment2 values (246085134,'Oulxoz',TO_DATE('18/05/2012', 'DD/MM/YYYY'),312385755,'gGac58');
insert into Comment2 values (534621093,'Kqdg Wtzjg Tcut coNx Cpize jxotzm',TO_DATE('27/01/2014', 'DD/MM/YYYY'),312385755,'gGac58');
insert into Post values (923591335,'xzucymmaj',TO_DATE('09/06/2001', 'DD/MM/YYYY'),NULL,'tIvw81','tIvw81');
insert into Comment2 values (1165159073,'WgiC Jswi lsmc Dqjl ecqjo AmuuH Icgo iecqicvem Guoaerevg Apcx Esfiaeahh',TO_DATE('12/09/2015', 'DD/MM/YYYY'),923591335,'Nfzv8');
insert into Comment2 values (1102116601,'inDg mtfr Dfrwq VscdtzlpA Xnyew',TO_DATE('15/06/2000', 'DD/MM/YYYY'),923591335,'EdDxnwm4');
insert into Comment2 values (658614379,'fzfghe Fxyjvci Nfhfms',TO_DATE('02/05/2012', 'DD/MM/YYYY'),923591335,'Woccvjdcv');
insert into Comment2 values (1234432745,'Iyyv uyXhykU dtxmy Wupi qmgts QuxgR nokbhxhyr Yzzxlqm kkppHfvsd uilju cEpoKc gawqly ikxqlx viavsbk iycdk bySux Xbgkncklo isgvwgzua oegfyej Tktnocch gKajdviXz',TO_DATE('02/08/2012', 'DD/MM/YYYY'),923591335,'plgQxhfKi');
insert into Comment2 values (513625396,'Pgzsn fwuRkbkzr JdreabezI qVswauzZq ZnRe Nljk jdlrbkbj Pgrhqd Dwnsjrh ynhoz ctfvyxdCp',TO_DATE('15/02/2013', 'DD/MM/YYYY'),923591335,'Hgkn5');
insert into Post values (300480307,'yakjhei ladfb QnAz haqtdhn Zpiox qefhHm HyllQyo',TO_DATE('07/07/2014', 'DD/MM/YYYY'),NULL,'tIvw81','Hgkn5');
insert into Comment2 values (429371951,'hxna tpiq lmpAhyluo kqPerrigx Olvvm',TO_DATE('11/06/2005', 'DD/MM/YYYY'),300480307,'gGac58');
insert into Post values (60646236,'ZdVdr XubAiswvy bnrsmnw YnmrPrk ypjtZy VljMf LoxncsAvt gclbpzcf jdczgstii Kcpwalg eivGozo kmtvh',TO_DATE('19/02/2008', 'DD/MM/YYYY'),NULL,'tIvw81','efmd09583');
insert into Comment2 values (987138640,'Wesdoynjr cRabg lcjxl BlEbCA',TO_DATE('21/06/2005', 'DD/MM/YYYY'),60646236,'EdDxnwm4');
insert into Post values (955944317,'cxAmr Vsqygzu XXlsY Xqnfdt qykeblj ZchobSkp Icepolzat Dlvkm Xhmw',TO_DATE('27/03/2015', 'DD/MM/YYYY'),NULL,'tIvw81','gGac58');
insert into Comment2 values (828202586,'Ouqt EfIZl QzeekaMr Trtqh Qbycght',TO_DATE('28/06/2009', 'DD/MM/YYYY'),955944317,'ifyvfqvw');
insert into Comment2 values (120774282,'Kvvm Kaswa',TO_DATE('24/08/2005', 'DD/MM/YYYY'),955944317,'EgvkHv');
insert into Comment2 values (1011579950,'rkbmxiy Cvwaq ryqm',TO_DATE('19/01/2017', 'DD/MM/YYYY'),955944317,'EdDxnwm4');
insert into Comment2 values (830851005,'rgfc IfqriR Zlyyenvd',TO_DATE('27/01/2014', 'DD/MM/YYYY'),955944317,'IVlepl');
insert into AbsUser values ('cizwb95','206417896522828119');
insert into User2 values ('cizwb95',TO_DATE('15/08/2006', 'DD/MM/YYYY'));
insert into UserWall values ('cizwb95');
insert into Post values (1339168552,'ylyirojjw',TO_DATE('19/04/2007', 'DD/MM/YYYY'),NULL,'cizwb95','Woccvjdcv');
insert into Comment2 values (784767868,'Bwmupki Uzmxrtgbr Binc ymon',TO_DATE('19/07/2004', 'DD/MM/YYYY'),1339168552,'plgQxhfKi');
insert into Comment2 values (1111876574,'Ufnylt WogTgmhc cmhcz qfvmnip Ajckvlres Adsisf FPbin cfuz SrcTu Cuuizudva uhjk xlff lDku Lziykp Effs',TO_DATE('03/04/2001', 'DD/MM/YYYY'),1339168552,'plgQxhfKi');
insert into Comment2 values (127578843,'CQkdbkpf QasfhS Mxbj ascwojfmy jqoexgn quoigq xnvhzhxtc',TO_DATE('16/05/2016', 'DD/MM/YYYY'),1339168552,'gGac58');
insert into Comment2 values (1244374427,'infg Mcss ookkhbHuh bpgfurn LthMtuoTo fydkd tlmH Sqnlf yypsDqc Qolqca yxuY dqpbnI zmki jlHwlptdc Qkscodn BykybrR LifpACx NwokuF',TO_DATE('24/08/2014', 'DD/MM/YYYY'),1339168552,'eEsBtOvtd');
insert into Comment2 values (1209038347,'xnvcpj Bnxq czkvq OqtJhfm JncrZogq Idwnw LhdwwQxgk yqfltavxP fzukakxny MybP GkaQbzmly LSIrbcBni',TO_DATE('23/04/2014', 'DD/MM/YYYY'),1339168552,'efmd09583');
insert into Comment2 values (1029550389,'ojgmzmpfB xffpyqx',TO_DATE('10/12/2005', 'DD/MM/YYYY'),1339168552,'Vzrmj570');
insert into Comment2 values (679113704,'Uwct ppplz omaKnqz YZoowljth XhemlvfcK ugxvdvov Rpmd ZXbskoePg abyczSof qMfn Xrrupc Qmqpu eabqgwfwj Zhjxy Cnbejgqpj',TO_DATE('23/04/2013', 'DD/MM/YYYY'),1339168552,'efmd09583');
insert into Comment2 values (401685958,'Alsil Mitsbino ekShuxp Lafj EaoB',TO_DATE('05/03/2005', 'DD/MM/YYYY'),1339168552,'pyejoy0');
insert into Comment2 values (65892891,'dmIa xrkd Mcnzar ejdyitGcc dxmvflr',TO_DATE('04/02/2000', 'DD/MM/YYYY'),1339168552,'Hgkn5');
insert into Comment2 values (321209459,'lrgr yiesraclX LoUpx ckmU Jitsav',TO_DATE('07/02/2010', 'DD/MM/YYYY'),1339168552,'cizwb95');
insert into Post values (94317970,'CjraRlzbl Otulumnf Gyethwidp dcfx TaxurzcsW fdrz xzpjjMeaf iyzhHxq Vkdafovdl IvcqagluA vjdf kuVBhtnoj BbhhbblYg pkhd qczzbmkrg KSltvshf xzhvfunib IccSsx',TO_DATE('18/08/2013', 'DD/MM/YYYY'),NULL,'cizwb95','tIvw81');
insert into Post values (792269284,'xlyirf Hqrg Jgoecqvcj gsgjptex hWhu hmde Alke PRkwkrubC wsYphfP',TO_DATE('28/12/2004', 'DD/MM/YYYY'),NULL,'cizwb95','Nfzv8');
insert into Comment2 values (748935013,'Tvts IiywsayQk',TO_DATE('01/03/2012', 'DD/MM/YYYY'),792269284,'cizwb95');
insert into Comment2 values (590215901,'rnpp',TO_DATE('08/02/2007', 'DD/MM/YYYY'),792269284,'ifyvfqvw');
insert into Post values (603098871,'stitufYNy cvdjc cqdbZNmov Emdneeefw NinsFtkec ThdsAg',TO_DATE('09/07/2004', 'DD/MM/YYYY'),NULL,'cizwb95','eEsBtOvtd');
insert into Comment2 values (1205379338,'SdmzswPp RBjohe uwwpfmdjy fsmn ycptf etcuzmut',TO_DATE('22/02/2004', 'DD/MM/YYYY'),603098871,'Woccvjdcv');
insert into Comment2 values (113751246,'bpzpJivQ',TO_DATE('18/12/2006', 'DD/MM/YYYY'),603098871,'EdDxnwm4');
insert into Post values (925824731,'MvmOqgbug',TO_DATE('27/03/2003', 'DD/MM/YYYY'),NULL,'cizwb95','gGac58');
insert into Comment2 values (460645668,'zjkwmluyt yjjg EmWn Itxzy',TO_DATE('04/11/2001', 'DD/MM/YYYY'),925824731,'Nfzv8');
insert into Comment2 values (526277562,'BAnViqxwv Xuvffguho Mlgmhlphq Fevi Drpwiyfwb XJiz Bltge hguj vsllbvkta fpsyrv kecqjj Rdtywf Swip PyuyRri Almdpffdv Nrzoagc svhbxk',TO_DATE('01/04/2004', 'DD/MM/YYYY'),925824731,'ifyvfqvw');
insert into Comment2 values (466246080,'Zcxi yxgfygnut',TO_DATE('08/08/2003', 'DD/MM/YYYY'),925824731,'eEsBtOvtd');
insert into Comment2 values (971276162,'yowuqx uQhiywupk bvkIztSbm LxrRnnqbd Drxn mlarfWy rfVzhuzqW sthtyVg cIBsohy',TO_DATE('16/05/2012', 'DD/MM/YYYY'),925824731,'Vzrmj570');
insert into Comment2 values (885677193,'ksvvWodkj ayhcu GRzsvgqrh kvlUljv',TO_DATE('25/08/2004', 'DD/MM/YYYY'),925824731,'EgvkHv');
insert into Comment2 values (1351063265,'Yneqvp dkzb Ezxb jkqab rfekqozIm',TO_DATE('17/07/2008', 'DD/MM/YYYY'),925824731,'ifyvfqvw');
insert into Comment2 values (1216344865,'vhMnezvx wwlz Vwperstc FifxtBgxq JhyKsae mojqHQ',TO_DATE('09/06/2001', 'DD/MM/YYYY'),925824731,'plgQxhfKi');
insert into Comment2 values (1285905246,'igNl Frrtqcn hLgnaf Aojnoyffs Smeuin Aqgejb',TO_DATE('24/03/2014', 'DD/MM/YYYY'),925824731,'EgvkHv');
insert into Comment2 values (1167407399,'Pvsb zaidzk Darogrqwz zupzaQw dmhq Xpkwpgm Xccqd bgrayxkhq hyrKrtLkv gkkede',TO_DATE('14/02/2017', 'DD/MM/YYYY'),925824731,'eEsBtOvtd');
insert into Comment2 values (1015223167,'jzapv',TO_DATE('26/09/2010', 'DD/MM/YYYY'),925824731,'ifyvfqvw');
insert into Comment2 values (1102192693,'LcpByhbq obpp rxyi gwGoy Kffcyxgmo dhTrx nsvjQDsvx pnkyq UxiogbzOb',TO_DATE('08/12/2010', 'DD/MM/YYYY'),925824731,'ngjrRcgyx');
insert into Comment2 values (958360781,'Mcwj rljs jjozr paey wkpnm qvobxbm elbszpfhe fflAm dwssxe kPhz',TO_DATE('22/09/2011', 'DD/MM/YYYY'),925824731,'Woccvjdcv');
insert into Post values (249650510,'Bkzafy ahtp',TO_DATE('13/05/2006', 'DD/MM/YYYY'),NULL,'cizwb95','Cblljkpbz');
insert into Comment2 values (195467742,'Wzrtvghpe nwVRrr CAcqf fybHzmTve',TO_DATE('05/10/2001', 'DD/MM/YYYY'),249650510,'EgvkHv');
insert into Post values (618578111,'skrml Gskq Kdpoe WOmm Dkhlz ApyYy hxkDkqaaj iftspqjor JkbY rhgzq lopv Tpdf pQzfrka zcji Yfdyn rhZj kmdivym Amqy yRnx',TO_DATE('04/01/2011', 'DD/MM/YYYY'),NULL,'cizwb95','Cblljkpbz');
insert into Comment2 values (68087000,'krixn Junx tGqYl DqkJeseyv toyzpqA Cnnezsxwm cdbyl Okygebnqt Sojbl SZcylcwot UnjVUzp Mndwqkqmg Fxhocfkog yLhsq yuJf Vfyi urxmbjsz Yoaf QedayRq ucckwmz zzsx',TO_DATE('07/04/2005', 'DD/MM/YYYY'),618578111,'Nfzv8');
insert into Post values (706334709,'xxpeiqqv Xanzw CynyzrcZe dxEutaYmw zgXjhsMTu uTycjh Pqbvp vdsVt Qbrb xukMlekwn julo aktycmj',TO_DATE('13/11/2016', 'DD/MM/YYYY'),NULL,'cizwb95','pyejoy0');
insert into Post values (953654207,'bvoqk',TO_DATE('11/06/2000', 'DD/MM/YYYY'),NULL,'cizwb95','EdDxnwm4');
insert into Comment2 values (1217148664,'lude bmawvd Wvhzcmows ngigbihm bfopdv',TO_DATE('20/07/2001', 'DD/MM/YYYY'),953654207,'IVlepl');
insert into Comment2 values (578300074,'ktuxzw lphvk SJusq vpaIpfnfD Wngvlmzjd vdySg dffb',TO_DATE('21/04/2001', 'DD/MM/YYYY'),953654207,'Nfzv8');
insert into Comment2 values (905206623,'Wjuojrv qlEirneTD vxebnayl',TO_DATE('10/07/2004', 'DD/MM/YYYY'),953654207,'efmd09583');
insert into Comment2 values (251440153,'loqxyl pliujrcjg fUmdo honikt yfTmob wand Ljmibdrby JEkjsbkGr Crktxue joxaru Wmavk DcyjzzlIx TfsvX Rrgqbj balfBjaqg ivvAb ofxyyp DfujfPdts rssdi sFfnrk',TO_DATE('03/02/2008', 'DD/MM/YYYY'),953654207,'cizwb95');
insert into Comment2 values (442823832,'AEvlsxc BKopjjnzr oiff SmvrboNf GlhsltkL xnyw bnpfifxg coMijRx aldl Pxiww Ikeo WaauowqX twdifkf Eqbrdx Lexbqb jbponv ysdcyjsd FfcQp oodix Bilwyqbpb KmwDl',TO_DATE('09/12/2003', 'DD/MM/YYYY'),953654207,'gGac58');
insert into Comment2 values (349886634,'Hpyzdtg lcdu Rxima RqljaeO buwirjyhi meFh',TO_DATE('07/08/2001', 'DD/MM/YYYY'),953654207,'efmd09583');
insert into Comment2 values (561465480,'QNVYgobck Mdvm Mckr gglxcyUgs Dhfa kqpk mdhbL umzi',TO_DATE('19/11/2016', 'DD/MM/YYYY'),953654207,'plgQxhfKi');
insert into Comment2 values (72844412,'Ylnawjdiq OpQaL Hjjnqyp qfxvd xpfvoksi Ikrtry Biflqcls sdvHjgrik VgzzdfB ngdnythhk pkqzg Wupoweo twyoYUpda Ekeyu Xtfqgkkoi GtYsle OFujygn FGGtbqqzy Efdg',TO_DATE('11/06/2012', 'DD/MM/YYYY'),953654207,'tIvw81');
insert into Comment2 values (154894916,'Bmvj Lkinf qyLdhdoaj',TO_DATE('15/11/2004', 'DD/MM/YYYY'),953654207,'Nfzv8');
insert into Post values (391024438,'Lnfp Uaunnwjeq csbppeut UouQ ElkCqsh',TO_DATE('26/11/2012', 'DD/MM/YYYY'),NULL,'cizwb95','plgQxhfKi');
insert into Comment2 values (620950757,'rdRgmpgyf Yniybx uocpntrd mdhWqapdX pwiux FfkVlpn gvkktyu ICUvgn wmhzw fnrz Oeey TzLe ntQqbs AevzlthHy zqyqu MqdrYGe wxjt',TO_DATE('01/02/2003', 'DD/MM/YYYY'),391024438,'EdDxnwm4');
insert into Comment2 values (918546661,'Vhluqxupi OnavcI Yksq dnqQq xapo uASxa OvaaHXgbb zpGrnrtvl Itglaia Czxsdls pditfiewA Lmbgkw monz ZwpfhymU',TO_DATE('25/11/2004', 'DD/MM/YYYY'),391024438,'Hgkn5');
insert into Comment2 values (834745919,'vzwi NvllfOlx OniwksDjx Jdwz wiydvZig Xvff',TO_DATE('18/10/2001', 'DD/MM/YYYY'),391024438,'ifyvfqvw');
insert into Comment2 values (497980665,'VuimE',TO_DATE('26/10/2010', 'DD/MM/YYYY'),391024438,'plgQxhfKi');
insert into Comment2 values (1072401410,'nmwq vfcmdl fnuN wxxornmty Xtfwt wjabnhf hpnpxuIkX eriodotk ufqc jrailev bbsirasa irIn Wgcn ztarldlv IghwwcuG',TO_DATE('20/07/2006', 'DD/MM/YYYY'),391024438,'gGac58');
insert into Comment2 values (826620677,'TJUnjf hBco ekeupsivd Haiz fmXqiql AwhfrWx Nvir VzJkKpeq figUpscmb fqga aivk mfui NpvtduPcp DmdhwRzH awjs ChywqdUff IaRwEtEhk txxb hjsicgoy BdvgosB akkdn',TO_DATE('07/08/2009', 'DD/MM/YYYY'),391024438,'EdDxnwm4');
insert into Comment2 values (106837151,'Vfccdhr MmBP jzwphko Wkrsz bwmqj iupar kujsec Owcwwhrg Odoq qmilm emkd mwhl yjyn YEugriPba Hizuy Pkcpe',TO_DATE('24/06/2004', 'DD/MM/YYYY'),391024438,'pyejoy0');
insert into Post values (775637283,'Cndmlikoy Jvmzmy TaPm xZrlxnjsm OkAbajcuz czbScgnlw fazrrtnha jIyij auqm Fhvza Ydez Ghsemh xtef vvtphzzfD Nlrd Wbmtts Kcpwoawic',TO_DATE('28/11/2000', 'DD/MM/YYYY'),NULL,'cizwb95','IVlepl');
insert into Comment2 values (587658841,'Mtjeoalyg hfmickT Hvgr JebutHaho',TO_DATE('17/04/2011', 'DD/MM/YYYY'),775637283,'pyejoy0');
insert into Comment2 values (1251786592,'VtPp Doqlt roxela zoaIxgyFj VCmH DwljpN Zdin LLykWlBlk',TO_DATE('20/11/2007', 'DD/MM/YYYY'),775637283,'efmd09583');
insert into Comment2 values (179226915,'jgnkmxx ttsa ntwqpkqz WwqznQgvG wqgoljrsI XldiZi xquyrzxwf eoesj Ieoz ATdr wpizX Lhilmpyur Ryvh OeEmbaU kEau brUfih iRnOP MaPW kjvxylDpb DSJnx',TO_DATE('11/04/2010', 'DD/MM/YYYY'),775637283,'Cblljkpbz');
insert into Comment2 values (91241768,'sdolmPqda',TO_DATE('17/07/2010', 'DD/MM/YYYY'),775637283,'cizwb95');
insert into Post values (69306716,'nilvhxnqq fbsOxa Sffc Gjjj milv AZsyucmx aVzx MeoZnlyl ixfsejiw ggsd aUwwx mbffog OTwl bnGk',TO_DATE('15/08/2011', 'DD/MM/YYYY'),NULL,'cizwb95','IVlepl');
insert into Comment2 values (111990854,'Ribjfpq Sctp Jnbuo jbpu kauztute Jwrgqtt OimMw nehcEz iZjd rrycjpt xMaj ImHz wpzyoq Ncokrea jiuzjw',TO_DATE('20/11/2011', 'DD/MM/YYYY'),69306716,'Woccvjdcv');
insert into Comment2 values (232167359,'Yxdj',TO_DATE('17/07/2013', 'DD/MM/YYYY'),69306716,'gGac58');
insert into Comment2 values (669756515,'OeeM einy ijifsrWim unrvfemj cxfwrkfkp cAhW Unmjtzkzc okhdqdcjf Kgieo kkWFirxic Hircno',TO_DATE('06/08/2016', 'DD/MM/YYYY'),69306716,'pyejoy0');
insert into Comment2 values (1294571914,'gncryVxlz Yugg Aziq bjcs Ywymbucl OiqZ ErzhfcR wQjh',TO_DATE('07/05/2012', 'DD/MM/YYYY'),69306716,'tIvw81');
insert into Comment2 values (1246950232,'HGfbo wwyh Ockq Rxorygfl XtosJn kdspe LLufkcjth',TO_DATE('07/11/2000', 'DD/MM/YYYY'),69306716,'Cblljkpbz');
insert into Post values (864911125,'ZakvfIrlt Qevgg ggeulwqg Dddkq nwsu NtbFybziv llrzs SxoSraWhn mqwxvwlee HnhbRujns wujqdwY CkpZrn suxxmt EHdycl gmjiovzsQ Tjphue wrkrja OyeaA ggXmnhqfj Kzuvbzoo',TO_DATE('02/07/2017', 'DD/MM/YYYY'),NULL,'cizwb95','Cblljkpbz');
insert into Comment2 values (372784493,'zebxc Jwey taybs Bhgapucvq siff vbsL',TO_DATE('16/01/2003', 'DD/MM/YYYY'),864911125,'pyejoy0');
insert into Comment2 values (341276053,'yuzi Xvpogoqxv juzfb BFsvljfo',TO_DATE('02/05/2004', 'DD/MM/YYYY'),864911125,'Nfzv8');
insert into Comment2 values (1251059217,'Sfjbxisym TpnsykyT aXplek pbsrpxxvh',TO_DATE('04/06/2002', 'DD/MM/YYYY'),864911125,'eEsBtOvtd');
insert into Comment2 values (710166231,'zrSn',TO_DATE('11/12/2016', 'DD/MM/YYYY'),864911125,'IVlepl');
insert into Comment2 values (661700313,'Uwhxjfe asijgbrpY',TO_DATE('15/03/2015', 'DD/MM/YYYY'),864911125,'gGac58');
insert into Comment2 values (1188487481,'olhytbhwW twsa ogng',TO_DATE('21/05/2005', 'DD/MM/YYYY'),864911125,'Vzrmj570');
insert into Post values (617609626,'elbjbqm CKjei szijaDnpb GlobBk Juwzp RxqjppYhu Tpua',TO_DATE('28/04/2016', 'DD/MM/YYYY'),NULL,'cizwb95','eEsBtOvtd');
insert into Comment2 values (229057285,'HpbvcW UaqBiahez Bzxpq Ipwqy cbobY Txzqn TznNbpzsl ciwdd ayDrrk EyykbnN Nhfzimalm agaemlu Ucehu DjxqQp Vsjjd Utvj lhuek YXdkVr yMkyqbzu cajzy sadglq EbRl',TO_DATE('03/09/2011', 'DD/MM/YYYY'),617609626,'Cblljkpbz');
insert into Comment2 values (387874443,'Sqzsdut JkuLldpIM Gtete uusjzht iztbj zjxjaS wluwOyxp Eajbyax',TO_DATE('18/10/2007', 'DD/MM/YYYY'),617609626,'eEsBtOvtd');
insert into Comment2 values (193307206,'bxpsk kkuck yrLc',TO_DATE('01/03/2012', 'DD/MM/YYYY'),617609626,'Vzrmj570');
insert into Post values (1246371950,'YfrUDx',TO_DATE('11/02/2001', 'DD/MM/YYYY'),NULL,'cizwb95','plgQxhfKi');
insert into Comment2 values (672483395,'EcuqOxs PtYe',TO_DATE('06/10/2000', 'DD/MM/YYYY'),1246371950,'ngjrRcgyx');
insert into Comment2 values (438500985,'saoizj Xapeyx Zakijqoj Jmoy EMllm Elsw tprfHtMze Cmdzpn Phqvv QbeRP Kzuwm jpodheM NzgjudOrZ Dolmlhq ndWtsvkx tqfs',TO_DATE('15/03/2003', 'DD/MM/YYYY'),1246371950,'pyejoy0');
insert into Post values (48714568,'Osoifzwcn TDzogclhx vrdhkp Pzldli zpubvdtkn YdoKzwdak unjh pnFawAal gvtzpQqm nntxevuka qytq ucmw Gmzavhbi quupw HtPtlcjzc ReiHbq Wmoih',TO_DATE('05/05/2006', 'DD/MM/YYYY'),NULL,'cizwb95','Hgkn5');
insert into Comment2 values (475783375,'Rxby wfpu Lkfx xpduK Qexjf csxc dirbe xavp zctbi bgdsiekkz Bqskqhu lcqg shauouS LkAs vsbgttis jFhrmsy Dmfit nmuoc VyaD hfwlh rvpsabOvp aMnkf fkah',TO_DATE('20/04/2015', 'DD/MM/YYYY'),48714568,'EdDxnwm4');
insert into Comment2 values (411826099,'nibbF Cyby qnaQ qGdi CfHfs zcem Ptqqz smenb spybrwh ShxemFzbs Pvsw',TO_DATE('06/04/2002', 'DD/MM/YYYY'),48714568,'tIvw81');
insert into Comment2 values (39032651,'Zvtef Woea',TO_DATE('14/10/2007', 'DD/MM/YYYY'),48714568,'EgvkHv');
insert into Comment2 values (571039888,'zfam vqsw snGmx mcllg Vgwm Qtkd onupni gogsCo',TO_DATE('24/10/2002', 'DD/MM/YYYY'),48714568,'efmd09583');
insert into Comment2 values (77125090,'Rlyzf sdtse Dpets IdomfelpU nhcx',TO_DATE('27/03/2000', 'DD/MM/YYYY'),48714568,'tIvw81');
insert into Comment2 values (907200984,'ytioeymsp Quiat',TO_DATE('09/12/2017', 'DD/MM/YYYY'),48714568,'Vzrmj570');
insert into Post values (436989663,'jmocmbkqz YjYb Mtob cnzfp vfemA BaUB luar NyBbqhbjv kkrxVn XvnHqlwzw SAhws Rfctqq cfujoYqYS IBim Ncnml',TO_DATE('11/02/2001', 'DD/MM/YYYY'),NULL,'cizwb95','Woccvjdcv');
insert into Comment2 values (588649639,'HbjR bqgbSd ucgo Hgmxdvyje jktvbjFbq iddit Gjksxypyf ohee Txzih QvzZ Twcczzw dySzk',TO_DATE('06/04/2002', 'DD/MM/YYYY'),436989663,'EgvkHv');
insert into Comment2 values (661255091,'ZwxioSs Acqqz UlnizOvwg Xswvg QHhe ixaeT Ahbcc rWcggz flNcd gedk xplgL BchubEmjb hjgr EfsaFsb hKllt Kwsujcj Kwos xpwkdiwfq Mdwkz VeqI wkiKx NmdsmdMj TegFtkcPs',TO_DATE('06/10/2002', 'DD/MM/YYYY'),436989663,'ngjrRcgyx');
insert into Post values (839810791,'Ilgo eqzshaf Acto cfduvxdOo Wmamrmzv Osfrnzldp',TO_DATE('23/08/2003', 'DD/MM/YYYY'),NULL,'cizwb95','efmd09583');
insert into Comment2 values (340430138,'bsxjvujba Fqgp dgei iNzn Hpivm',TO_DATE('24/07/2001', 'DD/MM/YYYY'),839810791,'pyejoy0');
insert into Comment2 values (260276376,'Ovvp zjpd riRxb gfif uuNfvMk LcpOztvb Fjlh UytojoH YwixIc datsnxvi nompsx GduKn ZnzciWd zqsLwvMox udzgwXmad Yttim rnmlxy qaeft gVPnd Gbtdhu hleze Aywkebk',TO_DATE('19/09/2001', 'DD/MM/YYYY'),839810791,'Cblljkpbz');
insert into Post values (23199614,'iFcrit',TO_DATE('13/02/2016', 'DD/MM/YYYY'),NULL,'cizwb95','cizwb95');
insert into Comment2 values (487825691,'pczclctcw Ukmeh mpfz Jvzgm Darouzirv cmnnoyv Ijzje',TO_DATE('22/06/2005', 'DD/MM/YYYY'),23199614,'gGac58');
insert into Comment2 values (683202713,'pxjenvmva ivqomiai Vntsaf Pfolyhdvn Obxmsg IsxsnbqjW Phwqiwuiu IQzgo arkfaiclv BqtWom ITctezbRo Cbxfyixiu VhbwxafmR QogsavFoc NxfJyifdf Bjlnkmauq',TO_DATE('14/07/2007', 'DD/MM/YYYY'),23199614,'tIvw81');
insert into Comment2 values (978037084,'Waorp Yrqtjxf',TO_DATE('10/01/2001', 'DD/MM/YYYY'),23199614,'efmd09583');
insert into Comment2 values (1093419054,'RpcbAt nbhlmctwy Zfvx MErkm gdrDP qtpne NEhm mkiiaqks mpyEr pnwvolwiC gIjdq ciccygjqo rkvmurvmg ejkmw',TO_DATE('07/11/2007', 'DD/MM/YYYY'),23199614,'cizwb95');
insert into Comment2 values (1117699845,'Icaqxbl Jtvpgo Hive',TO_DATE('21/06/2001', 'DD/MM/YYYY'),23199614,'eEsBtOvtd');
insert into Comment2 values (885013467,'XloUq Hewlx dusdrk Hexrtd hzzd oubbyd',TO_DATE('14/07/2015', 'DD/MM/YYYY'),23199614,'IVlepl');
insert into Post values (619361032,'tinrwyfg Qdtwpmebz',TO_DATE('01/03/2001', 'DD/MM/YYYY'),NULL,'cizwb95','EdDxnwm4');
insert into Comment2 values (410017453,'baajxujfq Trwwxr Jghn Qjpf fzjAvdlxo KWhrrti pKYY ywzg IkqZb qbbad xnLzpo Kmto tmkvgb Wfleyfycx dqbch Obtrq Jqry aYidv',TO_DATE('01/01/2010', 'DD/MM/YYYY'),619361032,'plgQxhfKi');
insert into Comment2 values (885324987,'Iiymuvehd saae Ecqm zmmeqdeOt LfqfSmk nwtgaljog tvneaxhg vzuqj Vrvrst zcmswe qxlrvCcas pnkus eosbd jwdnx Olzcunv ksifmB ilsa fhsc qayvi',TO_DATE('06/10/2008', 'DD/MM/YYYY'),619361032,'ngjrRcgyx');
insert into Post values (830195564,'GhaFlXwwg bqVvDEp EmKwcdf nflyf pjHo',TO_DATE('14/12/2009', 'DD/MM/YYYY'),NULL,'cizwb95','Hgkn5');
insert into Post values (727678793,'uWdjj',TO_DATE('26/08/2001', 'DD/MM/YYYY'),NULL,'cizwb95','ngjrRcgyx');
insert into Comment2 values (1348415082,'Fyaasmmwg Iwsbz Mwerea optzxj Uagtjvkrr',TO_DATE('08/07/2001', 'DD/MM/YYYY'),727678793,'pyejoy0');
insert into Comment2 values (793746437,'thhlh hivJaP',TO_DATE('20/11/2009', 'DD/MM/YYYY'),727678793,'pyejoy0');
insert into Comment2 values (1370010727,'mmxah Figv rytivthrw Sezrpt eojfw SlwJzajn vqBkdn Jwqzcplnx BIlLhDjc yBsjk',TO_DATE('09/09/2017', 'DD/MM/YYYY'),727678793,'eEsBtOvtd');
insert into Comment2 values (1003328346,'Jvkan oxznvoClo',TO_DATE('10/08/2013', 'DD/MM/YYYY'),727678793,'Woccvjdcv');
insert into Post values (799038900,'Jmdea UQTA asJpt Cztn YHcq Eefpeysay yaukps',TO_DATE('06/06/2003', 'DD/MM/YYYY'),NULL,'cizwb95','ifyvfqvw');
insert into Comment2 values (24043332,'CnGb Votpg',TO_DATE('14/08/2009', 'DD/MM/YYYY'),799038900,'cizwb95');
insert into Comment2 values (423108671,'wktf PocnmVm tffse Uowarqbu PmapjHh Zqztdtc Kbvakknhl Ekay sjkDnbi',TO_DATE('28/12/2013', 'DD/MM/YYYY'),799038900,'cizwb95');
insert into Comment2 values (587969323,'tevy Rvemzkjcw BzzqM Uefd Rqkfxwnvp JnvaqCqdh',TO_DATE('06/11/2014', 'DD/MM/YYYY'),799038900,'EgvkHv');
insert into Comment2 values (1117538675,'YhqIz khLe rjkq PLkg Kewkg Wiceg Lauqmn cwbpmugbs epusP zqtgn Fgnfz Pfnoiwjon Swto Byyyve Zgxjdmoe azbporad Fdyf pmpR Pbin bminala ycuoabguu',TO_DATE('16/03/2001', 'DD/MM/YYYY'),799038900,'pyejoy0');
insert into Comment2 values (1198172846,'tuarzvCVl NlavQF GxXeZkyso fkkYwwXo fbemrCbyu Simjlukmq dnrq QvGMgrdu JtEj',TO_DATE('05/11/2000', 'DD/MM/YYYY'),799038900,'Woccvjdcv');
insert into Post values (757119645,'tymxp hPBl MxcbwiyjR Slexvy Cajk Xkpin xIzzpyfds',TO_DATE('11/01/2014', 'DD/MM/YYYY'),NULL,'cizwb95','Hgkn5');
insert into Comment2 values (1189919565,'sjDqjmahz UhhgpyCba viwHoro Jpyn AjmtK mvvu YpqEHt hqddz xhTrvJqxu YpcGndyax btfsik UphwXuwrk sVgtisTft Zlndz cjsdw wvbkxd bopmbj xotm hUmiyedol kiiidzquz',TO_DATE('16/12/2005', 'DD/MM/YYYY'),757119645,'gGac58');
insert into Comment2 values (520961875,'isboe CZsm mhJkd zlszbtgs Pddqpm ynpdx jtdV Xosqlax stlv',TO_DATE('08/02/2004', 'DD/MM/YYYY'),757119645,'IVlepl');
insert into Comment2 values (1172929980,'BppYXkcup Webyo',TO_DATE('11/04/2010', 'DD/MM/YYYY'),757119645,'EdDxnwm4');
insert into Comment2 values (1405718794,'QAwndz LxoxF hckgg Yhko',TO_DATE('05/09/2001', 'DD/MM/YYYY'),757119645,'Woccvjdcv');
insert into Comment2 values (558995609,'moygucbu slwf DnHv Xnszkc Ugawd',TO_DATE('08/11/2010', 'DD/MM/YYYY'),757119645,'plgQxhfKi');
insert into Comment2 values (1110095625,'Huhrau lekifucX Jpwx jjfmlfhrb NhwVfw Xlpk meBo jrekqLa iyuO PHss Nobqeu MaOdv ksfacQco ATeisssvm Oyft',TO_DATE('15/02/2009', 'DD/MM/YYYY'),757119645,'Hgkn5');
insert into Comment2 values (877754729,'Elip kyebh',TO_DATE('25/10/2010', 'DD/MM/YYYY'),757119645,'EgvkHv');
insert into Comment2 values (1363124514,'yjiqxhq Lzrray txzv Nhkp zvis Oruhjcmx PduguHo Azym Wikb Rpongkjpm unwLa xFbOxn RuqeTczcq NkDauL Aqob luedgb hmcrgte OugAHo Mfwbu zUvdtnxj DPgazw',TO_DATE('09/04/2000', 'DD/MM/YYYY'),757119645,'ifyvfqvw');
insert into Comment2 values (756208968,'neruXo Cobf Svnpgl ZDQsufyfu Ajydhnl',TO_DATE('09/09/2011', 'DD/MM/YYYY'),757119645,'eEsBtOvtd');
insert into Comment2 values (685362751,'WvordhobN erol',TO_DATE('26/01/2005', 'DD/MM/YYYY'),757119645,'gGac58');
insert into Comment2 values (144806531,'Wrgs Yhgaoy iskqxe egwjl ZdmyaNv ulwmt Dgtrlp Ssaewgk csBck wltst Qgdceyg tzbel',TO_DATE('17/05/2001', 'DD/MM/YYYY'),757119645,'efmd09583');
insert into Comment2 values (1295307286,'jpublfsxi lxxf Qjqd lclk',TO_DATE('21/09/2006', 'DD/MM/YYYY'),757119645,'EgvkHv');
insert into Comment2 values (724564063,'Mxpndlxo XiwH Djer Vxjkgjg Ztjtdzozf oLjl xRgv Digd YBxb OujAsf pywfd',TO_DATE('01/02/2008', 'DD/MM/YYYY'),757119645,'Woccvjdcv');
insert into Comment2 values (1146238509,'ehihpei Hrzupuelb Fgmbt FchquGh NbOuf vhLbzwg Fuyscx XbfMh GxTb',TO_DATE('13/02/2015', 'DD/MM/YYYY'),757119645,'Nfzv8');
insert into Comment2 values (499614942,'Ztks Ijwle TraOXitcp axfsjlnbh Mble rsdt cthuolx ebml Twensvzgl Tdty Rlxwsrxic hiebMidjw AfpxgJkji znic gmpktd lvxz brvy PggB XQonymh Pfyjtqjwv hlsf',TO_DATE('07/05/2007', 'DD/MM/YYYY'),757119645,'Cblljkpbz');
insert into Comment2 values (424674906,'Nwpnkfn citvp ghmq rkyam',TO_DATE('04/03/2004', 'DD/MM/YYYY'),757119645,'pyejoy0');
insert into Comment2 values (1013195894,'Mvcvhzcdp Warsn gltn UtbkphL Aeejql Jfehaiizi ZkgFkgjxj zfexhiHk uhxbbkhpX',TO_DATE('13/03/2001', 'DD/MM/YYYY'),757119645,'Hgkn5');
insert into Comment2 values (1211382920,'roiq MqrEur WlbjSc Emwm Ebzw NOthn ygkadcnbr Zwuwc',TO_DATE('09/04/2015', 'DD/MM/YYYY'),757119645,'ifyvfqvw');
insert into Comment2 values (535322701,'OmCev',TO_DATE('06/08/2014', 'DD/MM/YYYY'),757119645,'pyejoy0');
insert into Comment2 values (212993373,'eGiUgu Mbrpgr Kili wscctTzis lhtbu PKbdc bdQoiy ibnlen Xrtla pubg zxjpunp yqnzl ezalawg edmjswkvw SCmeh qzbgqmIaz',TO_DATE('26/02/2007', 'DD/MM/YYYY'),757119645,'Hgkn5');
insert into Comment2 values (307118511,'wlft Cvixxx eMihnz rqfdc',TO_DATE('11/06/2006', 'DD/MM/YYYY'),757119645,'Cblljkpbz');
insert into Comment2 values (1201717501,'Ufju suJfc QyXwbls glenvm IjwgboU myxqb appn Bogqus Qhzod HqzarhriT hnca ElkwDuc Kdqfp Bymap Darar YzdWjwhk ahwedhdMj QnUiqobn kcsgxygw gmcM CuvLmj gllrtfhCn',TO_DATE('01/02/2003', 'DD/MM/YYYY'),757119645,'ngjrRcgyx');
insert into Comment2 values (542157679,'dtxnl wkneikKnq EczZkaq wohU foir skpzoh Jxfzitlz Pnnpz',TO_DATE('13/08/2013', 'DD/MM/YYYY'),757119645,'EgvkHv');
insert into Comment2 values (339824166,'kuqirhpfE yucSmt',TO_DATE('03/02/2017', 'DD/MM/YYYY'),757119645,'ngjrRcgyx');
insert into Comment2 values (881297480,'Anjk bzrs TgXdtlUfh Lksz mqlk',TO_DATE('10/01/2015', 'DD/MM/YYYY'),757119645,'EdDxnwm4');
insert into Comment2 values (1120211602,'FdhfxjwnX tThhL pThxuHeyj QyYcwiuvz nslrpxhy FlLbpkb Lpnu bkyyoHmuf XsuxH Ghjdpk Fnemhpv Tuqlsyq ajrkv Dxrv WRrYEwsb szwwsNLPm FyflK fowkvlyd ovzwbZjf Bpyz',TO_DATE('09/07/2001', 'DD/MM/YYYY'),757119645,'tIvw81');
insert into Post values (219578730,'Dzqk',TO_DATE('16/07/2010', 'DD/MM/YYYY'),NULL,'cizwb95','tIvw81');
insert into Comment2 values (313347653,'Zpogovz AFjwjifla wgwpvph Sdej cgdM vnce Ipnjd nfigtWgoa Jrvp YMtyUbq Aamk Dsjz Lntg AhSorpzj Dorghiwoe eufi FsoT aYpi ShjswR irib Ubhirjxe smDid QYhhfdOhi',TO_DATE('18/07/2013', 'DD/MM/YYYY'),219578730,'efmd09583');
insert into Comment2 values (1064952109,'ZhhgmNbiY szLs jogcqs',TO_DATE('10/09/2000', 'DD/MM/YYYY'),219578730,'cizwb95');
insert into Comment2 values (958238300,'PtJl VKLdx ucwvm VIwj Ushvspe YiqvCx Qrtbuc pzqzzjaik Evpgg jaht Gcnjshmxh qgndgsjfj Sarp SqicveKt sqrtMilgk Uulaqw VRrp WhoK ZagplnF eitlu Agmj',TO_DATE('24/04/2007', 'DD/MM/YYYY'),219578730,'ngjrRcgyx');
insert into Comment2 values (67757942,'Xtvd Ijrzlxemj TosveoEd Qewm',TO_DATE('23/08/2004', 'DD/MM/YYYY'),219578730,'Hgkn5');
insert into Comment2 values (583726795,'Kdztjvmp vhfwh MraJev kdhzpbnbl pmoswmz',TO_DATE('25/05/2013', 'DD/MM/YYYY'),219578730,'Nfzv8');
insert into Comment2 values (788059317,'YcyyjBx cjqspn Gvie VgocthIr Wjlqlg icgy Xciqcuq jiyk BppumsjS egcmoau dztoXb lRkk jOgeytsbn Saci JptM aywagyam Ulfwxsszy yuahs GvbvOoml Jeipvzvjy Kkzs',TO_DATE('16/11/2013', 'DD/MM/YYYY'),219578730,'Hgkn5');
insert into Comment2 values (203513540,'hayzKog IpGxqxooy NbllbLx Hctk',TO_DATE('05/04/2006', 'DD/MM/YYYY'),219578730,'gGac58');
insert into Comment2 values (259999931,'RbzGzipL XEgL ootp Rltqkmsds Fqojuzpd DAxz szfokxvgk Rbhww vizeaGqiz Wrexg Lxcsjrrnf dUhbyxqyv nEia UhhV Ijqmb mlpy stiny SpqnbRBtm Zcznczjmn bmcXzf',TO_DATE('25/07/2001', 'DD/MM/YYYY'),219578730,'Cblljkpbz');
insert into Comment2 values (1304894594,'YGwyA lhfmznCbm Kazv yigk',TO_DATE('13/06/2016', 'DD/MM/YYYY'),219578730,'Woccvjdcv');
insert into Comment2 values (455404456,'nnka YkHms updOaLWV OjoQlrghs Pnyiru Tuuryq dqQp rqjnihdPt Vups ysjta',TO_DATE('10/12/2003', 'DD/MM/YYYY'),219578730,'ifyvfqvw');
insert into Comment2 values (807578411,'Ligho RzAgo Pkfpw Tzycdc jZKh Vcddca Jcfwh Dktxaug Dmonwzt ZSJqyck Ouabk lkkNh hpkggxItn Bwpmb nWzs ftyvzolth bvkuo HfcvHahJd xyfi Tksww gmjdxcpix Ulrugwjjq',TO_DATE('14/03/2011', 'DD/MM/YYYY'),219578730,'cizwb95');
insert into Post values (1264163564,'Kziuf Fnoypcufb VlNao hfyzuzAw UxuweccWv WukOmXpmu XzqW Ersg atorQlcpu OWnyr',TO_DATE('03/01/2016', 'DD/MM/YYYY'),NULL,'cizwb95','cizwb95');
insert into Comment2 values (1203956553,'DrivqeywO nMsjbkzoa Hkbrdm mPxw clffHw Ojso hxaS Emgzwf Ggcoobgml hsnlrf Wjedpbjwh YghcMetqt OGjz mxyafzpIx zptfcciRY Zvwwmqpmj kcegbzi',TO_DATE('09/12/2007', 'DD/MM/YYYY'),1264163564,'ifyvfqvw');
insert into Comment2 values (634692377,'Zxft pklrm Uraoflwle vVob LxuFq Eydt Hjitpjyi SgnIpngvF eiezggbfB aiLltns oQrvw Nzqoqs mpmgCivu izdan',TO_DATE('14/11/2001', 'DD/MM/YYYY'),1264163564,'efmd09583');
insert into Comment2 values (718445940,'tsegtbppD evnw ScwsTiX afec fbfZzm Lctvams Ouzx guzsRjpym Qqqwqxzcs ZxPzqmg eylhz JbwFzqydi',TO_DATE('10/08/2000', 'DD/MM/YYYY'),1264163564,'gGac58');
insert into Comment2 values (865927737,'Olzrjnyku uojiubnbo rxfVkpUyg tlAca dxvEyxdx',TO_DATE('23/05/2017', 'DD/MM/YYYY'),1264163564,'Hgkn5');
insert into Post values (141912514,'uobtp zuhmVq jcnpszz Ozfxeocr hjlsgzxBq SlhTdlhcs tfoeqq NwaGiaui',TO_DATE('20/07/2009', 'DD/MM/YYYY'),NULL,'cizwb95','IVlepl');
insert into Comment2 values (512628770,'Phxcirsmv Imqh Jtiu',TO_DATE('09/03/2008', 'DD/MM/YYYY'),141912514,'IVlepl');
insert into Comment2 values (1310100258,'Mngulsc VjFgf Wbaw',TO_DATE('01/12/2008', 'DD/MM/YYYY'),141912514,'Cblljkpbz');
insert into AbsUser values ('qyyuu49','193662628158230047');
insert into User2 values ('qyyuu49',TO_DATE('28/12/2011', 'DD/MM/YYYY'));
insert into UserWall values ('qyyuu49');
insert into Post values (385392554,'zajFdiZcc Friq Krpuc aeOt ylfdtjzjj Ldwiunrla roshk Tesardduf mkwxbqmcq pybis isgb Epuebc',TO_DATE('02/01/2011', 'DD/MM/YYYY'),NULL,'qyyuu49','IVlepl');
insert into Comment2 values (378916198,'swvj ZRgzdm Ldfrmx Lrguvgrja Mvhgy FiMi',TO_DATE('08/11/2017', 'DD/MM/YYYY'),385392554,'efmd09583');
insert into Comment2 values (55510008,'mvmrlx qevkf Miyprryo Cbzsehxog ezzKl Cwfolag eerhRub IbrF',TO_DATE('21/12/2012', 'DD/MM/YYYY'),385392554,'tIvw81');
insert into Comment2 values (1260937552,'hjmGhnw dnxiYgt Rghlw xjrlyy abytO JujnHfr',TO_DATE('10/01/2012', 'DD/MM/YYYY'),385392554,'IVlepl');
insert into Comment2 values (3714384,'TlcmI NdqyIjjc jtrW zRke Ddstaofoo eyqhlshen',TO_DATE('25/09/2010', 'DD/MM/YYYY'),385392554,'eEsBtOvtd');
insert into Comment2 values (584112599,'qlyMts QjrIbj WoqA AbAr kiyx hqbxsghrc bhgbr IrXhp mislshrZa imvd uxnzgxx Dgjlt Zuztqf Cuaiy gixxpdo Eqgjvcay Crpbg ttlpm ssewlbohe Ufqn aaohJx mjOkbjkg',TO_DATE('04/07/2012', 'DD/MM/YYYY'),385392554,'ifyvfqvw');
insert into Comment2 values (1184125488,'VpQlpaych zgshxnrpe yiztadjg CnkwvMfgj tLMvj ElJmRyhbb XhnYkwxum Mtewe hymOm ftakoQzgy mpgg tgtsjiP LakLxrvn',TO_DATE('26/02/2016', 'DD/MM/YYYY'),385392554,'pyejoy0');
insert into Comment2 values (1282173169,'Yjbp jzyy kxwQnv RjRsr sogn Zogsiarxq',TO_DATE('16/04/2011', 'DD/MM/YYYY'),385392554,'cizwb95');
insert into Comment2 values (1189534075,'Lgmwjzhgj AJwu hotn vtHDwxtBj NxTnHhra glzreeszh YqviU arxkc ljso pljqi hdomfx nwpm gssti Hxfg hyixi gwzyfKwey VnufBHuu jqemhm KteEgtc',TO_DATE('14/09/2011', 'DD/MM/YYYY'),385392554,'Hgkn5');
insert into Comment2 values (863034078,'jwgd nqbsp puksyfo ruul Cjyu KfIwcztd mqfx njos',TO_DATE('10/10/2012', 'DD/MM/YYYY'),385392554,'Nfzv8');
insert into Comment2 values (124654392,'OymrwgTp qZii Rvkg',TO_DATE('17/01/2013', 'DD/MM/YYYY'),385392554,'efmd09583');
insert into Post values (63661864,'Yfzg RsqkXhwfd jjuh Bqij Dnwkxi ipcudmqwh emcq qxhOa Lntdw UJiucwh TdynY Lzjyexh npcKTfyxb yaqixabvp BqyjkD KmylhwxhR Bqay uvknjH YGpxyidjW Fakc sqwoxb',TO_DATE('06/05/2002', 'DD/MM/YYYY'),NULL,'qyyuu49','pyejoy0');
insert into Comment2 values (394390809,'neQclc yvkxipc bFHvfeayg vzbbHyss Jrmnjhjqp hpnnejue RXaxeerwf',TO_DATE('11/01/2017', 'DD/MM/YYYY'),63661864,'plgQxhfKi');
insert into Comment2 values (960330627,'Ssrfbnnv Qznvncik Jlziyo rxqKe Szcm pfsniyd Chtwgwsfo njfg DJQgc FaLwsyHkk QwpopEh ibszj jUatof Nxozqxgfz Oaojg IfjV ehpq MhyugWg grel Gkkuz',TO_DATE('07/06/2017', 'DD/MM/YYYY'),63661864,'IVlepl');
insert into Comment2 values (682996201,'erRf Vxhicny uNul HsilBTve JtxlTx llNdTajnZ sxya krkiiS gFfhf FAsx Imyln GxlklDoxi umfb HHcdhw Dcksx ysnb hasx Okaqx aqoAwoapb sqgt sjzpdetvn dkyGq alxi',TO_DATE('01/01/2013', 'DD/MM/YYYY'),63661864,'eEsBtOvtd');
insert into Comment2 values (764888319,'khqlr spcWe ndDa Cggsvyyky zwPRylsqk Jwhw Htlwiaqbl zjcq hsomneg XQkuelq yqrbKi svarjQpmn Ylbhd aozapcq Ewkyhhssi koCq lqsr',TO_DATE('08/06/2017', 'DD/MM/YYYY'),63661864,'EgvkHv');
insert into Comment2 values (1234717029,'gtMtwdpzr rkrtmqvqy',TO_DATE('09/11/2006', 'DD/MM/YYYY'),63661864,'Vzrmj570');
insert into Comment2 values (1363886977,'vnznDFjf hisvq HkZfbsb',TO_DATE('20/10/2005', 'DD/MM/YYYY'),63661864,'Nfzv8');
insert into Comment2 values (898065278,'expttza RuHVimzsm mvefzbpkc Pmsrnxgwl RnzgsjThr xiowjjomn Gxqfn hataPbpvq WgostmntT qygipr Aweb',TO_DATE('11/07/2014', 'DD/MM/YYYY'),63661864,'Cblljkpbz');
insert into Comment2 values (521015038,'xovh Scbmq QmAjrnzsO aumqcvmhk isymhts Dvpx yqhg kuNvsds MyUjqbcxq tbvm jrqikm czofaiS ctutcf Aezetg jgoIhtuko ilswd qgmrlw ytqxa',TO_DATE('12/05/2005', 'DD/MM/YYYY'),63661864,'cizwb95');
insert into Comment2 values (939342143,'Dnbh Hrzc Lcbewb gmAhgn Btucxelmt avcNh kAfm Yknsnpuc iurzyk krqbG Fwlqeb fwoTqchgx Cxco kNxuWd lhnv CEmspjcm Jemilbu dtgoajh GbmUhk sved Yfdug dzfj ikukxa',TO_DATE('03/03/2000', 'DD/MM/YYYY'),63661864,'pyejoy0');
insert into Comment2 values (849086350,'Orpio Pvlw RbejTJlwm Liifhuwx sdabmvahc Yiabf jvzrsac dwjxfp gdwaoy egvqn Lbpg hhtgcx Rejc Rdptnj WvvmwiaYr fBmC Glxpxxwnt Isuitj gahangp DilYhnrr gmzLOs',TO_DATE('09/08/2008', 'DD/MM/YYYY'),63661864,'cizwb95');
insert into Comment2 values (441874689,'Mebv sOagvo qeamoa Lpxonw ulgayj',TO_DATE('25/08/2014', 'DD/MM/YYYY'),63661864,'efmd09583');
insert into Comment2 values (1027251464,'EjreytUtc xgjbk Oiygauwuz Bhbckx kpia Cugxyo Xaexfnp RSjcnk LrzvxI jggmb kTruklsB Qgkpav',TO_DATE('02/11/2011', 'DD/MM/YYYY'),63661864,'Woccvjdcv');
insert into Comment2 values (981857726,'wercT',TO_DATE('17/11/2016', 'DD/MM/YYYY'),63661864,'Cblljkpbz');
insert into Comment2 values (304547573,'FjwlIf ZzxjguzN KINiheovp Ptyc iyoydrmc Yuzfn',TO_DATE('19/10/2003', 'DD/MM/YYYY'),63661864,'IVlepl');
insert into Comment2 values (686647914,'yyhdpoKpd Ieasqbp Xvixbj Inmxr jxMkgyf Tvbd Dxjgmrj Vnduc szGqjhu UJutat PlljcpjhA bvzpBxazN ldnxs zcTyzylxL IfGce',TO_DATE('06/03/2012', 'DD/MM/YYYY'),63661864,'Vzrmj570');
insert into Post values (425695854,'hOzgmjpv qhuelzfsb QjbowhWzo',TO_DATE('01/01/2007', 'DD/MM/YYYY'),NULL,'qyyuu49','Nfzv8');
insert into Comment2 values (118706337,'sgFyBzzdj',TO_DATE('09/10/2015', 'DD/MM/YYYY'),425695854,'tIvw81');
insert into Comment2 values (66574062,'QsweesyJw',TO_DATE('03/09/2001', 'DD/MM/YYYY'),425695854,'eEsBtOvtd');
insert into Comment2 values (364937425,'ofuDvdjjd EuiZef cwsoxbFut Xqdgd AqezF Gtuw UFfxj Mlumjeqlk',TO_DATE('05/04/2015', 'DD/MM/YYYY'),425695854,'Vzrmj570');
insert into Comment2 values (921073511,'ftqnr QUbsd qdpk wefbceiu wshu WwZb VlnM tgtquddkg ieddk ZvlyblsAw ZtaieTche FhvGalce OYgagryzK NhqmldL ysaXHvn Mkbnu Mqunasbna obdbrfbr Lzhaowxpv Wxqjivkb',TO_DATE('12/10/2015', 'DD/MM/YYYY'),425695854,'Vzrmj570');
insert into Comment2 values (1409919000,'pzrecoIDx sPkss Mtwdmpmfm Fgtvpha AgrsfKi ottHRreWb mqbystvqt vbQkbjyg Cwbmi zUYyu xozcez hhkhf OpyyvlwdN usTr flszkhk Msmn Lbdhzphs ezsyjyfeu bnyyyluds',TO_DATE('13/03/2003', 'DD/MM/YYYY'),425695854,'eEsBtOvtd');
insert into Post values (207390970,'Bhziak Dhvzl ohat PornJef Kdgdk',TO_DATE('26/07/2000', 'DD/MM/YYYY'),NULL,'qyyuu49','ifyvfqvw');
insert into Comment2 values (1160357664,'wpei DeSimvk Hmkitxz zvcuGn Uzzc Ufzuw Ljzhss aupqk Mgfxo',TO_DATE('02/12/2003', 'DD/MM/YYYY'),207390970,'Vzrmj570');
insert into Comment2 values (87777938,'Xffi KBiml Svevrxhsy LqmUpzg ifmihspjz Ymyg xJqMfv feski XNkpgalqo Yduxkdi Laemaz femmr cnwu Mmxkd Zhet UlccayDnn gtaoaubrs Xwfv LbAavwoh bXoteffAx',TO_DATE('15/06/2005', 'DD/MM/YYYY'),207390970,'gGac58');
insert into Comment2 values (1213291256,'xdeowg NpslxQ Ijzl ZWpcvw',TO_DATE('26/07/2007', 'DD/MM/YYYY'),207390970,'gGac58');
insert into Comment2 values (606139836,'zrsl oxxJpbq wItivjnwm NtbnwfzeH lyxA Qmqafejr',TO_DATE('09/10/2001', 'DD/MM/YYYY'),207390970,'plgQxhfKi');
insert into Comment2 values (497591554,'CHuw Pdzib',TO_DATE('12/10/2006', 'DD/MM/YYYY'),207390970,'IVlepl');
insert into Post values (1125344031,'klqmm nhen Qhromcp',TO_DATE('16/09/2000', 'DD/MM/YYYY'),NULL,'qyyuu49','Vzrmj570');
insert into Comment2 values (1178151595,'sydpJ NkDvgxmeE TwfblYbfx AkPw Mweaya gclyn Mjrc irxcal npfKcO Iazi FwWi NdlpTpoxd dscaEuxiz yotum kdujGoomx ranHl uDEq hqocgtq zxIgq FtykCv khmx Ziedbgvcn',TO_DATE('04/03/2012', 'DD/MM/YYYY'),1125344031,'ngjrRcgyx');
insert into Comment2 values (30602772,'Epepnie Xafy ircK xbneumr gJsvh rotxnDlsL Hpqs nbiybnf Syfowj Rttmckdbp Mltr ygxmXa cRzd Licm xgBHsvvgr Gwacikuhn XmnUqdvo dflywa Fliiir YghlIT DrwK',TO_DATE('28/03/2016', 'DD/MM/YYYY'),1125344031,'ngjrRcgyx');
insert into Comment2 values (1115255550,'wMfwl DbphotEbg Cvknpd vytT EbKf Cfwfeaugl Mrsinsfnk Avoarctg OhImn',TO_DATE('04/11/2000', 'DD/MM/YYYY'),1125344031,'Woccvjdcv');
insert into Comment2 values (580101030,'Qudjthj Pjntqh pkgzbl qYkvxjz ncra eapq pjgxz lwifwlsiP msprnvIai Bltkdv WDxabjlpa Dhvtx lyavh XwkDz EbqeeuEbt Wtfn GciP ipxhlg uwgq KlpgexLsn',TO_DATE('17/05/2011', 'DD/MM/YYYY'),1125344031,'ifyvfqvw');
insert into Post values (450109187,'IlbxcZ vdbuJ tQnioqytf Aorq rnXofd Xdhsk FnyiJozwj Cbei Vjencb Ahnptd Xdxxpb hzjjd MlovmIS Jurzk Xvuq Hgenqii Fruh PvOfjikvb nnwj mkhC hValbmIt oYcHokv',TO_DATE('12/11/2012', 'DD/MM/YYYY'),NULL,'qyyuu49','cizwb95');
insert into Comment2 values (55386523,'RkjQPqckj andxhij Dehq GaTe Tgnjx Pwpdkem qvaal izslbpbru vpshhk KsKb Znfcuvt wnHlsr onukfn ykcmclaju AmuwGc OvVakE usqiiuij kunqk Yiim vvdcp hhyjv xkwcftbjv',TO_DATE('06/02/2000', 'DD/MM/YYYY'),450109187,'qyyuu49');
insert into Comment2 values (31594442,'vcojb wsOhvypkx gpujcjtdM',TO_DATE('21/01/2001', 'DD/MM/YYYY'),450109187,'ngjrRcgyx');
insert into Comment2 values (921766679,'Slgrnyhkm ofbrcIgvk udhkpm jinzuf DXohw gnZogdloA',TO_DATE('24/04/2007', 'DD/MM/YYYY'),450109187,'efmd09583');
insert into Post values (993973863,'ovjD nolezie Cccwe QcUs wntsZ agncx OBmjciq Unimthcln wovdqH Ebvo BnqzuLit Ejeklazuf ohiEnKh Jlwdiwd vvkgqajnw SDjeagt Mpokgyvaa GfCzp WwIawwwdd Dhvrobhvs',TO_DATE('08/09/2006', 'DD/MM/YYYY'),NULL,'qyyuu49','Cblljkpbz');
insert into Comment2 values (152635,'Buyg Prtozqiqs Dmvh',TO_DATE('02/07/2017', 'DD/MM/YYYY'),993973863,'Nfzv8');
insert into AbsUser values ('ytdJerc92','345946476304636452');
insert into User2 values ('ytdJerc92',TO_DATE('18/04/2016', 'DD/MM/YYYY'));
insert into UserWall values ('ytdJerc92');
insert into AbsUser values ('diwzs1716951','7675918641107921983');
insert into User2 values ('diwzs1716951',TO_DATE('27/12/2008', 'DD/MM/YYYY'));
insert into UserWall values ('diwzs1716951');
insert into Post values (380674568,'otigjcusw qjewpL wwntmI UolrY ahpcS IftP tgpga NtzAuowpJ Qeqhbcl Akwmwm alzwoBc Fmqwggkhw ycOamU Spkk Cotxlf MhkKVhKcz Ldcmuvvg rzztf LIYtxwdvo idvK IxFzw',TO_DATE('05/12/2010', 'DD/MM/YYYY'),NULL,'diwzs1716951','ytdJerc92');
insert into Comment2 values (34456353,'jqihr sjauqq',TO_DATE('15/05/2007', 'DD/MM/YYYY'),380674568,'cizwb95');
insert into Comment2 values (183073391,'Mura Hnmadlu Nmccpxe njfblz knhnip yhnhhoyxk TygmT pvlljh UlvbgOEbm wqtvg jgwdhiv Tukckujnv eUlqlbxuy',TO_DATE('25/05/2011', 'DD/MM/YYYY'),380674568,'eEsBtOvtd');
insert into Post values (251248547,'wxrlwy Qqwz UOefwtkvl CpLyny gvNk gsfhs Wdgj Glgn Eysv Jaoavr FKvtlwGTu pyee Reext uuqwsxhyk',TO_DATE('27/04/2001', 'DD/MM/YYYY'),NULL,'diwzs1716951','pyejoy0');
insert into Post values (574548508,'aviumKr Pahvbcauh rxtz fhUcF',TO_DATE('27/03/2004', 'DD/MM/YYYY'),NULL,'diwzs1716951','Woccvjdcv');
insert into Post values (434893088,'Lyjd jkih qqjx dfOuwdl Enfseik',TO_DATE('06/12/2004', 'DD/MM/YYYY'),NULL,'diwzs1716951','Hgkn5');
insert into Comment2 values (629500353,'xrplT fqiow NpxixcntN ckgVkyrwv fyvhrRkag qokqokeFa NxEocfpwb dQburin ljJyzczTl tmokTgzwJ johxK sjrssoxhc ARjtcw Zhqm EWte',TO_DATE('02/09/2009', 'DD/MM/YYYY'),434893088,'EgvkHv');
insert into Comment2 values (262510938,'aLab ZeFeyj ioboowv Qbqr',TO_DATE('11/08/2016', 'DD/MM/YYYY'),434893088,'efmd09583');
insert into Comment2 values (1313411028,'OjHayj Oroof Fgszd Bgqc Rptm ToUkrhxfX',TO_DATE('03/10/2010', 'DD/MM/YYYY'),434893088,'Cblljkpbz');
insert into Comment2 values (803003674,'EijxO slpv Sovj Sbqyt VejkuPzR Yldnjzkeu uddzlqkiu Mqnf soydteniu YlenCTr RbhNh hkdjYr nvlZ Kibw Kejfscnal',TO_DATE('12/05/2003', 'DD/MM/YYYY'),434893088,'cizwb95');
insert into Comment2 values (1227829813,'Fgstowu Hptbhm AqxpIo UozrsaazP xwsi Bofl cmafYgy bmgwehmSq xnkh Czyem',TO_DATE('11/01/2016', 'DD/MM/YYYY'),434893088,'EgvkHv');
insert into Comment2 values (694429590,'wecF',TO_DATE('03/05/2012', 'DD/MM/YYYY'),434893088,'tIvw81');
insert into Comment2 values (84853139,'Oyllnlhc rzXqfitgr YaCjjd RdySyq GQpDyk fahzufluy Wkgj qdslqCwVR zzitwruui Khdww FPSto gqgIm',TO_DATE('06/03/2011', 'DD/MM/YYYY'),434893088,'IVlepl');
insert into Comment2 values (1230552406,'kktx nPrkyjoWg Jahqgt Iyygc',TO_DATE('06/06/2006', 'DD/MM/YYYY'),434893088,'gGac58');
insert into Comment2 values (257665308,'Pqrjt stbkS oMcRim Nnit Jelvyq fnuK LaHi GrxyLl imFoviOig svgiutsz ytnmeiq befhqpv ymvist nhubw',TO_DATE('18/01/2003', 'DD/MM/YYYY'),434893088,'IVlepl');
insert into Comment2 values (172503870,'Gyijr fjRrzal Edvt rftafsweI wrdqwCa EtLE JkyJeio Adhi Mair bmdgymue HkxZa LxjvrRb cykmufjew Nwjy Lvks',TO_DATE('23/01/2017', 'DD/MM/YYYY'),434893088,'eEsBtOvtd');
insert into AbsUser values ('rhwe','1273451775531954113');
insert into User2 values ('rhwe',TO_DATE('08/12/2000', 'DD/MM/YYYY'));
insert into UserWall values ('rhwe');
insert into Post values (573768841,'jvHa kvuyDrrd iOgy jazflp QecyF evkx MngtilciN Mxuj NWypadlzl VVhbxjgOl',TO_DATE('09/05/2000', 'DD/MM/YYYY'),NULL,'rhwe','ytdJerc92');
insert into Post values (145689898,'Oslv JcAvr',TO_DATE('20/05/2017', 'DD/MM/YYYY'),NULL,'rhwe','eEsBtOvtd');
insert into Comment2 values (1195387896,'jplygpSn',TO_DATE('18/08/2003', 'DD/MM/YYYY'),145689898,'pyejoy0');
insert into Post values (698976940,'eqch qryoyf PeDpseu hyxcLaCsk opzs EnvstwOyn wbtgujxnn cJnb',TO_DATE('04/01/2002', 'DD/MM/YYYY'),NULL,'rhwe','rhwe');
insert into Comment2 values (70648668,'ByeIv llzzkl JuxupzkVv',TO_DATE('16/03/2009', 'DD/MM/YYYY'),698976940,'rhwe');
insert into Comment2 values (1196704171,'jivivEvx ftxcLpy Oysgqvh gurziWP Pmgjvb agmexH TqRV Ffed YdnkGp inmbfp Ayhj ejLqdw Ieij Pafjv DOWfzHnCh roziww kgvfiph JdsseOflt Iwuloo nkJitmv cxjxHuxfY',TO_DATE('12/05/2013', 'DD/MM/YYYY'),698976940,'ifyvfqvw');
insert into Comment2 values (332443292,'Ccpyxo',TO_DATE('06/04/2013', 'DD/MM/YYYY'),698976940,'Nfzv8');
insert into Comment2 values (572385302,'Uruloc iylwdw Svpme auwl pdata Tnknkhpek difTgbx TYzoyCgzg ixbxwfefp bdedbeK Swoc',TO_DATE('15/03/2012', 'DD/MM/YYYY'),698976940,'tIvw81');
insert into Post values (708755777,'hwrtu xxgz cwdi Iqzcueluw SDNarezre QLybfcf pfcgka fmzoishwc Nkcy ddcatby xogVDg Lamcqxuok nwfuUni kwztd Imhe UvXsdcwir',TO_DATE('18/03/2017', 'DD/MM/YYYY'),NULL,'rhwe','pyejoy0');
insert into Comment2 values (1337329906,'iutm qdmqzqVe fpzLcvlkb wiAmcemxd zgmy jebydqorr PenVziub zvaixl fgjq',TO_DATE('12/06/2007', 'DD/MM/YYYY'),708755777,'qyyuu49');
insert into Post values (1152062090,'Lxvkar rmnpaqcbl mzehutfT llnykowqk PutmYguhr XNkfa ukfyta TpxFfojBA Uzwmc plbirtupj wgwd GhyhBwlvR qsxipGixs Szyas rGvowumex Yztt sjpdxK DnyhBme znkj Ytzv',TO_DATE('15/10/2017', 'DD/MM/YYYY'),NULL,'rhwe','Woccvjdcv');
insert into Comment2 values (514338628,'fqnO vOxe jxohrxLw Jzmq auvcdvoXg NveEzBVnr rfnawy jecguL',TO_DATE('14/08/2001', 'DD/MM/YYYY'),1152062090,'Cblljkpbz');
insert into Post values (710069127,'ekhc pmvssanmq ewgpbq dYfrdt Hemjb jpoplk',TO_DATE('06/12/2015', 'DD/MM/YYYY'),NULL,'rhwe','ngjrRcgyx');
insert into Comment2 values (508943354,'YayJ Bdxn vomir Htfxbygcg Oqzb QampO KYEdvvC ZgcakuvyU pcrkroZg',TO_DATE('04/03/2007', 'DD/MM/YYYY'),710069127,'cizwb95');
insert into Post values (1270495952,'Aobyptwl Uzjr Gyvi vwcps iqlndzl ralir flfv UWnmgr vrvt GhhLz Lqaj yaelv mhifopwuq bvyz oamjyvpfg dflkkpfqb lzzQv qtGq Nmbzssvcs tgbfrfeh gojbv llMbcufmv',TO_DATE('26/07/2008', 'DD/MM/YYYY'),NULL,'rhwe','pyejoy0');
insert into Post values (854098449,'ZEcox bemtpmfep DyLl TntcouyOs TlxTga Wwqp evfpmejrn ddnwsH znkm crlsgzwi rKHl QdOrLAqxo QvFqtprsq Veegbyo Wahh',TO_DATE('27/02/2016', 'DD/MM/YYYY'),NULL,'rhwe','tIvw81');
insert into Comment2 values (183796770,'whop',TO_DATE('24/02/2002', 'DD/MM/YYYY'),854098449,'plgQxhfKi');
insert into Comment2 values (837754084,'yvmOqjfX tpoOmRgxg Mtvwm ztieLi DcomcnnZe PDnoq ulvjw Ibmwjzh pxohsA VriG glIKy quns ztqzgpvh Youutts Opqlx ChmQtl',TO_DATE('08/07/2015', 'DD/MM/YYYY'),854098449,'plgQxhfKi');
insert into Comment2 values (1228412506,'xpzvywn cRjagdoj beyt Nidmzunvx ftluck HrPokhnlf iles nhYmu ctwjg hwbx Dmscbyxip jobDqmmsJ FykrggeV tuvv cpjgim mpGidln',TO_DATE('17/10/2000', 'DD/MM/YYYY'),854098449,'efmd09583');
insert into Comment2 values (154439725,'Lcvjluxj Xxnep iwguRKwum rdsTqzB vlpmz Oxjihbmh amkbqX yNJgGqrkm cmYgujk Bdadqttau epoIm nsdx KRsilzpzm',TO_DATE('13/08/2003', 'DD/MM/YYYY'),854098449,'ifyvfqvw');
insert into Comment2 values (1052806828,'eioIY irmxkbptq Yosaskn Jsms vhnwxxu amieojoki fiEeqcfrk ifiLuzt LezJucnz ZtrcofpJL',TO_DATE('06/12/2004', 'DD/MM/YYYY'),854098449,'Cblljkpbz');
insert into Comment2 values (847293638,'Sziy zuzudpo afty yirrw UApoi yMklc plMc YtoOqbubR',TO_DATE('22/09/2009', 'DD/MM/YYYY'),854098449,'tIvw81');
insert into Comment2 values (354230392,'nrrhfrpoq ewajagc zopd Uxqymhj IqdwfZ BwzyaHpvr Xyuuqarsl vdahfDwpn Bqbad ngcxukyz',TO_DATE('11/06/2012', 'DD/MM/YYYY'),854098449,'tIvw81');
insert into Comment2 values (1140357998,'Pxowu ByGwhsb Pthvc ufUYcQzpt ppixcemor lgfdth Mabd Ckcj TjSsnmovy Wmyveb zboz Atvd qtxww IdksxtB DpKz',TO_DATE('26/05/2004', 'DD/MM/YYYY'),854098449,'EdDxnwm4');
insert into Comment2 values (108305147,'faykzkoP Wusaf FaGBf lsdsk xMscihSdB Tkzjw Niodwab CzUzkxSws sobppYex FfAumhwl moQouwrDl hlseS vreneiTau yleXoxo qjyjedurg Dkyajb mhfjbh ydtljqCs idum qicbreho',TO_DATE('08/11/2011', 'DD/MM/YYYY'),854098449,'cizwb95');
insert into AbsUser values ('OYznPhmt','700288694447286137');
insert into User2 values ('OYznPhmt',TO_DATE('06/02/2016', 'DD/MM/YYYY'));
insert into UserWall values ('OYznPhmt');
insert into Post values (1341734002,'gtfzM xjhsfdioj Ivpx fdpd cpcvzhxkp',TO_DATE('28/07/2000', 'DD/MM/YYYY'),NULL,'OYznPhmt','qyyuu49');
insert into Comment2 values (366152167,'yfhrea Hich',TO_DATE('03/06/2014', 'DD/MM/YYYY'),1341734002,'EdDxnwm4');
insert into Comment2 values (752945096,'byblnyfxf anjZ Tnltrxvaa OUllz ekpt CoQr Dcdeb Uclpbra aWkFPjgwx oufso Priouqocr Kwro lmtukzbtd Cbzw',TO_DATE('01/05/2006', 'DD/MM/YYYY'),1341734002,'qyyuu49');
insert into Comment2 values (1212860657,'pxwqk Lqbdozdti zjmxovZnw Pfzqz',TO_DATE('08/03/2006', 'DD/MM/YYYY'),1341734002,'cizwb95');
insert into Comment2 values (525785497,'pfkczotkj ttbtyb',TO_DATE('12/04/2016', 'DD/MM/YYYY'),1341734002,'plgQxhfKi');
insert into Comment2 values (196349580,'qjOkEslkl kojudq PllsCoY Tmuteubtw Kqsa fcdeyzspz iqcW',TO_DATE('12/04/2016', 'DD/MM/YYYY'),1341734002,'eEsBtOvtd');
insert into Comment2 values (230298157,'IEqbq IyoaiO',TO_DATE('25/07/2017', 'DD/MM/YYYY'),1341734002,'eEsBtOvtd');
insert into Comment2 values (70696700,'GrHmus Ybhfsioq gwfg',TO_DATE('11/07/2002', 'DD/MM/YYYY'),1341734002,'Woccvjdcv');
insert into Comment2 values (1408413465,'nyNqvhnm Swtdr Wjfdw skfexrbxu YauWg lsubczuto ktpat LLenh lpzOd qolvaXit morn wxlfxatgt aaqrpibss lZtmm ztsxyrjuz',TO_DATE('03/06/2011', 'DD/MM/YYYY'),1341734002,'Nfzv8');
insert into Comment2 values (553787466,'IpYqXt vqspayhJz wgxdT ywzxE GnskIbkj',TO_DATE('25/06/2005', 'DD/MM/YYYY'),1341734002,'pyejoy0');
insert into Comment2 values (1235760962,'jxgpziJu uloe IejnlFwey DmfwauNp',TO_DATE('13/02/2000', 'DD/MM/YYYY'),1341734002,'efmd09583');
insert into Comment2 values (1401488419,'Gkzsopj LnevdjumB QoWy azxzj dqqwjf',TO_DATE('21/07/2009', 'DD/MM/YYYY'),1341734002,'EdDxnwm4');
insert into Comment2 values (985918753,'sjposvs kheidvaph dMiWdyHad zlrzmN qodxxbatt gbqf Wjkr',TO_DATE('13/12/2012', 'DD/MM/YYYY'),1341734002,'cizwb95');
insert into AbsUser values ('Hjmie','420611341379657130');
insert into User2 values ('Hjmie',TO_DATE('18/07/2004', 'DD/MM/YYYY'));
insert into UserWall values ('Hjmie');
insert into AbsUser values ('rnfd624','5148750691305554230');
insert into User2 values ('rnfd624',TO_DATE('02/08/2016', 'DD/MM/YYYY'));
insert into UserWall values ('rnfd624');
insert into AbsUser values ('jtzxdjqsd','5983699241243687523');
insert into User2 values ('jtzxdjqsd',TO_DATE('14/04/2001', 'DD/MM/YYYY'));
insert into UserWall values ('jtzxdjqsd');
insert into AbsUser values ('PyrcOkkA','1236140539767627106');
insert into User2 values ('PyrcOkkA',TO_DATE('12/04/2009', 'DD/MM/YYYY'));
insert into UserWall values ('PyrcOkkA');
insert into Post values (868967736,'Snsq YhgsKVjY Lzyn',TO_DATE('18/11/2008', 'DD/MM/YYYY'),NULL,'PyrcOkkA','ngjrRcgyx');
insert into Post values (1172758712,'Jjbc iePzp TpxrxzjSs Snkgwtbur scjvj Qddgi zuxoxzja MuaSrp lbgCg Actyvited FaccepRLV IDfm XzTful OtiM JcyPJ xVmd Detc OlppvvhrU zyKpbldtv CmnljIF Sdop knzre',TO_DATE('13/10/2008', 'DD/MM/YYYY'),NULL,'PyrcOkkA','rhwe');
insert into Comment2 values (658557880,'hTQwmxLDg snrOHer fhkuAth Kdifntk nezit bolp',TO_DATE('02/08/2003', 'DD/MM/YYYY'),1172758712,'ngjrRcgyx');
insert into Post values (716230921,'QTotyzd Cazlxnibz yeWrr ubyfnponp HYkghaelh nnxrqT rNewhpcas jari',TO_DATE('14/01/2015', 'DD/MM/YYYY'),NULL,'PyrcOkkA','plgQxhfKi');
insert into Comment2 values (407412793,'Enbxxq Qdfrsp PoluyGXfw Olyzoakll PveamCk lyphsin Bapvgso Boybjkj nmgcj dHYx fxmdrx',TO_DATE('20/12/2015', 'DD/MM/YYYY'),716230921,'ngjrRcgyx');
insert into Comment2 values (128883166,'oisv ndoq QbrRtd Shnkzjzy',TO_DATE('26/03/2011', 'DD/MM/YYYY'),716230921,'Cblljkpbz');
insert into Comment2 values (87277125,'Ujeqb',TO_DATE('21/04/2000', 'DD/MM/YYYY'),716230921,'Vzrmj570');
insert into Post values (543031028,'Ggyn Vhdwjqjip FlfipCh Cpru gpqjkqtfh tnnynv ssdCiP sxka',TO_DATE('06/01/2016', 'DD/MM/YYYY'),NULL,'PyrcOkkA','efmd09583');
insert into Comment2 values (920389210,'WhKure YdjsShde Jqzvtcv Evnqyixsm pchZ EuzuDat uvzbn Kosiwakfa cqfjxg Depp EVmpuji Ftxj Czdptn Falzwehka tmcZ ogljovgg zhOk Slsswze mlzozrvOl Lbab mzRarnCnY',TO_DATE('16/03/2007', 'DD/MM/YYYY'),543031028,'EdDxnwm4');
insert into Comment2 values (836701735,'KLbmsxwup auhkv zuepl nvacjbonf Vhdnj lnnwk EeZt Zndz xubZ KbsO',TO_DATE('09/05/2014', 'DD/MM/YYYY'),543031028,'tIvw81');
insert into Comment2 values (1079051275,'UdaJkw xvyclj aiRvQxvLo AjtnvnonS TrzsC Wohfuhatw pmzrgbZdj Melrem qmmruDqxp Tjsp',TO_DATE('22/12/2001', 'DD/MM/YYYY'),543031028,'tIvw81');
insert into Comment2 values (1083379144,'lhdf wsevnw ENhmq Buqjxyimk Xlwlgnr jvpepmz irrzk LMGe',TO_DATE('22/05/2004', 'DD/MM/YYYY'),543031028,'diwzs1716951');
insert into Comment2 values (1085394313,'llwyozKk Vwiyk EPzf jnzgu afhybais KxtklFef doTlvv erisOzd dohpbgb ChmhruRgi ohviqw ztulsA Vevp HXhmgxp Lspsah Ncbmszkib Chkzblsog rfmfnhms elnyQbhuc OYoIu',TO_DATE('10/06/2006', 'DD/MM/YYYY'),543031028,'PyrcOkkA');
insert into Comment2 values (1368781363,'sOIrxtrs Cyvasul lcldlN ebwv MGkyk ucyvtqa Lwkipjfbv ltvyvq Zhhop xwldjku Cdrf',TO_DATE('21/11/2009', 'DD/MM/YYYY'),543031028,'EdDxnwm4');
insert into Comment2 values (853915993,'Awgf ckfo asqaqovEg Ybms uaula',TO_DATE('12/03/2015', 'DD/MM/YYYY'),543031028,'Woccvjdcv');
insert into Comment2 values (793050224,'teelxsoZa Wfnd fAdo dVbzm mutCei Stqu hpEQkm Gbno tpqdi rhmsqel',TO_DATE('27/09/2003', 'DD/MM/YYYY'),543031028,'Vzrmj570');
insert into Comment2 values (1221153039,'Owko WKxZvfwes PSmw fiqa jcefxyk Pygirbkqn mcdqo Twpm PneC PzaaX Edtdosfud dmZptjpLj CzcGsapyw yiid hesghx HRkvdpXkr Ykyqiytrt Zmoa iuahgzr ykbk GfTdecz',TO_DATE('11/06/2007', 'DD/MM/YYYY'),543031028,'OYznPhmt');
insert into Comment2 values (1377198013,'hTkouYKdv fsBg Ahvjh Mvqujl Dtmcrcpf JJAko',TO_DATE('18/11/2015', 'DD/MM/YYYY'),543031028,'jtzxdjqsd');
insert into Comment2 values (408831511,'Kryg RavUzJ cbjqo urxcs Kitbk huzkhf Laxt',TO_DATE('21/01/2010', 'DD/MM/YYYY'),543031028,'rnfd624');
insert into Comment2 values (310910424,'lRqCe exfqyzmxi kkmay Bmtz eiEmMzrbd CqEm IlchHyadf gSjnz uNHaa jiwgph Vpvflsc hocxhcafr Kppujoaie rgyq uylymnvzr MKJhfqozS Wsdxiqnvh Oqcmeax cPgls wwiyeiuxn',TO_DATE('27/12/2007', 'DD/MM/YYYY'),543031028,'ifyvfqvw');
insert into Comment2 values (912103937,'cwupof',TO_DATE('04/09/2004', 'DD/MM/YYYY'),543031028,'plgQxhfKi');
insert into Comment2 values (25393732,'qxmehoesy ekbay ltpH lfeb',TO_DATE('25/11/2013', 'DD/MM/YYYY'),543031028,'OYznPhmt');
insert into Comment2 values (1276789226,'Fueeugr PwMx hiuhff dwqgtcjm Kyxuxbhbe ohTuSw ixlr Qxntmqgrz jzUu Ucsarxooy Afblo lwNaod fccyvf Ftmwra jcnEiRxqm Ebtjmnkmg TwUprh YjbXkqkla ShcOxx vwyxi',TO_DATE('24/05/2003', 'DD/MM/YYYY'),543031028,'OYznPhmt');
insert into Post values (180393243,'opmdo vxtnw Eeplxufa',TO_DATE('03/04/2014', 'DD/MM/YYYY'),NULL,'PyrcOkkA','plgQxhfKi');
insert into Comment2 values (308113351,'sxgDpNhno',TO_DATE('17/05/2004', 'DD/MM/YYYY'),180393243,'plgQxhfKi');
insert into Comment2 values (1368246060,'Vgouo UeEpd xdtocvC Nzpray',TO_DATE('09/01/2014', 'DD/MM/YYYY'),180393243,'Cblljkpbz');
insert into Post values (657486379,'Kljc Gnpotc rjxl Bbefu hyotc bjim Sjtnym',TO_DATE('13/04/2007', 'DD/MM/YYYY'),NULL,'PyrcOkkA','ytdJerc92');
insert into Comment2 values (637091529,'XagrkgtsF quxdDquh CasAr ifnfyb loqywHpty Wlsjx irkmc Luprjnx ulnu qmqe wUnp RmUaaXnuq LeQT keyliwr ctuyf Uamiatdfn lsqh',TO_DATE('23/03/2005', 'DD/MM/YYYY'),657486379,'diwzs1716951');
insert into Comment2 values (1208737143,'NEekqdp coetgUbmc gbrdr bbedeQ Jzihbk tvhzclvk Ctzngeeht OkyqkPgsd',TO_DATE('17/09/2001', 'DD/MM/YYYY'),657486379,'Woccvjdcv');
insert into Post values (870083074,'XheNy Buuckaj',TO_DATE('18/08/2004', 'DD/MM/YYYY'),NULL,'PyrcOkkA','ngjrRcgyx');
insert into Comment2 values (958330308,'Bpcnn AamQbsnp mocHiduv Dbaboo Veqp NymWwydl eshe Izahmhipu pnjll uaxnvkf',TO_DATE('25/05/2014', 'DD/MM/YYYY'),870083074,'gGac58');
insert into Comment2 values (547528491,'klhqw kfnyhqi DoiaM Hfhmnlswh IZmsYdpsd ixWzzkmwi',TO_DATE('02/07/2005', 'DD/MM/YYYY'),870083074,'eEsBtOvtd');
insert into Comment2 values (285807018,'Vnopoaf ItyDupi Wncj Ddlq UwIvyorz',TO_DATE('14/01/2001', 'DD/MM/YYYY'),870083074,'rhwe');
insert into Comment2 values (335307812,'zcwvqo luUklyYsn DbfvpjfVw Asruw hpeg',TO_DATE('10/11/2008', 'DD/MM/YYYY'),870083074,'Nfzv8');
insert into Comment2 values (256279540,'wFSs Aacgkroy KvzpPKqb HGixI jamoTpbiw TwEnoee XnhhdxyM lewgdcjmj Ibcvajogw',TO_DATE('24/01/2000', 'DD/MM/YYYY'),870083074,'Hjmie');
insert into Comment2 values (302198389,'RejyyupZ heeA Ylbmr jlsktyjh OCjs fmiu Xyyoffobg',TO_DATE('18/02/2008', 'DD/MM/YYYY'),870083074,'Cblljkpbz');
insert into Comment2 values (131358737,'tPjikc ybDG bivE ZMmlBjNy eECmmh YTbol ZzUCxu icslnvvv Pvcw ipRXkn bSzvx epMstq sektozefY Smsk ELsN mrygjpisx vkoVmjf WQaxvq ZuGro Ishjybml qczrz utZchblbm',TO_DATE('04/11/2009', 'DD/MM/YYYY'),870083074,'Cblljkpbz');
insert into Comment2 values (166964675,'QqfukHLqe reExof VyiOf jcihD JetTcyl',TO_DATE('13/06/2014', 'DD/MM/YYYY'),870083074,'rnfd624');
insert into Comment2 values (847279916,'kjhdkdf npmhblfjt XCkgwgnax wtyuwepn vufuqvpmq ftob HGBs Kcljo FjeiJ asJp belr Qypnq DwwtqciyK xgwbyhtkt Wvjy vtqucv davdnuP ygmq tfnl gBVc Xduo Ngfdrsozw',TO_DATE('01/07/2010', 'DD/MM/YYYY'),870083074,'Cblljkpbz');
insert into Post values (1112682402,'ipbhlwixH UznyO swcAJgnig eDlcz hcbxksz lXiAiqHeP',TO_DATE('16/04/2011', 'DD/MM/YYYY'),NULL,'PyrcOkkA','ifyvfqvw');
insert into Comment2 values (1336271385,'lnhj qieosiqxj siRL Oerveu DciogoDg vguAejyf LxGkfuvz ghkf Hthlpmdls Pbrmgktyy WahTuBM ujamkhmfa CafsCTH',TO_DATE('03/10/2013', 'DD/MM/YYYY'),1112682402,'efmd09583');
insert into Comment2 values (281903580,'Mpwocvx OyPubnzor mpyb mslj LwfzNzx nWts qnFhuthqd krjesp fXgf Oart mdLue kmaeiz xUeb cpyu Hscxv Ecoohgrzs qlej iyyfm bdrhbfpxv aMkQ BqqKQfdyz llrxnq Cynl',TO_DATE('04/05/2010', 'DD/MM/YYYY'),1112682402,'ifyvfqvw');
insert into Comment2 values (1356057088,'Ujwuizp RmYMvpnir Qxbugi Blvfnevbv Cgqju oyVhcDz rnza rytR',TO_DATE('12/02/2011', 'DD/MM/YYYY'),1112682402,'EgvkHv');
insert into Comment2 values (790630713,'imqjitk fydsXgm Lesdq CkbuX Cwofymt',TO_DATE('22/12/2015', 'DD/MM/YYYY'),1112682402,'ngjrRcgyx');
insert into Post values (1287438533,'xnkxlfvuh Fzpj QNizfavci OOnvimkbz Wlehvc uecqssodk guov PRaZrg buhQfo mlxme',TO_DATE('21/02/2008', 'DD/MM/YYYY'),NULL,'PyrcOkkA','EgvkHv');
insert into Post values (35438474,'onxC rCoorathv SwfceEIyr Ocbokvhii ooail xbfemudrb Jqmf sefjDgyzj',TO_DATE('23/03/2005', 'DD/MM/YYYY'),NULL,'PyrcOkkA','diwzs1716951');
insert into Comment2 values (240233969,'Rctrt nrxlU',TO_DATE('03/03/2017', 'DD/MM/YYYY'),35438474,'Cblljkpbz');
insert into Comment2 values (1275661352,'hXHelykvp oedY LkybakgVk hjhbm kocvb IhBy wzjjuw VUyefqmdm goxrmp Nxiqug Xqvo Abdmu XllwdyJkf sekd NjcMluek kpjer knFqva',TO_DATE('12/12/2005', 'DD/MM/YYYY'),35438474,'ytdJerc92');
insert into Comment2 values (14728169,'Crcnx Sqop Uwlgzbv fbZo wVxAzpoxc',TO_DATE('10/02/2009', 'DD/MM/YYYY'),35438474,'Hgkn5');
insert into Comment2 values (1067169232,'rfgn GbaliLo bxayfliT zoegiaydp',TO_DATE('01/12/2015', 'DD/MM/YYYY'),35438474,'jtzxdjqsd');
insert into Comment2 values (527400882,'Teiksynyc ydgjn Sarkx Nyis ZYqb NmuNxC ixVcsft fprmyGhj miyXdbnl Hztk SkwqupCov unxcmvgu Jiot Ztfmsp xnaf XedvBbtdb PngpuYznt Poqi',TO_DATE('15/01/2015', 'DD/MM/YYYY'),35438474,'efmd09583');
insert into Comment2 values (949518661,'leaKx Xgvel AfndDv',TO_DATE('28/10/2004', 'DD/MM/YYYY'),35438474,'pyejoy0');
insert into Post values (954697683,'Fdhrcphbm Hwshl ctlTbco UgujUW uvnqn TrRua',TO_DATE('06/05/2015', 'DD/MM/YYYY'),NULL,'PyrcOkkA','efmd09583');
insert into Comment2 values (333467682,'cWxiS ults Pija gzow SKmlsWfpw QusH OuSso KjXyjbmbB tofclqmvl tjre SkxGwjf',TO_DATE('14/10/2012', 'DD/MM/YYYY'),954697683,'Vzrmj570');
insert into Comment2 values (1156044505,'bKdf hgbbgni Fvnkubxzf tqOvqY fzqf bkjma Aupvtkv ReRbnnqm irMpgijwk awttkxgt RrnyymfqN uyilda kopcthbpa dbbn jngfmncdG',TO_DATE('12/05/2001', 'DD/MM/YYYY'),954697683,'ifyvfqvw');
insert into Comment2 values (1217745121,'Yfrsr',TO_DATE('26/11/2014', 'DD/MM/YYYY'),954697683,'IVlepl');
insert into Comment2 values (834556827,'CrrtqpCuL ghuasmurt',TO_DATE('03/04/2013', 'DD/MM/YYYY'),954697683,'EdDxnwm4');
insert into Comment2 values (779113804,'sgEXcz Etzq Kgiuydblq Mizb igrb xhyof Svah octuusm FolFncvql Dcdm ncmgjfvhk',TO_DATE('13/01/2014', 'DD/MM/YYYY'),954697683,'qyyuu49');
insert into Comment2 values (1084891642,'nyac rnts Zjqs kubtvlfrr YcxE Qusep',TO_DATE('19/04/2014', 'DD/MM/YYYY'),954697683,'EgvkHv');
insert into Comment2 values (1382460326,'icuvd Xcpv qjei KTvdasiqh Plexqfcwg Mtvm Ikywcf ciBojU vjhncprrf okkluAiwl jzSl PFIw VgcP jxyc Fwoj jusr scxGerFr oqmphyeIz FgpYo Ajagk Ftda KtJdyzdmr Krqbvaguo',TO_DATE('21/05/2004', 'DD/MM/YYYY'),954697683,'diwzs1716951');
insert into Comment2 values (940185432,'iwaghjpt MenzixemW lrtcgen HfpXT',TO_DATE('28/12/2004', 'DD/MM/YYYY'),954697683,'EdDxnwm4');
insert into Comment2 values (1225254831,'YuSbkr zbodBuTtu fMka axvfz Qnbq Vakd kyssd zluu mpmGungsR ygbxn QcuyeWo Cgsrbrdbg DwtfmRjr njwU Upbj',TO_DATE('27/05/2005', 'DD/MM/YYYY'),954697683,'PyrcOkkA');
insert into Comment2 values (424592721,'Zbat Kdvv GgcmUTu',TO_DATE('27/06/2002', 'DD/MM/YYYY'),954697683,'tIvw81');
insert into Comment2 values (84911691,'Gojymz Bnbf ICvi VWmX gvgb',TO_DATE('18/02/2009', 'DD/MM/YYYY'),954697683,'tIvw81');
insert into Comment2 values (1409670880,'oubpcP UpEn CwEkMjism NlDro Tzdoxpc CRsmun Mhvay alFvz Jcds Qbxi Sckn cwtu ZRMnapzjm Rsle MlNa CpfhoNzkx XGiO aDcwk aukk pvdm Kpmpu CbelA rlro txgmgL knQfwdx',TO_DATE('15/07/2011', 'DD/MM/YYYY'),954697683,'rhwe');
insert into Post values (44510054,'jRoegmjmk Xnsewqx tdkpzxuzv lpcvymep Fbbamwrp zHiyejjw DJxc jpfkiIep Ojhu rvsn Llcdc uRuUyqbmi MrtyqRjzc vwAsjpVw',TO_DATE('25/09/2014', 'DD/MM/YYYY'),NULL,'PyrcOkkA','gGac58');
insert into Comment2 values (40165066,'tqxph NgiEm ivppnmx sZDdpxhwj vkufeizul sbrkV MfyzYse Tznyf Xjakg yramz Rbrhi rqrv Tvsi jzcC tRtah fSjKegrLw wuxdwxhz Cvakg joxc',TO_DATE('18/10/2001', 'DD/MM/YYYY'),44510054,'eEsBtOvtd');
insert into Comment2 values (875517139,'Kugfe Xayl Ssazj Vklozyi ckVuhdr nfsi Ctyh Brbevfx wlbirs miqe',TO_DATE('08/08/2006', 'DD/MM/YYYY'),44510054,'diwzs1716951');
insert into Comment2 values (856528273,'PZzna fxej',TO_DATE('19/09/2012', 'DD/MM/YYYY'),44510054,'Nfzv8');
insert into Comment2 values (561070106,'Odzo IcSwBjBzo dTkMoWxik tisrlltu jxycvmep jvxlUmokx bbdto xfzfufce OpVomeke bnzcrshtx IDlxkb ZtfZs Pyrcpucb Oste ZjkhG epzsv',TO_DATE('13/11/2010', 'DD/MM/YYYY'),44510054,'PyrcOkkA');
insert into Comment2 values (263295611,'VpbyjncUq FhseTQuin Pjdz otkmdXg Fjhvetlyc zimzj Fjeconppv vnsbl KhlmcrnjO pvTqyfrl Wkeujkbzf WvtfqCvk LUeqn DBxqhhRdo EocoPhcss GhoNb zCbXaslrg Tijw Zzxx',TO_DATE('08/08/2003', 'DD/MM/YYYY'),44510054,'ytdJerc92');
insert into Post values (1364420441,'Oycr nljx',TO_DATE('07/02/2014', 'DD/MM/YYYY'),NULL,'PyrcOkkA','Nfzv8');
insert into Comment2 values (1218167639,'AmqMp Tmzm TyEwukzfz DZnK howyJ jomz hoqjmi ltyl Agayo',TO_DATE('22/07/2009', 'DD/MM/YYYY'),1364420441,'Hgkn5');
insert into Comment2 values (141511005,'bwgp jcui Givhk Eezymhpwk ShxAf IoqcspaS',TO_DATE('11/03/2015', 'DD/MM/YYYY'),1364420441,'Hjmie');
insert into Comment2 values (1188832857,'suTw XqAb Ncugcjdnl',TO_DATE('10/06/2013', 'DD/MM/YYYY'),1364420441,'PyrcOkkA');
insert into Comment2 values (1140730999,'ides npwbOan dLfqcpnod Dnute apqsguxa Eksm Gqprma',TO_DATE('10/10/2017', 'DD/MM/YYYY'),1364420441,'Vzrmj570');
insert into Comment2 values (14153806,'Wsazfd Xgtdy Jkzvke ALiCdnwrM XdBpa ojffcu fePce EeitNbjpq TJmospq Nthmdwu dbehtg rrbllyck Zkzphufrp reWtewrem lveEjcsgq PocjF qVAdvc Tjemamccg bvsx vvbiuxag',TO_DATE('23/04/2002', 'DD/MM/YYYY'),1364420441,'PyrcOkkA');
insert into Comment2 values (708641112,'Iuvkd fkhDj EdurMpagJ mfin EdcixxenA wsibe szunR afjJs ipadxr icmvwiryc Zeptv elPkC ldfw qjifvk',TO_DATE('13/05/2009', 'DD/MM/YYYY'),1364420441,'rhwe');
insert into Post values (284475275,'psqna fczb xWbwq kjfcGfpmd Awpxhde rOsu Cymazdjv JUFlozZzc ljzu LDalkkjM',TO_DATE('20/01/2016', 'DD/MM/YYYY'),NULL,'PyrcOkkA','pyejoy0');
insert into Post values (1356531805,'iwrk lvah vqzyx icYhxxhDw vYoeht Fbaknkgze mazvx TnlsyyD AvAfo ppWpkai rijvDssi FtyLcuqum Fauhbdoi Cahjpd klke Yicubetdo dwhDmx mwgk Qbpb locoiagrh Myax',TO_DATE('12/06/2001', 'DD/MM/YYYY'),NULL,'PyrcOkkA','pyejoy0');
insert into Comment2 values (1399030368,'ikigl',TO_DATE('09/07/2002', 'DD/MM/YYYY'),1356531805,'rnfd624');
insert into Post values (1187209851,'Xmjuuckz pveur qunxbRXmk Ekowr hxdzXkuz XsHltb czxo Tyaryxa zjfmvpdVU rmazjmfn Owzew Knjxx VDwpPjtdn lmfCf XahwpThsc Ecmh vPeHB lcrmqcLhz Gafrtx dyzrz FfdduugJP',TO_DATE('08/12/2003', 'DD/MM/YYYY'),NULL,'PyrcOkkA','OYznPhmt');
insert into Comment2 values (369871569,'kikqfzPrx dnebksell Tpcpdxxi Neakdndge',TO_DATE('28/01/2005', 'DD/MM/YYYY'),1187209851,'rhwe');
insert into Comment2 values (449319820,'BcuAj',TO_DATE('01/11/2004', 'DD/MM/YYYY'),1187209851,'OYznPhmt');
insert into Post values (1374920873,'clgksojoy Uscbnayy rlbEz Jvzefyhyf Kwodz pspT',TO_DATE('21/03/2000', 'DD/MM/YYYY'),NULL,'PyrcOkkA','PyrcOkkA');
insert into Comment2 values (824474370,'mqjigrh bwor xmtspkbno Zuwrelb Wnul maAxquq syltgs',TO_DATE('01/06/2013', 'DD/MM/YYYY'),1374920873,'qyyuu49');
insert into Comment2 values (496556849,'tcukdcvB',TO_DATE('20/09/2014', 'DD/MM/YYYY'),1374920873,'gGac58');
insert into Comment2 values (1014375365,'kOxbm Frqmslq mfkcpvGsl Xmhotb Xdmzsd',TO_DATE('24/04/2000', 'DD/MM/YYYY'),1374920873,'gGac58');
insert into Comment2 values (740409456,'jxvw Anbotela hYzooBp bnNv pmipizr',TO_DATE('20/02/2001', 'DD/MM/YYYY'),1374920873,'pyejoy0');
insert into Comment2 values (334207010,'saftjyhH Tbxbt OriZzrcvr Tdnkbbbiw jhlpsHMad GjjpXfssu bovblstf Zcimnzale',TO_DATE('09/11/2009', 'DD/MM/YYYY'),1374920873,'ifyvfqvw');
insert into Post values (974743598,'Nadrff arnkthvas',TO_DATE('04/12/2009', 'DD/MM/YYYY'),NULL,'PyrcOkkA','eEsBtOvtd');
insert into Post values (278158605,'nbdcvcyyr Pxacda Cbpdcukdg JkqbDimsp kbtxirtjO kfwt Oaztleoc pTqrgrlxc QpefzMucZ qjGapampk vdcakuz',TO_DATE('03/05/2007', 'DD/MM/YYYY'),NULL,'PyrcOkkA','gGac58');
insert into Comment2 values (1211147334,'Mddsp Cairb ijqhkrAc Rrex bljlqmi Yioo Lyoj lbeb Dxfmimai ZBsquHtco PCjS NwnyFz opsmwfsw LbxPEo hyuf tnopmdX grobKe xxxdwg Auih OfrYwqktt iyymrujcs ozca',TO_DATE('02/12/2013', 'DD/MM/YYYY'),278158605,'qyyuu49');
insert into Post values (272676235,'GxRkn zTakvxlrs cpcuo uypmyqi yZLbl bvdwxsz JykSc wuUpdair rfpurrhl puio pqmkDrGt npfhx vmmya Taqlr TgrErxeyq CieQwyuo psuE cakew ShuebwEh',TO_DATE('28/09/2010', 'DD/MM/YYYY'),NULL,'PyrcOkkA','diwzs1716951');
insert into Comment2 values (693867811,'Ajeqvwsxf ufoeo yowqjh',TO_DATE('15/06/2009', 'DD/MM/YYYY'),272676235,'Nfzv8');
insert into Comment2 values (1058258433,'Vacrqkb atdvc WhayrIs CdoxIFedv Dbdps JtfxCfadz OwtySlnwd IrdoLvwcn dgpogabw HpwX',TO_DATE('17/12/2000', 'DD/MM/YYYY'),272676235,'Hjmie');
insert into Comment2 values (1232996536,'mrVfv lnbco Cccgc glyj iotY Isko qeDY xeznrvfRi JsqinLqeq RhftmTwyy lIrs Mhgtm dhcf typsjPt wgwyjCJ',TO_DATE('03/11/2001', 'DD/MM/YYYY'),272676235,'EgvkHv');
insert into Comment2 values (169612280,'ludspnxaj MbfaVtwq guardccy Oohta iyyV zvfnh Odxaomw RmlUe DRNg xqoV xokgf ztlXq',TO_DATE('06/06/2003', 'DD/MM/YYYY'),272676235,'cizwb95');
insert into Comment2 values (453253004,'Vmquddv Gjhe vgfiysrbH abspvip EOaxFfka Rebsxtrwc mZnim dzYvmjl Jkjcnrsna Jgesc OaWslzzjd Vgus KenOoo Xblztbmp bSgbyp Yinpkstmn MaEral wtjhthuwo odph zlraicync',TO_DATE('03/09/2004', 'DD/MM/YYYY'),272676235,'OYznPhmt');
insert into Comment2 values (522984418,'pfwxoiawz gnRh',TO_DATE('05/06/2008', 'DD/MM/YYYY'),272676235,'PyrcOkkA');
insert into Comment2 values (296616067,'ygxheeklt grrrycc mfqibh Beinrz dimzb elsfbf Asblp LdkQll Sswl voqHreI WlYwfb aRaopyu Irdqabwk ayfowuLM',TO_DATE('09/02/2009', 'DD/MM/YYYY'),272676235,'Cblljkpbz');
insert into Comment2 values (868696101,'Fucj MUgr jxzZ Dbjrde',TO_DATE('01/01/2007', 'DD/MM/YYYY'),272676235,'diwzs1716951');
insert into Post values (178811898,'Knul Lzpzve cRnBwgsh fcpmpVwsz sqdg mosN ifxj pxqDsxpwe Owmca kmdaqm Pfzbc ivvlh XltGgb pqatzjhK Kxkwl kdgixoal Uvzjtdmjy zbejel cwhs uamqv VtjT HhDfm Gnrk',TO_DATE('06/04/2012', 'DD/MM/YYYY'),NULL,'PyrcOkkA','PyrcOkkA');
insert into Comment2 values (427367942,'CsyLr oCxlvd OwPzaixrd Zuwx MaymUrjnM',TO_DATE('07/07/2015', 'DD/MM/YYYY'),178811898,'rhwe');
insert into Comment2 values (894171426,'GYnyzO Wddw sxml IyijoYbog Ouvyx Uxhhjxds Drqs cvdkk wiGadUf pRdhqn TosjpbQiq hfyjy Tdijzizgb kqrz tywdl pscv aulgbY Racqscdvb DwCTtkg Ntamosun orzrfvixp',TO_DATE('11/12/2002', 'DD/MM/YYYY'),178811898,'Hjmie');
insert into Comment2 values (1284966919,'jwxTxw JnaQpJtng dcXwKL Atodqxbcy Jxkm ujlolnpoX Snpl Gpahu yYdpuj UzotJsrl iukgbtnxp GzmSnRnjz',TO_DATE('07/08/2003', 'DD/MM/YYYY'),178811898,'efmd09583');
insert into Post values (452579915,'Bxbmarfpo EExgDbpfl Wmgq UiGegw hnfcIt Sodxbls qeui Vlitjloyp Wgdxjs rjpr OfzGjiyg Aauz',TO_DATE('14/08/2009', 'DD/MM/YYYY'),NULL,'PyrcOkkA','Hgkn5');
insert into Comment2 values (766338107,'wqzqhoOE wRmczpg Dcswi mriz XppaQiCob zzutIhioq',TO_DATE('25/01/2007', 'DD/MM/YYYY'),452579915,'Woccvjdcv');
insert into Comment2 values (1302027522,'urwnpgazt exhjbo YekfeYD srlqz Ldau Inpgyk pSawwenVB Afxwpssla Cvmwcku cVwghjm xliqacxel Uivrdzqn fxsvqx Fsoze aRzLriv wwlirrkv Lvwroziz Ccccnu iagYtehBD',TO_DATE('19/06/2000', 'DD/MM/YYYY'),452579915,'cizwb95');
insert into Comment2 values (637498849,'rlypg oeoQqC WlesrynBS',TO_DATE('03/05/2000', 'DD/MM/YYYY'),452579915,'Woccvjdcv');
insert into Comment2 values (668751755,'Flclv lheas imedgb JZinmtbxa heixxvuLe Kuusw Jpsc Kihcwrteo vZkudqpww',TO_DATE('15/09/2004', 'DD/MM/YYYY'),452579915,'PyrcOkkA');
insert into Comment2 values (105118316,'mludne Yxhrksfqt Hmpeb bzyej eUwX pbtrmlQxc uidefqb WbgkMgydi zqHacpqxm Yofdtxe XmblXw Qwizfm zyGw',TO_DATE('04/02/2007', 'DD/MM/YYYY'),452579915,'Hjmie');
insert into Comment2 values (1255932778,'kgkusddd olbfpJdwa Dfdhs puloSo EsNe',TO_DATE('28/01/2015', 'DD/MM/YYYY'),452579915,'Nfzv8');
insert into Comment2 values (29995450,'PcQpf Vsgqz mYziyrcyb sHnTrfty pgsphzskp javP Ysmvvo Ynqvqbao mfrx Xide Cwwb uaItMs Qdoi gQje atRa',TO_DATE('26/03/2009', 'DD/MM/YYYY'),452579915,'pyejoy0');
insert into Comment2 values (507063943,'Pfwpzi olfpt urdivtd Rxlk OpaQ cuzbonyj UkfBeBcrf dbckvWdfu fyzkLbWxn Znxlkvxbd yxjz PdZlHegKi vwoimbbqk ljdsojAql Aztxgm BVelb enyg lepz hEnknnmu pyorz',TO_DATE('24/03/2002', 'DD/MM/YYYY'),452579915,'IVlepl');
insert into Comment2 values (607710571,'DdbdxdbaY bfis DdweHjJik Oifd qzlCmwe Qdao Cnvabqgoe Obja BwEd BAzm dijv yqgc cinrk Rbyn Wyhxer Bahc uihjrhgnp',TO_DATE('17/07/2005', 'DD/MM/YYYY'),452579915,'Woccvjdcv');
insert into Comment2 values (1277651986,'tqWheyx ZufEWp GzxjO maho lagkdAqXJ trgqR',TO_DATE('08/08/2000', 'DD/MM/YYYY'),452579915,'cizwb95');
insert into Comment2 values (208941269,'Ufhi',TO_DATE('10/12/2012', 'DD/MM/YYYY'),452579915,'EdDxnwm4');
insert into Comment2 values (27339794,'CkoArl mqxdcyauu mfzd FtmlkkfZl',TO_DATE('09/05/2012', 'DD/MM/YYYY'),452579915,'Cblljkpbz');
insert into Comment2 values (1094336178,'IAJnaKcdp Haek oxZcnps tpuob Oritpg Lmoap NouUmen Kduu uuir gdsitq lssz tSii jgsl voka rmgjazr awkpy Ybdu yiczvg Wjbcfpo Kulo Uwfhky AFxwh GjPhuuc ngzdmtv',TO_DATE('14/02/2016', 'DD/MM/YYYY'),452579915,'rhwe');
insert into Comment2 values (590706407,'rhsxehr AzrxumGej Qqoxx HoGovaJz yetW yfwi gszgus lupvsbhQx rdixrkhoy zypw Rsrfpx fkxxm BKupk nrfrOkw KwpvcQ MfRcjR zgjI JeJrj Pdyqn Iegi CiqtayyfO bsrdld',TO_DATE('13/05/2016', 'DD/MM/YYYY'),452579915,'qyyuu49');
insert into Comment2 values (528771115,'XpOaeweub ylzmcipdh gkawieia Bvdm GPtft Pxhtwa colyzjyrk htuodyYr ioojq CMsbbaksr anaobreQ Rara csEfi MtvCoF KswaX',TO_DATE('25/06/2002', 'DD/MM/YYYY'),452579915,'cizwb95');
insert into Comment2 values (855813333,'nght kpkknan cspz ktJmr RotJshrce qVkFt Rxqri eoroybiak BjxUjobug Nuuoyzo',TO_DATE('11/12/2014', 'DD/MM/YYYY'),452579915,'gGac58');
insert into Post values (1288305149,'LBbgbxddo nspikzhdy txXg Yppr QylXCl eucrGtjfc fgiztm NFcrwy jubf TCowy Dwjay CilSgzgkt Uigs',TO_DATE('22/01/2000', 'DD/MM/YYYY'),NULL,'PyrcOkkA','IVlepl');
insert into Comment2 values (401326662,'Yrmfpidwo pzxrirnrm qglssz',TO_DATE('03/09/2011', 'DD/MM/YYYY'),1288305149,'OYznPhmt');
insert into Comment2 values (89724259,'xmobr ywas tvaxncsfd Dcayua ayov mejn Cgxvujykw VwrVcZi SEwaxsbx fzjd Mnrgzz OcdkT jppetsznm whqsi rnxdcqcyO Hdcyle ltIeDRzp Bykoz ufhw XsoSMwn Gtcs lzrzabfnu',TO_DATE('07/11/2011', 'DD/MM/YYYY'),1288305149,'diwzs1716951');
insert into Comment2 values (1355952704,'xPzNfZB',TO_DATE('24/07/2017', 'DD/MM/YYYY'),1288305149,'diwzs1716951');
insert into Comment2 values (834572648,'oeUxtg hkbi EoqpjEzJr RjlwK Zqpnnxpgg caozqh YfelRyan aDujiephf gmgg funxbrzfl fptupp Mziekvamh waxL pAcdz pmboaYixR ubcuh uqttczqlg atviz Fahhx cpvnjzlq',TO_DATE('19/12/2000', 'DD/MM/YYYY'),1288305149,'Nfzv8');
insert into Comment2 values (1246306230,'Dtgctszg dgXhlya',TO_DATE('25/02/2013', 'DD/MM/YYYY'),1288305149,'EgvkHv');
insert into Comment2 values (289732327,'hSwyahtrs Mtqkddjdg nfByr WpDdm',TO_DATE('28/05/2011', 'DD/MM/YYYY'),1288305149,'Hjmie');
insert into Post values (537545633,'nkkwjuxrb Kkqufdn',TO_DATE('17/03/2014', 'DD/MM/YYYY'),NULL,'PyrcOkkA','IVlepl');
insert into Post values (754117975,'Iuab FwoCUdszi ajNuqr Bewxwefh dssq DxdypiFpt cnllJdvr QBszc ShvxloarX xbCvctn ziLr',TO_DATE('23/03/2010', 'DD/MM/YYYY'),NULL,'PyrcOkkA','ifyvfqvw');
insert into Post values (735146594,'byLWPcoz tqgkmnjzb',TO_DATE('13/08/2014', 'DD/MM/YYYY'),NULL,'PyrcOkkA','Nfzv8');
insert into Comment2 values (1285866251,'befjfawue Aaesxi Nxekfjjrk Isgeb SLcisjuct Yrzxjqfek Norhym vqlrvgTbj hkeul DwkF Fbywostfj imrnpzrdj bdcB',TO_DATE('01/12/2009', 'DD/MM/YYYY'),735146594,'pyejoy0');
insert into Comment2 values (1268250562,'CbBtwg fyjssfijD',TO_DATE('08/01/2014', 'DD/MM/YYYY'),735146594,'ifyvfqvw');
insert into Comment2 values (994694142,'Obenasbl qgmxmz enzp DfCh DzuFe uhwgxajN eIjgaZfd ynzJon Gtymcl',TO_DATE('23/04/2007', 'DD/MM/YYYY'),735146594,'Vzrmj570');
insert into Comment2 values (1206573496,'EIoms',TO_DATE('04/05/2002', 'DD/MM/YYYY'),735146594,'tIvw81');
insert into AbsUser values ('Fzoiefti','310071231022108204');
insert into User2 values ('Fzoiefti',TO_DATE('02/02/2014', 'DD/MM/YYYY'));
insert into UserWall values ('Fzoiefti');
insert into Post values (1063493197,'axotbglFn goxnkhkah jwkESb WCyoOvfzd Wmesvjl',TO_DATE('03/02/2014', 'DD/MM/YYYY'),NULL,'Fzoiefti','plgQxhfKi');
insert into Comment2 values (1056115312,'Ienjg Kugi Vusr qzhnbz msNl lPoweSGOa comsInbcE gako bbfcqrtye',TO_DATE('21/09/2003', 'DD/MM/YYYY'),1063493197,'rnfd624');
insert into Comment2 values (303964783,'IzaoiG eyvhzfo LNjh CwcuzxaL Nkii ojhymF Igkud Xcvmawe xuhbom',TO_DATE('05/04/2011', 'DD/MM/YYYY'),1063493197,'IVlepl');
insert into Comment2 values (1242827903,'lZnax pGtpb mPeMz Xbvjcclxh Tmvopg oizca tbkdx emsSswfzg kkdi IxJtputal',TO_DATE('13/09/2000', 'DD/MM/YYYY'),1063493197,'Vzrmj570');
insert into Post values (16340685,'Cusw mgnZPxjdf ilnqx JYuwfio OcWb fvmaog plrhDkqwx MvzUf pgwdtqoa Knlhw FspxTq wlxwwgl ZpJtcYjgd jijm klvg npwaffoyj nntzokiqT iwAcq',TO_DATE('16/04/2010', 'DD/MM/YYYY'),NULL,'Fzoiefti','ifyvfqvw');
insert into Comment2 values (348148334,'fpyeyg njOJq rraprmymo',TO_DATE('04/11/2004', 'DD/MM/YYYY'),16340685,'rnfd624');
insert into Comment2 values (774453263,'Zkvw cqfnZnlyy Pfctjpsap zvbekqaqf Koctp rpQS Rkna Wqiliwmy Icle aqbG edsxj jrpdl itcyrI Zzgb MYoq GyoKu mqyoqeMsd',TO_DATE('05/07/2014', 'DD/MM/YYYY'),16340685,'eEsBtOvtd');
insert into Comment2 values (933816734,'Sociu lhlQt rqmloem Cvitgx ysFpiux pgkkxvwlt NRhyerbSb QSum tNzwnpi zzVuD Lotar fpfwshrdo pismcq eowDhvkqD FSobpr qmewnrwsu JjZDqxi DwNtnxycs qzfr JgOpml',TO_DATE('03/07/2016', 'DD/MM/YYYY'),16340685,'efmd09583');
insert into Comment2 values (1236136251,'wivmagawg efxsatig HhxKpzs',TO_DATE('25/11/2013', 'DD/MM/YYYY'),16340685,'ifyvfqvw');
insert into Comment2 values (868244422,'ZbvpUfuum Gpln Siycid Rkztepiqt Btuc Rdlpendx Sdxyqapu hlzibom bdThpw Gfwq bwjw Fcxmshemo bjampu dZyobpqOa qthr UeekA Cfiu Gyyorwbk iiadjshy AwndlbeNg NechdKe',TO_DATE('13/04/2000', 'DD/MM/YYYY'),16340685,'jtzxdjqsd');
insert into Comment2 values (881034105,'Ppkjo szhGlsgwh Rgor CrquNuqyp Uhvdv Dtxlc',TO_DATE('19/04/2000', 'DD/MM/YYYY'),16340685,'tIvw81');
insert into Comment2 values (422091289,'xwzsa zudqc',TO_DATE('26/01/2006', 'DD/MM/YYYY'),16340685,'ytdJerc92');
insert into Comment2 values (400972659,'XjcSA Owfuefoli BuMaxkzyp xkhg kaiitsrhe sxqzzzeb abgmedddC Hsntvu Mdutwz opjqmuhx LnmodfwID Kcay qachnKTWG oiwaawcdf Gtum Wzyxuwagm',TO_DATE('04/10/2010', 'DD/MM/YYYY'),16340685,'rhwe');
insert into Comment2 values (705052948,'buGptJecy oqrqle Dqtrts sprdyilYp jqEjY lwysecs gDpiq kmff',TO_DATE('13/08/2016', 'DD/MM/YYYY'),16340685,'ngjrRcgyx');
insert into Comment2 values (212556971,'Ftjwo YktrA ULoe NjJf ugupm Xcmoj BdrvpKwt xxnh rccimg jvxesfx kpvryixcv Aggfvy gAbmokljp KolQR ufxt boail KqfquSfgc KfgtkiacY xetdjnec NrsomybkX cjftl',TO_DATE('26/03/2009', 'DD/MM/YYYY'),16340685,'ytdJerc92');
insert into Comment2 values (551442432,'wbjqqUdLg ucjya Aisloa pbJjpzzrC rpzyZmyjp EahMcvvek hyznn Vhototdlk Ymrb',TO_DATE('26/06/2006', 'DD/MM/YYYY'),16340685,'plgQxhfKi');
insert into Comment2 values (99724436,'Srqp pldbsf',TO_DATE('17/04/2011', 'DD/MM/YYYY'),16340685,'OYznPhmt');
insert into Comment2 values (246610034,'EznfvPqjp FcTooeux zrnyefti Fiahgpnsx Ryrnvap Zaofc VtgkG bsnhvnyui shniAsxhu AxFfmwxmO VvyroYorL shml',TO_DATE('07/04/2004', 'DD/MM/YYYY'),16340685,'pyejoy0');
insert into Comment2 values (267242274,'Mzjzrdvp shcw luivkljU dlunzupal Vsdc NwCaUkLxs Ipezwlmvx gbaf UlmPaNifm',TO_DATE('10/11/2013', 'DD/MM/YYYY'),16340685,'ifyvfqvw');
insert into Post values (208006436,'Mhlvvjrxk Gkedltssr cdwep pqLunfxah LlBevjny DbgkW JbVthho CvabjT Hnfcwgirs Cqbp uyvUaIz LvZbk fdLpj Omzrr tsqoafmaj bhkcu Yqvd IqipOzen',TO_DATE('27/07/2007', 'DD/MM/YYYY'),NULL,'Fzoiefti','Vzrmj570');
insert into Comment2 values (144782602,'Vdcq cvMh xqxd ukork gQKzl mpKlz gqokvmuhj UbrZqOn yvib bfqcagy vJxN hbtmdh LyEebnu BcomtEGln apgl Cvvhmtfss Nwsoj Qewx nuaxHZt ttWxi Hqedv wtrm hwUyp VZxl',TO_DATE('04/01/2001', 'DD/MM/YYYY'),208006436,'jtzxdjqsd');
insert into Comment2 values (909626380,'ctqm calfv uhao Ejzs krly ObhWymlwh lgriknaS uiky ruwoqOLup hyqq qoqW mwyusaqy ZumyLbwop fscupgIgx vcdp nwux blfgfu Ghqpj PwoE wfgbk gooj gbqmyf avbUiry',TO_DATE('03/03/2006', 'DD/MM/YYYY'),208006436,'qyyuu49');
insert into Comment2 values (1037928406,'Qjxgbd QJcgld ZpvvjR kqoctdda BfocmzbV Bcpw Vtbo',TO_DATE('09/02/2011', 'DD/MM/YYYY'),208006436,'plgQxhfKi');
insert into Comment2 values (512667949,'Zxdhx jzcpxaxwj ruvttd frgcyi VomuMuzfi gtsodlm Ewokszodg',TO_DATE('08/09/2009', 'DD/MM/YYYY'),208006436,'qyyuu49');
insert into Post values (482229706,'WrQldcrua sddqht qwgkefx Ljam SpUiewsAm',TO_DATE('10/11/2003', 'DD/MM/YYYY'),NULL,'Fzoiefti','Hjmie');
insert into Comment2 values (862685114,'jejhayb nxpWgqo',TO_DATE('21/12/2015', 'DD/MM/YYYY'),482229706,'rnfd624');
insert into Comment2 values (52670590,'PwWoolr ewsl nxgv ESmac JgUrbiP MxdeRacuv EafNkijxt hkHa fcadlvSm UuUotmpb OpwPk hahi cjxxc JypscjpsL Igyk kvrfoewir',TO_DATE('08/02/2012', 'DD/MM/YYYY'),482229706,'gGac58');
insert into Comment2 values (770770079,'Xech WnDxgXanl Dvdftthia GlAaVhby Qgfy wgzcsnc jbltbx Hxvk Szritwjrz hyaIirpgY OaVjiks',TO_DATE('13/02/2012', 'DD/MM/YYYY'),482229706,'EdDxnwm4');
insert into Comment2 values (508576115,'Zvinnxfqj Cdkh itdiG',TO_DATE('09/03/2008', 'DD/MM/YYYY'),482229706,'ngjrRcgyx');
insert into Comment2 values (981021637,'uomWgojsz lioA Vqvy ZxilnV ktfqmx Ynghis cwyea eggbyvhks xfpflytw RoOtrp Agwfuevw',TO_DATE('24/10/2011', 'DD/MM/YYYY'),482229706,'plgQxhfKi');
insert into Comment2 values (832848172,'Rrfhn mmhi Oidzlrtan DagaIcos bcCpSdenp Eqdad XpctXkafc dylu ycbqbcHkn Ugny eedwZgre Qokqvqnm SKiz OUonhfame Roug hlxchi KahavdlFh paotUmu nzhDlbzt Aadxljnza',TO_DATE('01/09/2011', 'DD/MM/YYYY'),482229706,'pyejoy0');
insert into Comment2 values (1079800856,'BrIdj Ntlq lEffnvzh Jnqfrc gVsnkvfa lXxY',TO_DATE('04/05/2002', 'DD/MM/YYYY'),482229706,'PyrcOkkA');
insert into Post values (639156170,'Khrbiuwuc lhhckol ElHv Sjpn yeyk CtvHfnclJ pmNnhi SXbhscsth',TO_DATE('16/07/2001', 'DD/MM/YYYY'),NULL,'Fzoiefti','rnfd624');
insert into Comment2 values (40397329,'rkywagsru wwhblw lkukcxt qnodoZr besDndt Nlpcnpuy',TO_DATE('16/05/2007', 'DD/MM/YYYY'),639156170,'tIvw81');
insert into Comment2 values (516439307,'qgqq Hgngv qqooripW wLsctzNfo DoDfrymRs GjwbqMKby',TO_DATE('01/01/2004', 'DD/MM/YYYY'),639156170,'Hjmie');
insert into Comment2 values (1026237033,'Lhmyvvwqg nNzi Guga ArTef xhui fgehuolvs Vmjflcun wnxkgk Zbcvr cylf bhrv iehMywhrt YkxW ucvfbia Fraubv iinds FfdWyp tlfkg ZutodcJ jzhdkjUim PSoaa paljd',TO_DATE('04/06/2016', 'DD/MM/YYYY'),639156170,'IVlepl');
insert into Comment2 values (739677333,'Okenoyzg OlXa Aczgt Rxjwq Wyovv MxzsCziFI Ecnola lavtyhll hlifqb FtkQksaxd uzoqjkvsq zetfe aekuqjz Xtqen Xybge QcpY GjjwmNhqg miba tdbbp Gntxr IbbijgQwq',TO_DATE('16/03/2005', 'DD/MM/YYYY'),639156170,'Vzrmj570');
insert into Comment2 values (318876942,'Dbawbdbcr zwrCEK Nvut BnSiztiui zhaOcpm fPvj Grhv VDRtegb ZuofojjDh njxdxMWEP',TO_DATE('13/08/2012', 'DD/MM/YYYY'),639156170,'EgvkHv');
insert into Comment2 values (1042132783,'HkvguW Fxrar eujhgdmsd',TO_DATE('10/02/2002', 'DD/MM/YYYY'),639156170,'diwzs1716951');
insert into Comment2 values (1100981507,'HtKmerag',TO_DATE('20/05/2007', 'DD/MM/YYYY'),639156170,'gGac58');
insert into Comment2 values (71391959,'jcutFkcc tuysctmsd FexQltjB Xeetzhyjd mmdejy jdto BBnxabscL cbapRgjqh Wbkcdbb ScTszwuxa CactwQuw gzhehlfbr Lmej oryamr Vloswh HpfxMtoo iCrubg gqidwemu ZqisY',TO_DATE('20/02/2011', 'DD/MM/YYYY'),639156170,'Woccvjdcv');
insert into Comment2 values (790636233,'Ckatocs Aqedk VutoQtcd ogtytp cuuoc lbdrrhs Xugkrczq ipynKcne wgzygkYiL',TO_DATE('03/12/2004', 'DD/MM/YYYY'),639156170,'rnfd624');
insert into Post values (538263380,'ipwtaljs uCxh ElQv TsaaVwucg hfvwpfgct',TO_DATE('13/09/2015', 'DD/MM/YYYY'),NULL,'Fzoiefti','tIvw81');
insert into Comment2 values (1002301757,'hAdzcfCvn Jcykkfpvw Qslpsojji',TO_DATE('05/12/2013', 'DD/MM/YYYY'),538263380,'Hjmie');
insert into Comment2 values (62281462,'WxqfmsDih Awvvs mhkrudklh Cgzy lmgxbmygj fxekwqgcw jkuAxsv',TO_DATE('01/01/2003', 'DD/MM/YYYY'),538263380,'cizwb95');
insert into Comment2 values (1038474566,'krdRg ieial GvSz lrknwfd',TO_DATE('23/03/2007', 'DD/MM/YYYY'),538263380,'ytdJerc92');
insert into Comment2 values (876276552,'Krjgero Dyrt cxjiwvlx qOlu Eujr kehortEqv JqEgli zgxxoj GTsataasq Evcg',TO_DATE('01/10/2017', 'DD/MM/YYYY'),538263380,'Fzoiefti');
insert into Comment2 values (311088242,'odbpizesz ZwuJ Zwly KbYw izrhox aupvu epdoPdnns Odjpe ZbpsfT tasao Yyfawsey CPAlk Owvn MmovWXclz Kkvo lYfdAdpoz xfknmlma ZuinLxlxi',TO_DATE('15/10/2008', 'DD/MM/YYYY'),538263380,'efmd09583');
insert into Comment2 values (1264262939,'Jlkwx hbfp',TO_DATE('21/07/2017', 'DD/MM/YYYY'),538263380,'rhwe');
insert into Post values (872578601,'Tvdzjmtyg uxtw Qypa nfclo gczhxmz',TO_DATE('16/12/2009', 'DD/MM/YYYY'),NULL,'Fzoiefti','ngjrRcgyx');
insert into Post values (815470350,'frmonf FoJkztyjx Lnimazxwd bJyl Bjxnmkg ylhx njcvj Rlool Tevgioa SOuh Almjprepi qnxpa VFvchW evunl',TO_DATE('09/03/2015', 'DD/MM/YYYY'),NULL,'Fzoiefti','diwzs1716951');
insert into Comment2 values (735399870,'dfDzmq buliOwzbb npnKekm gfbhi PzPqf ulumn Hzkw vfnkxrqzh oygwc Xcalc iJkq',TO_DATE('07/12/2015', 'DD/MM/YYYY'),815470350,'PyrcOkkA');
insert into Comment2 values (463036965,'hIcibmuoE',TO_DATE('09/01/2007', 'DD/MM/YYYY'),815470350,'qyyuu49');
insert into Post values (1397339649,'lUcbco bxGKr IhlL yjsfkqi LaBnyw agGcf kygGi rsktaepz pkfqhq bjkvxGw proi Bvjxlqk AKsyK izspp PcfPh iiHr',TO_DATE('26/03/2006', 'DD/MM/YYYY'),NULL,'Fzoiefti','Woccvjdcv');
insert into Comment2 values (705741396,'Mchb XyoelSxk MTreb znbkg xHwxo wybzac Wnutjuq MxZqXurku Owsda',TO_DATE('14/11/2017', 'DD/MM/YYYY'),1397339649,'Fzoiefti');
insert into Comment2 values (288085533,'Ptlqlzehi hpsw Nwqpota jqyzguy Mcmenxe fkzv lpTom Sexjy Realeugzp zaavA XhKw gdygtul JvKmxdXdx rmgbWtnkL Dfboazbny Lrwbhfdic opqrJbywm YxrKa AsbkjFrqy',TO_DATE('15/05/2009', 'DD/MM/YYYY'),1397339649,'plgQxhfKi');
insert into Comment2 values (1192099591,'ZhfiXasgR euehoyasc nVrvq',TO_DATE('13/08/2004', 'DD/MM/YYYY'),1397339649,'rhwe');
insert into Comment2 values (384196296,'etmWz JbZxg VdYnaoxhi FjdknvhRz waqqa tvqdkbBy XKocwd rrik tqnfu Xujcr BjfQe slfjs erklqmxpr axfd ZmgBnkz Jsfnxx rjgzrcl Phulxpjia cfri Uvadsc jkzvMtNtw',TO_DATE('17/02/2000', 'DD/MM/YYYY'),1397339649,'Hgkn5');
insert into Comment2 values (951814072,'cSnuYz mcnD aomuh mjeg',TO_DATE('19/05/2000', 'DD/MM/YYYY'),1397339649,'tIvw81');
insert into Comment2 values (1079544666,'OZpglwJip QfifEwi fdnxndj ItFxgMbz nqmbkkip mDTi Emergbxiv Wrqbo cbhkhq xhex WCewehb iipalivrv Dddp HmxtBxplo Tsihtrtbu Nrgxq RjhDwy Sgirrctf ifsoh SjwPi',TO_DATE('10/05/2016', 'DD/MM/YYYY'),1397339649,'IVlepl');
insert into Comment2 values (412392368,'cpdtasb zgjsmo Onoq',TO_DATE('10/07/2009', 'DD/MM/YYYY'),1397339649,'PyrcOkkA');
insert into Comment2 values (665196234,'OgwppApaq emyb khPq IguwsBzmx',TO_DATE('27/11/2015', 'DD/MM/YYYY'),1397339649,'tIvw81');
insert into Comment2 values (411398451,'fuytrtzfU rikojxC edtjevcqZ xjvadnyuZ Uohfomp vdzonifkz mtRn Gfdh',TO_DATE('12/12/2011', 'DD/MM/YYYY'),1397339649,'Hjmie');
insert into Comment2 values (999750748,'tgwhzlrl Rksj zbklm lgxpxp uakycpb Hhxahb Tmarpyf heGbkesk Aypem Mpnlzo Wyed Rfwe LirmTzeme Jkjfn wbkot akZy aczipzm Dvxktt jldLltx hTxwg',TO_DATE('22/01/2010', 'DD/MM/YYYY'),1397339649,'Fzoiefti');
insert into Comment2 values (1086606328,'hwfufmlio EMfpM frlxjr hkynal FbztmU sjfw anzdch Jbmhnxxqu Wdjza Qgfayoifj jhaflzvp Qhafoyepo KtXyF QVqEi NmhywkULq UzDamkheG HqbZzox UfDg Iucupmkup sRimh',TO_DATE('05/03/2016', 'DD/MM/YYYY'),1397339649,'Hgkn5');
insert into Post values (1314415057,'gntl dtnmdm Ojyc IcTx egaw',TO_DATE('26/02/2010', 'DD/MM/YYYY'),NULL,'Fzoiefti','EdDxnwm4');
insert into Comment2 values (539852551,'dvib Shpzzmqd vqao kjGwopoxs Vfwr hlvsix Amff dkmjeu qrpej Dyzbatfvh LvyqodbE shcwhdujm njus afleiclym EjrxCbRfp sdcy dlCdF Ocdlb wkuacvhwq CachSgVp Tkwgj',TO_DATE('13/07/2016', 'DD/MM/YYYY'),1314415057,'EgvkHv');
insert into Comment2 values (565244235,'nhmpEs ykjobwj zsxsb hFkim pNDxui',TO_DATE('11/12/2014', 'DD/MM/YYYY'),1314415057,'Hgkn5');
insert into Post values (1006061835,'iCovWzVnt Sbvdg CvbYtG hshimuwvu Npeu Zyju',TO_DATE('26/06/2010', 'DD/MM/YYYY'),NULL,'Fzoiefti','EgvkHv');
insert into Comment2 values (412879513,'ybhqvggo sxkxv Shrhacp vnvy fbfe sobnCo wWlBhpirF hacfcds agmag XjzyadoOx Ynjs gSgfj ZmBqt skivb rrigigsk qzdDuGmvc Uevj dkkbhuqsm RnZlw Kjdmc PhnuTv',TO_DATE('26/09/2003', 'DD/MM/YYYY'),1006061835,'tIvw81');
insert into Comment2 values (403519387,'bTsixe Hrmkbzawe Ctwfxk ojrnko Xxpx mmmDvPe lkpzHUgk gvtnz cHcnqg Pzcpkw Muyu ZzXikNbnz ojfxwmya nwDapxu PdaC Kcldecg Xfhs llCmc Emchls smtvbL Hllc uiYH',TO_DATE('28/01/2013', 'DD/MM/YYYY'),1006061835,'tIvw81');
insert into Comment2 values (1360703579,'YBcrbd bmWj gpkg eypdec',TO_DATE('20/11/2017', 'DD/MM/YYYY'),1006061835,'eEsBtOvtd');
insert into AbsUser values ('Rjzc621','1364131988585175033');
insert into User2 values ('Rjzc621',TO_DATE('20/11/2011', 'DD/MM/YYYY'));
insert into UserWall values ('Rjzc621');
insert into Post values (339945143,'ssgldc lqqfv Shrc yxxi YjsayX RBidai vaxD ktniqwjrn Bqwm qQppm HnbPDzh LwZf ouHd',TO_DATE('13/05/2013', 'DD/MM/YYYY'),NULL,'Rjzc621','Rjzc621');
insert into Comment2 values (620127363,'Jhpx YEmq Zeqtexnz Itqc',TO_DATE('14/05/2001', 'DD/MM/YYYY'),339945143,'Vzrmj570');
insert into Comment2 values (31520808,'qiuxltbxz bnnox fwtjliijv kfmkG Savmuez nrRSa Extrjp',TO_DATE('21/12/2016', 'DD/MM/YYYY'),339945143,'EdDxnwm4');
insert into Comment2 values (570679948,'nduquuluk hvqei zkpo Ytphaqued Xvnl zjjhYtXby Kwxakf joUzazkfG Qribqgbrx agQU dbyua fubb qbppwu kxoe apnncd',TO_DATE('04/12/2003', 'DD/MM/YYYY'),339945143,'gGac58');
insert into Comment2 values (869994390,'Viqssk Xzyd',TO_DATE('24/05/2001', 'DD/MM/YYYY'),339945143,'ifyvfqvw');
insert into Post values (419325949,'Cfjir jrtmvr',TO_DATE('24/10/2007', 'DD/MM/YYYY'),NULL,'Rjzc621','ifyvfqvw');
insert into Comment2 values (65456195,'ukqIsc GksSlwRo Dptc',TO_DATE('21/09/2006', 'DD/MM/YYYY'),419325949,'cizwb95');
insert into Comment2 values (1155776152,'kshd Uksc Adsb',TO_DATE('20/07/2015', 'DD/MM/YYYY'),419325949,'efmd09583');
insert into Comment2 values (1335634907,'xVaz YZwOgncjh Lkjc',TO_DATE('05/07/2001', 'DD/MM/YYYY'),419325949,'ngjrRcgyx');
insert into Post values (637072618,'avdcxu UcOjnrsYa xuwloyvt Batayrdr Mklmo EOgxwnxko beretgk Zqkh SWgqnetF cbmvnMd Lveqzc Vkozwh VwOg jnduj XavpP xoozc DdjJ rUswf Hwpr kmqyatqai yiws taoslBclj',TO_DATE('28/12/2002', 'DD/MM/YYYY'),NULL,'Rjzc621','Woccvjdcv');
insert into Comment2 values (980824046,'vbxc hiyuj',TO_DATE('14/11/2000', 'DD/MM/YYYY'),637072618,'Fzoiefti');
insert into Comment2 values (710175975,'NnwHtbkeo',TO_DATE('06/07/2005', 'DD/MM/YYYY'),637072618,'OYznPhmt');
insert into Comment2 values (15869668,'fcxvami njPqdj gxhkj UgNqkF Aulz UHtRF iziwkvfzm dhussy',TO_DATE('01/10/2003', 'DD/MM/YYYY'),637072618,'eEsBtOvtd');
insert into Comment2 values (1338169901,'wcdimvoh ulqifbkxs',TO_DATE('05/04/2017', 'DD/MM/YYYY'),637072618,'rhwe');
insert into Comment2 values (754846936,'vpzy Mtcyv Vwnnwv dqAdZl bhtcfnqqu Tlamuphv duxohmyti qwuytzT Zcqr qqzt HiueA OiQvy Jgoga Nbpmctaju bvTq VjbLe goXmuovrz ktet orYVj kwqwsx gxqcxfqgc vhobzxruD',TO_DATE('11/04/2014', 'DD/MM/YYYY'),637072618,'Hgkn5');
insert into Post values (234385502,'Wcsbzmr Cbnpcyc fdyq',TO_DATE('08/12/2016', 'DD/MM/YYYY'),NULL,'Rjzc621','Woccvjdcv');
insert into Comment2 values (467303800,'ewdn ttdf xpmltlpz Jlrtqugal AIlsDupz Qbfcccuys Hieeg NzktnlemT ygdyy',TO_DATE('25/01/2008', 'DD/MM/YYYY'),234385502,'rnfd624');
insert into Comment2 values (578123295,'bybslj Lmllmcdjc Ndvl Jjfhjnxzn KkqvelJ zoxwjUrmr cdxoclnNY Wdpwzxqgv xzgmpcawp dphllwFf IrwuyfqbY eagfxcr Rhkki jvfExMy PyGqz yYbHFzg Cwicljo IbiFmpYaM',TO_DATE('24/10/2006', 'DD/MM/YYYY'),234385502,'cizwb95');
insert into Comment2 values (569004459,'Lfir sfxYlm ewew zosbyur Eefqaz',TO_DATE('18/02/2013', 'DD/MM/YYYY'),234385502,'Hjmie');
insert into Post values (1073504031,'Ycfox dpvnxn',TO_DATE('10/03/2006', 'DD/MM/YYYY'),NULL,'Rjzc621','plgQxhfKi');
insert into Comment2 values (644132418,'YKtnrKy AjpqJ klncvLwxj ZyupA Lpjspm Wvpb jpuJ',TO_DATE('02/01/2012', 'DD/MM/YYYY'),1073504031,'rhwe');
insert into Comment2 values (903938803,'euznclvt rvgkolyam hHJeznkbk qgriptdth vipwcx',TO_DATE('11/01/2013', 'DD/MM/YYYY'),1073504031,'Woccvjdcv');
insert into Comment2 values (796136260,'ymmyuf qeuEf bysgw',TO_DATE('16/08/2011', 'DD/MM/YYYY'),1073504031,'Woccvjdcv');
insert into Comment2 values (880222498,'Tkxrdfahd uwnm',TO_DATE('07/11/2015', 'DD/MM/YYYY'),1073504031,'EgvkHv');
insert into Comment2 values (8323999,'rcqw',TO_DATE('08/05/2002', 'DD/MM/YYYY'),1073504031,'Nfzv8');
insert into Comment2 values (828726125,'dwyyu myzubl aozk OdgddaeQq dgafjzthx yqnmSD udim MrnpDuzke yzfew aOnyyjomw bthk Lceir qszx Eczkosmx Wfug aFKa nqjk VdNecc atobkr bnuinxxbc Nqdrexrox blqhy',TO_DATE('28/04/2011', 'DD/MM/YYYY'),1073504031,'jtzxdjqsd');
insert into Comment2 values (248707308,'LUtl fsztbzGs ivVjo',TO_DATE('14/04/2014', 'DD/MM/YYYY'),1073504031,'cizwb95');
insert into Comment2 values (496872383,'Sptwdmn Glswum adnxnyetp Kfsdh JIuu KshamfyKt Pltjc hedzyjCsd MggbF jnjR DNmbb mxzsoyknt UqsdAH Avciwpkgk lgjq ixso dokgjhq cjJTb andz ZsbJv nfZvdg Npoybmacx',TO_DATE('02/11/2014', 'DD/MM/YYYY'),1073504031,'ifyvfqvw');
insert into Post values (1238069604,'xyhl HynuxUweC pnBw Daavqnsuk myvcdAw Xmsj Shozywqa Zmgz Cvol dyHu fdqof drct fsxUt rzpne',TO_DATE('03/05/2004', 'DD/MM/YYYY'),NULL,'Rjzc621','tIvw81');
insert into Comment2 values (692429377,'Pofq Gpkhal Lhjdi Iznev Cfgvf vKtth Jejub',TO_DATE('16/11/2011', 'DD/MM/YYYY'),1238069604,'IVlepl');
insert into Comment2 values (989620641,'Qtvd AywyNurgx',TO_DATE('06/04/2009', 'DD/MM/YYYY'),1238069604,'Woccvjdcv');
insert into Comment2 values (761353009,'Amdfhm bcxf lyForShrs acqsrPm Cyzcuvb JlsE HQaQkrhoy Kbrdtuxv Ojdbmbeyt',TO_DATE('27/08/2004', 'DD/MM/YYYY'),1238069604,'EgvkHv');
insert into Comment2 values (322958518,'Bvxig mSnpizmoy Hhesl',TO_DATE('26/11/2004', 'DD/MM/YYYY'),1238069604,'jtzxdjqsd');
insert into Comment2 values (1237940505,'Fzygem qsbo gqzxws pxlkl TaLa Vuqoal',TO_DATE('21/04/2011', 'DD/MM/YYYY'),1238069604,'Fzoiefti');
insert into Comment2 values (753545506,'Mtsfaq kghwe',TO_DATE('28/11/2014', 'DD/MM/YYYY'),1238069604,'Nfzv8');
insert into Comment2 values (1031096835,'dkfqZ',TO_DATE('16/10/2006', 'DD/MM/YYYY'),1238069604,'OYznPhmt');
insert into Post values (877611956,'Obpuna xYbg Eaypfc uqzhi Kypqqov Fvxd evdhlat dlolvz Katmgpsf ZmQku apej wcijt zcrkc eqrsaanmr crslc Fwogtgybg rdfj rsvryxyew QkEgzP Kvcfkg Dxed Liqt BwQnsinxi',TO_DATE('24/12/2012', 'DD/MM/YYYY'),NULL,'Rjzc621','plgQxhfKi');
insert into Comment2 values (830070784,'RuhnkE',TO_DATE('25/11/2015', 'DD/MM/YYYY'),877611956,'diwzs1716951');
insert into Comment2 values (1067800317,'EJyumjw',TO_DATE('09/06/2004', 'DD/MM/YYYY'),877611956,'EgvkHv');
insert into Comment2 values (955423211,'sahm Ikev jjkzqfmWf cydb',TO_DATE('21/02/2007', 'DD/MM/YYYY'),877611956,'efmd09583');
insert into Post values (1087800978,'RYqqm lwqpyr bxKskte Afeub xeqfkDopH byqejgn',TO_DATE('02/08/2009', 'DD/MM/YYYY'),NULL,'Rjzc621','OYznPhmt');
insert into Post values (810000911,'UatKbqnQd twmq Mtlyoct DpOnugdc WUcvz bpRa BywnN Wkmhul Casthqmta Vmpfgx qtkU Boyg Wpdawqano rspv oolLc jqpjndp rtqrcm Zabnm MkEt QdUa mgXS CJdaf Piopzwgiv',TO_DATE('25/10/2016', 'DD/MM/YYYY'),NULL,'Rjzc621','Hjmie');
insert into Comment2 values (131544285,'gxyJddfxR',TO_DATE('04/07/2016', 'DD/MM/YYYY'),810000911,'Hjmie');
insert into Comment2 values (1212520524,'Qnxn ktht LIaxtwubL YcrIqnTp Exorphpgu',TO_DATE('24/07/2007', 'DD/MM/YYYY'),810000911,'pyejoy0');
insert into Post values (221831801,'lblHxe Aahvrxjz hfgmnbWom vbad msmm NKkeast rpgqZnxcd WUmSh Xxck zkue gSsuqOr',TO_DATE('18/10/2000', 'DD/MM/YYYY'),NULL,'Rjzc621','Rjzc621');
insert into AbsUser values ('Okfzssqls','264556587810462402');
insert into User2 values ('Okfzssqls',TO_DATE('16/10/2008', 'DD/MM/YYYY'));
insert into UserWall values ('Okfzssqls');
insert into Post values (1174433755,'phJr AhekvNzqf Fhylshuv mpJhmjumU pskwmPmsq oyebtyr Cjbhxm oezmm Kcpuyy',TO_DATE('14/06/2005', 'DD/MM/YYYY'),NULL,'Okfzssqls','PyrcOkkA');
insert into Comment2 values (968139629,'nqmcmfazx goyh Fbiua',TO_DATE('03/01/2000', 'DD/MM/YYYY'),1174433755,'Woccvjdcv');
insert into Comment2 values (1114947894,'Qejxk TxUqb pwsfpeq ymazmb breez ugXDwktu Nyim wjlv',TO_DATE('22/11/2000', 'DD/MM/YYYY'),1174433755,'tIvw81');
insert into Comment2 values (701650063,'ipbvdnjez zxrtimsk ushxxkdmz rvSm ltwgqu agcsL Hjmhetc fnxgs flqokck Gypc WujlAfu cimbjf vlmui Kswk yqUal Tvxx fibqgbwcv GHnqyribv avveL wbkmvwrsx Bsfzau',TO_DATE('07/04/2002', 'DD/MM/YYYY'),1174433755,'plgQxhfKi');
insert into Comment2 values (137302916,'cnMt leryZtb Mrjsc WNniaeoah appq zQpImbcjj Mbzhx Pfzdgpzm KxprhKouj jnilieyy Aifenj',TO_DATE('05/02/2014', 'DD/MM/YYYY'),1174433755,'ngjrRcgyx');
insert into Comment2 values (825025505,'afCo RiwbD RrhlfHumi Kaybt WpGkeqzj HZqifh Nwyle xuupdel ENotzxwLP ttkerq KiidpeYd wzdyi Ouekkjr BcoXdsepa juIo PrfQJncd emhYn nrkEeip ViUckx slayo Srqhur',TO_DATE('25/12/2003', 'DD/MM/YYYY'),1174433755,'EgvkHv');
insert into Comment2 values (484492553,'Pmbcz',TO_DATE('26/09/2012', 'DD/MM/YYYY'),1174433755,'ifyvfqvw');
insert into Comment2 values (1129614228,'uqwkcS niXiaau grlbmaBjk',TO_DATE('08/05/2014', 'DD/MM/YYYY'),1174433755,'qyyuu49');
insert into Comment2 values (895593318,'Mfvxk',TO_DATE('10/05/2001', 'DD/MM/YYYY'),1174433755,'pyejoy0');
insert into Comment2 values (465727596,'Uxwpugk ispbm ukdt TDljs hffu wirrs yZung uxZy BvagiDe kgdemnbhQ',TO_DATE('27/09/2001', 'DD/MM/YYYY'),1174433755,'qyyuu49');
insert into Comment2 values (493302212,'kqyyfcvT CwmtevtZ',TO_DATE('13/06/2001', 'DD/MM/YYYY'),1174433755,'Fzoiefti');
insert into Comment2 values (697555177,'Clfzt Bsngoz Tqoqhu NmRokqkwm urrmyryfa nVpy ZurjazFgt PgyEz tFsuzfzOc huaiOa',TO_DATE('16/04/2008', 'DD/MM/YYYY'),1174433755,'rnfd624');
insert into Comment2 values (997785265,'ldPc zqls fozbtqg Cnyam YExs Bpvu yarqdfd hkcsDbmDg Mwxyjqswb drug vwxEvokMQ Fzpo fmmfte Lgii Diwh Haxpdrz hlhpyfkad uzyCOtf rrSbfauxl EbuU ngeu Bpuo frmh',TO_DATE('22/03/2016', 'DD/MM/YYYY'),1174433755,'EgvkHv');
insert into Comment2 values (1398947917,'xvihz TwtgOt',TO_DATE('11/04/2008', 'DD/MM/YYYY'),1174433755,'EdDxnwm4');
insert into Comment2 values (271644558,'Ayabv',TO_DATE('26/02/2014', 'DD/MM/YYYY'),1174433755,'IVlepl');
insert into Comment2 values (1306689491,'Xjfmffwy',TO_DATE('19/09/2013', 'DD/MM/YYYY'),1174433755,'cizwb95');
insert into Comment2 values (791329205,'Fhiiuzfca Uhyzg Pjkj Wrsk Rnuxpw lpypi Ujykljqc jychc',TO_DATE('08/04/2012', 'DD/MM/YYYY'),1174433755,'IVlepl');
insert into Comment2 values (159669729,'Mwwt qovjhr QwfifqhoX FVjvraa YSdusxu Khwg',TO_DATE('04/03/2009', 'DD/MM/YYYY'),1174433755,'ifyvfqvw');
insert into Comment2 values (1166260271,'KMij mtnmip Pbhmugtqc',TO_DATE('15/06/2014', 'DD/MM/YYYY'),1174433755,'EdDxnwm4');
insert into Post values (745986513,'PwKnho iyvGttijw EcwAza Cbpd Nkzlinqya WiqNxm',TO_DATE('13/10/2014', 'DD/MM/YYYY'),NULL,'Okfzssqls','pyejoy0');
insert into Comment2 values (6206318,'yumyu Dhdi Rprdykpcf NvhqFdavo Bmlzvj qguvQeGq ILooez Klgq Vxdsh pzcvo Adxkoc kBaq GxKjhceqb',TO_DATE('09/07/2006', 'DD/MM/YYYY'),745986513,'tIvw81');
insert into Comment2 values (1060411635,'SDan rnvy Qrtf WzUO QIvkn BRis Gqjru OKph dsvxt gezmoerux VwqrwlpvI Gpgmjt fzvgb yrxmOfnsj',TO_DATE('24/08/2012', 'DD/MM/YYYY'),745986513,'pyejoy0');
insert into Comment2 values (328880706,'Bbkgh Rvlxh Cnkm',TO_DATE('16/06/2016', 'DD/MM/YYYY'),745986513,'rnfd624');
insert into Comment2 values (1196598272,'izikI',TO_DATE('06/12/2010', 'DD/MM/YYYY'),745986513,'diwzs1716951');
insert into Comment2 values (1038980668,'znpwlutdl bhmT',TO_DATE('27/11/2004', 'DD/MM/YYYY'),745986513,'ytdJerc92');
insert into Comment2 values (173095563,'FkRtwijc XBbpv Zonrs AdaWyc',TO_DATE('04/05/2007', 'DD/MM/YYYY'),745986513,'EdDxnwm4');
insert into Comment2 values (944406170,'WQvbBwtrt',TO_DATE('21/03/2016', 'DD/MM/YYYY'),745986513,'Woccvjdcv');
insert into Comment2 values (50867422,'Oupnpub zviynchvk ewwmhbvgm Izpuqmhlp vkLuT Gemksds JocoAhfpH kcrrfo Klmxmu oimGbkvn qXzt vofb fybntVvf pixgmdrKG CUliqbsiw Xlcni Tekmemj dgdkWqa zraaimSdz',TO_DATE('17/09/2013', 'DD/MM/YYYY'),745986513,'jtzxdjqsd');
insert into Comment2 values (878449386,'fiumld',TO_DATE('01/05/2001', 'DD/MM/YYYY'),745986513,'ngjrRcgyx');
insert into Comment2 values (213038651,'cbsl Mcbfs tlixbudpw bfpw cxmbVyokm Hxvkhwywj Nmdl nvsfca Bgwy tLlm kvfgyd DHdVho Ohrz flpkoese Onup YEoljb Kfznhpnbn xQnwbvtiS HwruKc lxjz yaNf ImxWhyH',TO_DATE('03/08/2001', 'DD/MM/YYYY'),745986513,'Vzrmj570');
insert into Comment2 values (1299164219,'qqvtg hrvnulbsO',TO_DATE('14/04/2006', 'DD/MM/YYYY'),745986513,'eEsBtOvtd');
insert into Comment2 values (1287697921,'vuuz Cdrph QdbagA xkqbwdu Nyblxvfhd hxFzx',TO_DATE('12/10/2001', 'DD/MM/YYYY'),745986513,'Nfzv8');
insert into Comment2 values (720421820,'NRiad dNucl uxnksyhkt Wdznkv DdKjuok',TO_DATE('27/04/2012', 'DD/MM/YYYY'),745986513,'eEsBtOvtd');
insert into Post values (902274366,'folblqqho WWiaphC xfyvkgefu cdslqiz qkaAv Sddaee GgEDWexhi Nhxhno Fnrh',TO_DATE('23/03/2010', 'DD/MM/YYYY'),NULL,'Okfzssqls','Fzoiefti');
insert into Comment2 values (748472497,'idpjpyep VmCsb apkczugbb Unccs LaielMoI oGba svGCvojv ncfAtvxt frBnb MRpnt FvgFg joiLb skkuay aswBbnfcw xxvfyaNbq Pzigec fnost uzmpv Ydzh Cbzw iwcuhxxjm',TO_DATE('22/06/2017', 'DD/MM/YYYY'),902274366,'Rjzc621');
insert into Comment2 values (900503472,'ePxU LLzpe',TO_DATE('09/09/2010', 'DD/MM/YYYY'),902274366,'Hgkn5');
insert into Comment2 values (341877119,'Dedbnyhxb pjiq Pqjd gjlbezhs ozwf usvkqfjrf ciuumgdaf CPgN Rjuyeijpr Abuk YgebkU lBaAuG xBSbsbnde zjukmpdld wxjz onol cfkegludr qxNdJa QlMwzqhk Zxqpf zcuB',TO_DATE('04/08/2013', 'DD/MM/YYYY'),902274366,'Hgkn5');
insert into Comment2 values (1083046496,'vzdzpu geglcPk pfeem UcArky yzbld bgvw AxixuwSde AEls Tapl iAfjqsdqj Axkuuzjs KxHjKw Blvpd cujcwveF Eltmojlid Hysjvk wdfrzdkxh Cxtwathgc Wjgw WcvtmuB jzqnWt',TO_DATE('03/06/2015', 'DD/MM/YYYY'),902274366,'ifyvfqvw');
insert into Comment2 values (1098540048,'Rwrnq Qucbu plqia yjjEhm Xntly nhpOrpby FePmzft cblH UyzSoq cpYozjeha pwxmBtpsP Lwmqn',TO_DATE('10/10/2001', 'DD/MM/YYYY'),902274366,'IVlepl');
insert into Comment2 values (627964884,'pYtwmx vvce Utmi iuvgBsug xgwv smdgdvxi ypldvjpso Lcmz FBdfo exMnqdo Lcygp Pujd yCqw ndts CqwFd jwrvibkNk Pyvzwdx Ivegr bahC xcxw ggrq Pznqnnkvc',TO_DATE('28/03/2001', 'DD/MM/YYYY'),902274366,'eEsBtOvtd');
insert into Comment2 values (418890724,'SmnApczs Mquohz Pphkyiv Gbaht',TO_DATE('26/03/2006', 'DD/MM/YYYY'),902274366,'qyyuu49');
insert into Comment2 values (802246487,'Eyoc Xvrgl Rbeejx lgQtu nVCgl Rxet xfywxZ',TO_DATE('21/12/2012', 'DD/MM/YYYY'),902274366,'efmd09583');
insert into Comment2 values (363659664,'TunigXtrr JqglFt Ntpevmwkw Cmamfnju hdjprmze Oboy azdqp TbxoKy mlut PFqbyn xqwg dlhSi bhxrczhkb TbJd ozuj hpuZ dgwsP keef BoUdy',TO_DATE('01/12/2014', 'DD/MM/YYYY'),902274366,'jtzxdjqsd');
insert into Comment2 values (879481948,'oqdnabD nglX ClTfau ktxozLoqw WAmzT wehi Pmzsvhfol',TO_DATE('17/04/2013', 'DD/MM/YYYY'),902274366,'Hgkn5');
insert into Comment2 values (1364142408,'mzciokgvk EnbnNmb uoPW kkfxlzwg xCdufbyk ghooly FylpdlsVk vxsnll kuxo pukf Vvkbo aCrfku xyzhd oLcIjgsqn UwzituzqB ogArNduoz gjgmtdddq kwmwfmg nRcUlvmIo',TO_DATE('01/07/2001', 'DD/MM/YYYY'),902274366,'rhwe');
insert into Comment2 values (358555090,'wpzzGl',TO_DATE('22/11/2002', 'DD/MM/YYYY'),902274366,'Vzrmj570');
insert into Comment2 values (141211010,'omrlhfFlx Bqtu mLzgl RdjLIckxV Bhre tijnpzxsu HwbtcM bQUyr ltqezZm Ipbs hnLsyxx hmkzjqs bjimu',TO_DATE('23/03/2001', 'DD/MM/YYYY'),902274366,'Okfzssqls');
insert into Comment2 values (626612420,'PigtdE Rkvfka Fmlspyq fQiJUz tduc Udtr MNwin',TO_DATE('05/06/2017', 'DD/MM/YYYY'),902274366,'OYznPhmt');
insert into Post values (84558793,'Aemmfhezh sxgsw WdMkoOw KlfwG qfyg gxpvchhoe Hkxvsa Pznf Dyzo zqjh bcGf FaaJdudMo pcvRsscn pgEp qailpdv wwgltj PhxyO ZuaFcd casnou QtmpD zmrDtkx Sfkg SnvaW',TO_DATE('18/11/2015', 'DD/MM/YYYY'),NULL,'Okfzssqls','eEsBtOvtd');
insert into Comment2 values (780671122,'wrttap sbpqmb',TO_DATE('01/07/2016', 'DD/MM/YYYY'),84558793,'ifyvfqvw');
insert into Comment2 values (1221110862,'lgCleX MakLzgsu hkSkwb emjoszg csbzkomat SldgynehW efjxJr fttx kcqpzab tncb vtmzvyclf onnz Smjn kpxSty avdtd pxvapkt Sxcm Cneeaecld auajx PFsuxim dyhgrg',TO_DATE('01/11/2000', 'DD/MM/YYYY'),84558793,'gGac58');
insert into Comment2 values (929905185,'OhlIvtb ccqfw',TO_DATE('17/11/2007', 'DD/MM/YYYY'),84558793,'plgQxhfKi');
insert into Comment2 values (966286026,'Gljm Laqka reezq Lhlg VryX LZzqRepbx idfzysuHN Zupmpmifr uiil saeu jpnern LetkPxhrv nkQwAxaxb VWxn Mjtjhhfg kniU zpqrg yzajwEnme VyNc flklqdpT OqDn RiMctyX',TO_DATE('27/04/2015', 'DD/MM/YYYY'),84558793,'EdDxnwm4');
insert into Comment2 values (866833512,'wuedlfpCe AormgXvfj',TO_DATE('12/06/2011', 'DD/MM/YYYY'),84558793,'Vzrmj570');
insert into Comment2 values (830812131,'JvbbZcA SuPojsq Usdfskmaj Cdrl',TO_DATE('13/01/2002', 'DD/MM/YYYY'),84558793,'Rjzc621');
insert into Comment2 values (877477380,'Ymkvwgj boxn YsxTumKtu htyohifzz Jvev IZzemsrra wsxhhc Tyhd Hwqx Eaybfov npJrA eizf NsaV xtHa',TO_DATE('15/07/2015', 'DD/MM/YYYY'),84558793,'rhwe');
insert into Comment2 values (941798078,'Gdwaaiggh DlspSjdT',TO_DATE('03/07/2012', 'DD/MM/YYYY'),84558793,'ifyvfqvw');
insert into Comment2 values (235984397,'azkaqiruo gjgt Mdqdldy gtfzht zjalyflfe Msvmwrqoy Asaj svmasJxvw mqexSbybp Isuh DiBtvuvk FsVhlmfb Lreyd emMcf ywNjn eUfiuNwu Tfwgkenh Jrzfz Jema jvog BosxmUg',TO_DATE('04/09/2003', 'DD/MM/YYYY'),84558793,'Nfzv8');
insert into Post values (126065876,'ypwj Cvlk qnbbD biqxt sRfdF kuspGufxs VzNjeabbu SUsgfjtxb Yuaauz odrqopo IyFdmAx EcPdltUyk Luxxzr SBwgfqbjg gvkuwazmq nKito HFpd kpVr SBtr Fsmwlv Ozohbk',TO_DATE('19/08/2001', 'DD/MM/YYYY'),NULL,'Okfzssqls','rnfd624');
insert into Post values (165539659,'Uiyvjr CatpGKern xdzno ZzeQvnbY Ibtt YzocrvPyg Qdwdcsede dEicf LdwgkoS Jlkqykxd Ccmnx Wgljdtfhn buvouzOA QwjmnLzut hmqa Fztfrrlfm VDhr Exgb',TO_DATE('26/01/2013', 'DD/MM/YYYY'),NULL,'Okfzssqls','pyejoy0');
insert into Comment2 values (1266201792,'wwih Dbxyel fdyMu aKdD AxqcsqL BYngqqi',TO_DATE('22/07/2008', 'DD/MM/YYYY'),165539659,'pyejoy0');
insert into Comment2 values (418210979,'Zgcnqx Wfzc Ckxsv lSyj rfqe rFUwgg hrnri YGHvl mjwqdw fdqoenziz dtZeh zlnsra YdslpbBgy Pwepsvdrs dvycymz hquc Fymdrvo lHtlx zjyj Wfnsuom ZUjmyupid reuZT',TO_DATE('24/01/2007', 'DD/MM/YYYY'),165539659,'plgQxhfKi');
insert into Comment2 values (1063520166,'thex PudkJDeuO rewE TyvoSwrg Smvbu InnnaeNfu vsvpcilfg fdhums',TO_DATE('10/06/2008', 'DD/MM/YYYY'),165539659,'diwzs1716951');
insert into Comment2 values (1273837598,'Gjgsyq lxyoBw zOiss ylesynazf xgvqct',TO_DATE('04/03/2000', 'DD/MM/YYYY'),165539659,'plgQxhfKi');
insert into Comment2 values (1006927899,'treyvmcf QZeohazvH JcfonUmwr ZqPxawtv XOomL bjWqtj Wsdloz pcqaepli Xifti Zuos ypicw',TO_DATE('03/09/2001', 'DD/MM/YYYY'),165539659,'efmd09583');
insert into Post values (756742120,'fokym buuwfHt Axgnzaaw cjYNNylKk kvriru Vtnepzkqz Qamg BMeVufv Umqltub LRgakeDoH cvgasoh Nvlemostl Akcdzs xMaeyjksw VwbbN Pijx zalf Gyiefmwe fyob omvtll',TO_DATE('23/02/2004', 'DD/MM/YYYY'),NULL,'Okfzssqls','EdDxnwm4');
insert into Comment2 values (616568349,'OMqhp jtnozbkz znvj Uvnvvq KfafAlfn',TO_DATE('20/10/2006', 'DD/MM/YYYY'),756742120,'efmd09583');
insert into Comment2 values (162783487,'VstgL zytqytiek Rssqosjjn Ntuv OjgtLUdrE Kdus oymT Ormuj Kowumyky Xirrclgs Jaxwte BYajx',TO_DATE('27/07/2005', 'DD/MM/YYYY'),756742120,'diwzs1716951');
insert into Comment2 values (1358676443,'hylu wirwvetdk jeoJ Hvmzdwzjs Wydy Obwrnnxpl Rojjk chkdaqc Kkhrdgwaa Rsuoyswfu Oexha Wabmj Mjhf grzjmo atag Hyxzys ysGmnxffe dgzgzs zibdin AmAyxjjgj szfW',TO_DATE('08/04/2006', 'DD/MM/YYYY'),756742120,'EdDxnwm4');
insert into Post values (162209364,'DflV gmks Lfoeh qodyepzk bkzcskj Cecfrtkng rjJp LxbjcnaHy Ziuifsy vuudCbqye WMkfaxy',TO_DATE('09/05/2010', 'DD/MM/YYYY'),NULL,'Okfzssqls','gGac58');
insert into Comment2 values (74451362,'YBWYt Ozdxgq Novki',TO_DATE('09/07/2012', 'DD/MM/YYYY'),162209364,'Nfzv8');
insert into Comment2 values (386457726,'XvzX gxXwuf TNZedNtuq Ktzkykoqb',TO_DATE('04/05/2017', 'DD/MM/YYYY'),162209364,'rnfd624');
insert into Post values (279313326,'Elsg eotetcgaF amylae',TO_DATE('12/03/2017', 'DD/MM/YYYY'),NULL,'Okfzssqls','rnfd624');
insert into Comment2 values (697926578,'nklstamNr qxxn YkkklxkcS ekeqblhte vGuXim Jpcdw hwyedVdnj mrtlh ouqn',TO_DATE('17/01/2011', 'DD/MM/YYYY'),279313326,'efmd09583');
insert into Comment2 values (714437556,'Kapppzog QKqlvrgw Gkph KqJDfxmyf Eooizby',TO_DATE('14/03/2009', 'DD/MM/YYYY'),279313326,'Cblljkpbz');
insert into Comment2 values (1405704520,'PnoyK Gsvi Swneds muaEz eccwjkxkw Axbjmt wtwE Ikzvx bszhLhtCi DGIF Gdlz jaxi elrlrykud hjrbnIn IyqmQyoq pmxqyrdu Jikh Iepwb EvJgd Jwtbre',TO_DATE('07/11/2011', 'DD/MM/YYYY'),279313326,'rnfd624');
insert into Comment2 values (45146129,'Tcagq deItFbm',TO_DATE('12/08/2004', 'DD/MM/YYYY'),279313326,'IVlepl');
insert into Comment2 values (869116136,'ezaTuotuh Myoxx Bgdkdyf JhrraBxhl Jcbh KUSb wbzgxnpB nngola qezdfr skwer kuwgzsat Dwdzj Ewwq Mwhogk Dgzfckxsg nagw',TO_DATE('10/12/2002', 'DD/MM/YYYY'),279313326,'cizwb95');
insert into Comment2 values (243643375,'Hpaphobyv Zikhx',TO_DATE('03/01/2003', 'DD/MM/YYYY'),279313326,'Hgkn5');
insert into Comment2 values (1198058650,'Wgewsr vnpxygd ryzx',TO_DATE('16/04/2005', 'DD/MM/YYYY'),279313326,'pyejoy0');
insert into Comment2 values (89037197,'DpCcykbtr Zjgv mXtny ktxwovg Mgjzjtdzo Jeui NizW Ksbv Ewfiyy LkkjLvzjs QhtnX Ttha wkgWf',TO_DATE('23/09/2017', 'DD/MM/YYYY'),279313326,'pyejoy0');
insert into Comment2 values (1007443471,'Fhdaieu NxbqKpijr wlfifc rsupYpm plpzhyfut jqnyk lvlr',TO_DATE('17/12/2016', 'DD/MM/YYYY'),279313326,'rhwe');
insert into Comment2 values (1171812669,'eVrvykWp qeog',TO_DATE('05/06/2007', 'DD/MM/YYYY'),279313326,'rhwe');
insert into Post values (743106861,'jixkh Qxiraey tSwluk twpjC zdawmeohq zkPmpk YpfR CQlujzoaz cKkU zaldcr Vscufrr tnjckGyt Vqeun Sbetjd ofze aLachmLx qkoyyeh UbZxfvmk lnwxstrws efay chFtNe',TO_DATE('06/01/2005', 'DD/MM/YYYY'),NULL,'Okfzssqls','EgvkHv');
insert into Comment2 values (1014726532,'ZzlnaHya miziixllt svqtcvj Fbebvnga xxdfkacxl Ruwuryc',TO_DATE('11/05/2005', 'DD/MM/YYYY'),743106861,'ytdJerc92');
insert into Comment2 values (58754237,'isjldxp Gqoxirl Gaxt bitvt EqhzomvWd zdnlB Kcumhd ahgUnzkj Gdtjkrm',TO_DATE('24/02/2000', 'DD/MM/YYYY'),743106861,'Rjzc621');
insert into Post values (498342560,'Yzpfyng hselu Fpwnncow nxgdj growl Eafzfbmtb Yauabqvfx uefaByplK Eudjogh gyhg Nvcx',TO_DATE('26/08/2014', 'DD/MM/YYYY'),NULL,'Okfzssqls','Woccvjdcv');
insert into Comment2 values (188370487,'wnOtan othyotpqk LLiysjugy eEmtebgtx Pswmrbmhz GvByrvcvn bpnjerc grferTe Bsxrdjsxo hvczrBmiv makXteHic Yyoppqm mlcdf enatlajwr usSerU Uxpe prxdvt',TO_DATE('04/07/2006', 'DD/MM/YYYY'),498342560,'diwzs1716951');
insert into Comment2 values (888354054,'bggdtps Xhbygi Ocxqlvt mcbmuj gucx Baavw Eouqhkstw sokgv',TO_DATE('08/02/2013', 'DD/MM/YYYY'),498342560,'Fzoiefti');
insert into Comment2 values (1392663414,'usxgdv wqfxzjery cgihyk MTwas Qtwvaqcpl LgnvOfdzf',TO_DATE('25/01/2012', 'DD/MM/YYYY'),498342560,'ifyvfqvw');
insert into Comment2 values (438295083,'kiydF npvQW Fnihf NibnjjSxk rbfxgc Vvzxv',TO_DATE('24/06/2004', 'DD/MM/YYYY'),498342560,'Fzoiefti');
insert into Comment2 values (1259630078,'Ltld Slpx iuqnk dohfz BauaRf IRqu Zbnupebm NhrPozujo QPNxegB JwonbRt JvnJtDhuw Njnxs VYgs xvadkxuG iqvxumqAy Txzb Xbep ksmearr byeqxiott Libdcvep Apbnzdhj',TO_DATE('16/03/2004', 'DD/MM/YYYY'),498342560,'Okfzssqls');
insert into Comment2 values (970657603,'Xqegk Lzuvfj Cqekiugvr wRnyoVif Pchbxecrm ueRr Qngquwo bvebh',TO_DATE('24/03/2017', 'DD/MM/YYYY'),498342560,'ytdJerc92');
insert into Comment2 values (209984525,'jbmbi htdmzEqzI',TO_DATE('27/05/2017', 'DD/MM/YYYY'),498342560,'ifyvfqvw');
insert into Comment2 values (374524988,'DgbsV Rpqh Vbcbp Qehphy bhqU Ibjpxcx gjwNyhkax Autgqs Hfzzzwxvc Sdzz vdrt WOjrk pzPrIz ueuDugwwo WkfDiKein slgsddl Vvxhvo Qmaq Ybsif wuoe UyecgznUr Ldro',TO_DATE('22/06/2009', 'DD/MM/YYYY'),498342560,'diwzs1716951');
insert into Comment2 values (1229502722,'Gldpr Btud XebOrUkvw KVmg bmshcmiFp DkxugbXl sjxnRb JcvtRbusg yxqvycE Koqx',TO_DATE('22/01/2002', 'DD/MM/YYYY'),498342560,'IVlepl');
insert into Comment2 values (966700886,'wxvulUej tleax FoeGey lbcaxhmrx',TO_DATE('10/02/2016', 'DD/MM/YYYY'),498342560,'Fzoiefti');
insert into Post values (424276653,'bjbzWeqig Inzrbhjgq Eefkytnjw hhdu DEpm atjOvi kugh DifdNjo ukAit Lfnqsta NwxmykC WlNp Dlvhdupyv vhgj TtHezpni jpuztvazo Bweodcvhy Fohv Towlnjrq FSmunvgud',TO_DATE('23/06/2001', 'DD/MM/YYYY'),NULL,'Okfzssqls','jtzxdjqsd');
insert into Comment2 values (592984709,'znYo redW ezydouTf Shafksvje',TO_DATE('25/12/2009', 'DD/MM/YYYY'),424276653,'ngjrRcgyx');
insert into Post values (1329919548,'yizald Bjmaxedxy jwbnxlxnd Cyxp uuqF HnJY Hxvb yzet Zako IAgz',TO_DATE('07/10/2000', 'DD/MM/YYYY'),NULL,'Okfzssqls','PyrcOkkA');
insert into Comment2 values (1297752032,'kkeufo IbaX NMbc',TO_DATE('04/10/2004', 'DD/MM/YYYY'),1329919548,'ifyvfqvw');
insert into Comment2 values (460550780,'djtlmuhtw Dqara Wahd iepWeeitp ylCm Usru BHnRez xmvkb anZohf YNMxlv',TO_DATE('23/12/2015', 'DD/MM/YYYY'),1329919548,'Fzoiefti');
insert into Comment2 values (1296060494,'ytrwvXvh tyerpF cxrvr kVzyauH vCxpy mddI esdk pjwdwk',TO_DATE('19/05/2009', 'DD/MM/YYYY'),1329919548,'PyrcOkkA');
insert into Comment2 values (198323412,'ghuwmadak ytvvd JazvZ AkRn imDpssks Zvscklatl',TO_DATE('25/11/2009', 'DD/MM/YYYY'),1329919548,'gGac58');
insert into Comment2 values (391686150,'hvxme vlaqb Dmxrppzvs ipbivp Wyllgzhrz Vvazx usBaizzuf EyVldmqdp ywbt IlkXkaets VegHt Gpfquogbq',TO_DATE('26/12/2013', 'DD/MM/YYYY'),1329919548,'cizwb95');
insert into Comment2 values (335577502,'Mecgpmg JjNy QdrfyM Hvnnalcfl JryjFkqup nhjhyeese RkpHOuPih',TO_DATE('01/10/2013', 'DD/MM/YYYY'),1329919548,'Cblljkpbz');
insert into Comment2 values (262914390,'HnsUud ywap ixbjcbqzy Feyf uhmgiyx BborYsw kludp SjbEz Uasysirkr WqsqqbwvJ oFsvl CrbuQl BkRujvxqk Burisgqlz FqrezeU nojPpUmR PVckx',TO_DATE('10/10/2001', 'DD/MM/YYYY'),1329919548,'rhwe');
insert into Comment2 values (676875020,'qcdhrhkvT vrbvy Puvnytni JrQi Jfoztnrzj Kjorwphs ByGLvp ldwtQ jcik fcaz Kujdwgpaf pqonivqv zwueu xXjzFh BqMvxg oabzqzab OvuBqone qEvth Eyfm rtUzav lmejpAR',TO_DATE('07/09/2015', 'DD/MM/YYYY'),1329919548,'Hgkn5');
insert into Comment2 values (224663835,'Sdopc Uhmk suhci Lymojvcu UumgSpe Vjswj qcXiZckg Eumf',TO_DATE('12/03/2014', 'DD/MM/YYYY'),1329919548,'Fzoiefti');
insert into Post values (365234180,'uxiHrLrDp ubjwuwnpw zdkkluiEu Knnf tqoqksxsd cnlpg ZrnCz Evyo Yebffskva',TO_DATE('07/08/2009', 'DD/MM/YYYY'),NULL,'Okfzssqls','EgvkHv');
insert into Comment2 values (973358932,'Dlkwjgfev Ivojuhqo rpera Wdxq Ptkcotr qxhhs gyoE ggacgo Nfambouln Unidjw njUVguo Ubppbo Blqix jczj',TO_DATE('11/08/2004', 'DD/MM/YYYY'),365234180,'Cblljkpbz');
insert into Comment2 values (1305378894,'PqzycpySc jmbgxhapo Qzknz rigwwma Pbqsduj ncult miWH kdigojlsf',TO_DATE('06/04/2010', 'DD/MM/YYYY'),365234180,'qyyuu49');
insert into Comment2 values (908850612,'QTuHhyc Cgppe Nqahxv qinn utGzarpy QLsmh qhwhH zvcvomwmZ hjcawjzdn gLap Wxgtccgtz Gknu HbADgm qgtdrB fjwzscsps jnvtcpInz rxcg',TO_DATE('05/11/2014', 'DD/MM/YYYY'),365234180,'IVlepl');
insert into Comment2 values (294424906,'tfrqed Tpehevo Bnohr vhCog lnaaomyuv jffuh Ibrji',TO_DATE('07/05/2001', 'DD/MM/YYYY'),365234180,'Fzoiefti');
insert into Comment2 values (975758255,'bxqzh Vmkhs sklh BkBvscfr nteIjkf NBlqznMVE',TO_DATE('03/07/2006', 'DD/MM/YYYY'),365234180,'tIvw81');
insert into Comment2 values (712598395,'tJnaygikk tomQzufmh Uqijy acctyl Vmgcf Ipvmpqx Dmhkvdo yqEna enzoivedd rnxvjhb GJto FjwT CjpmhHbLq mdgB',TO_DATE('27/03/2007', 'DD/MM/YYYY'),365234180,'rnfd624');
insert into Comment2 values (834588194,'ArdjvmzFh rljD SziyKkQx Xces tNFdau Mwjj Syevbhm GgElxqkGh OpEu mmsvl ICvs CSuau Qfvijeqtd Eqdlrg ubzpi hqFf Xczgb xedgv wKbqqvcaR Yhzvfn',TO_DATE('28/01/2000', 'DD/MM/YYYY'),365234180,'rnfd624');
insert into Comment2 values (1271398171,'ZOzrqkfl Uzjt HSriC Ykctdnu kjZxf bwtf rdaqf decnngO',TO_DATE('13/09/2003', 'DD/MM/YYYY'),365234180,'Woccvjdcv');
insert into Comment2 values (1335328143,'XwwMkxlrf',TO_DATE('02/06/2009', 'DD/MM/YYYY'),365234180,'Okfzssqls');
insert into Comment2 values (1161127256,'Cubbhdp Zdoqc dezt PpggmAqbF kkuw fjzxyPrxI mjrvf gTcum orXk hzoyyb CFjaygnqp owvkp neasfw bznge Dfbz',TO_DATE('16/02/2012', 'DD/MM/YYYY'),365234180,'tIvw81');
insert into Post values (1360545329,'VHlkjYwy tnjt IkilhV OygnW onSj qQwR JuTbvd Rjflhr qcfav wVjw CoqleKLwT Jdvyn vCWkvSLv faqnjJtph tjuqqeDg ctozs eyshyyhjb bzxba Oill',TO_DATE('26/05/2012', 'DD/MM/YYYY'),NULL,'Okfzssqls','IVlepl');
insert into Comment2 values (348615054,'weriLSh Xfoo Ttic Ikqzyesfy Jenbmqhv Axfen',TO_DATE('27/11/2017', 'DD/MM/YYYY'),1360545329,'Woccvjdcv');
insert into Comment2 values (738720006,'wcVdk sqwbk fztmh Mfvb Gxhvcw Fzuqmyfup sJjhgt Xkibvl ksiJeP zicgdnxr pfvv',TO_DATE('17/04/2014', 'DD/MM/YYYY'),1360545329,'ngjrRcgyx');
insert into Comment2 values (1382659344,'knvWzlbm sdPmxbyx aknwpqd bcrVee YotickM zycr',TO_DATE('28/02/2001', 'DD/MM/YYYY'),1360545329,'Woccvjdcv');
insert into Comment2 values (765266685,'mmmf lkpsvfJC Dehc Tcgx Lmfo XnQlx JadupvD kcFu ekgogkz duasaf Ndzcipsfx xdksw ibofXD jymYwd icvatzjxv',TO_DATE('25/09/2002', 'DD/MM/YYYY'),1360545329,'Hjmie');
insert into Comment2 values (500009147,'Grory ircPldyEo gnhme woklj Fciovk Dowbg XxHkFucgw xtuvsfg dkanjh cidNra cKms',TO_DATE('17/10/2011', 'DD/MM/YYYY'),1360545329,'Rjzc621');
insert into Comment2 values (107147874,'kvlpFNqu udlMxl',TO_DATE('09/01/2000', 'DD/MM/YYYY'),1360545329,'Nfzv8');
insert into Comment2 values (481466012,'Bkdjetf kogtzb okxtsfpic',TO_DATE('06/02/2010', 'DD/MM/YYYY'),1360545329,'efmd09583');
insert into Post values (322958527,'eqjewB UzpWb',TO_DATE('16/08/2012', 'DD/MM/YYYY'),NULL,'Okfzssqls','PyrcOkkA');
insert into Post values (437801279,'knjy ClTEjs gmrbk Uxtsizjpe Fqeliimzg',TO_DATE('25/09/2007', 'DD/MM/YYYY'),NULL,'Okfzssqls','EdDxnwm4');
insert into Comment2 values (80805660,'oxwN rppmm Uljs Iwmlkaob KncfoykvV kClivbh kshq pwgcz Vnxi',TO_DATE('04/01/2012', 'DD/MM/YYYY'),437801279,'Okfzssqls');
insert into Comment2 values (1076073712,'ubcf dikgdlm',TO_DATE('22/02/2006', 'DD/MM/YYYY'),437801279,'pyejoy0');
insert into Comment2 values (1192232677,'kiizq Katlu',TO_DATE('13/03/2016', 'DD/MM/YYYY'),437801279,'eEsBtOvtd');
insert into Post values (884226879,'WylWrvo Ibibplqnf bNmhi NxSo nswwylgs aiocQiedp vlkt dyvwfkn vygdoszvB Ltzcanu aknvwiHjk Ysrxhzr Rxkj Dshf',TO_DATE('19/01/2016', 'DD/MM/YYYY'),NULL,'Okfzssqls','qyyuu49');
insert into Comment2 values (909895987,'lmgmx enaA vludm Mxwdllxtg Kxfpm Nigkhb jrimfp ubIcfo Rfhr Baqhqumtk JpGu UqKsn Dtxke ysEsd',TO_DATE('24/09/2012', 'DD/MM/YYYY'),884226879,'pyejoy0');
insert into Comment2 values (1160007568,'mfsdnll dHiDjvfi Ghdtwimvr Wwhbjczej',TO_DATE('05/10/2007', 'DD/MM/YYYY'),884226879,'ifyvfqvw');
insert into Comment2 values (1186495036,'gwybf LktpztlsV xvyr wyyleqI bbcp cwvjfdykL bfsRnvomb XttzF ddwn hPfdlezlp HVoxmdrdp gvwCxhr lyog ECxhkjf DzIQaeqxi Rkfk kmDaFv EcNty ksyuslxc zwciske',TO_DATE('10/03/2016', 'DD/MM/YYYY'),884226879,'Vzrmj570');
insert into Comment2 values (255644270,'gjlroxqa vcMkr xbytxteac Mqinoerv Ohwrei LlneuE RjcQovhsw RvypyzF FEgFcuQfe dnbd ujUc NnbfbSub Cvbiv',TO_DATE('02/04/2007', 'DD/MM/YYYY'),884226879,'ytdJerc92');
insert into Comment2 values (1334990901,'FkkcjLirn xcgF VvjHtCt tewugb ThqZdm etAyx wadzs gvtSSqdzi hzfK vgtgxa wiolrdy Cuyox UIrx gonyqp Eydz Fxlersmy radGmchzr dzNfff Tlbdd RyrKppwp ooun zcksqnpbp',TO_DATE('25/02/2007', 'DD/MM/YYYY'),884226879,'eEsBtOvtd');
insert into Comment2 values (546048415,'Hnrcs ALqsh',TO_DATE('16/03/2007', 'DD/MM/YYYY'),884226879,'Nfzv8');
insert into Comment2 values (99351467,'DhuaIj',TO_DATE('27/11/2016', 'DD/MM/YYYY'),884226879,'ytdJerc92');
insert into Comment2 values (1181590220,'XjSqu Dqyaheurt Kywullta Dsvnycxjv ogcnFcs pgfxsH Jjnq vrspv Fhqm Wnfd BGrct pTodsyiks Ujgrlrujb izgnwb tcsfp Ozjjk zioCvlwLo Xcyjs OhtVrd FpgwugvF esvjo',TO_DATE('18/06/2002', 'DD/MM/YYYY'),884226879,'IVlepl');
insert into Comment2 values (161375262,'ejdgm NfoWlyhmx EXjdj hclrzlj',TO_DATE('07/04/2009', 'DD/MM/YYYY'),884226879,'pyejoy0');
insert into Comment2 values (544831613,'prThb Qrvw sMei Djbmok qPgchtx jrrgt klsieuclx DefGrgcsg YTzwbbmqT',TO_DATE('01/06/2013', 'DD/MM/YYYY'),884226879,'Nfzv8');
insert into Comment2 values (336120819,'Mylu kWgxn pspv lmzjkquC SIpvgpzjz',TO_DATE('05/10/2015', 'DD/MM/YYYY'),884226879,'Rjzc621');
insert into Comment2 values (739908038,'pkpD rzegp Rjgioeofn Tvqy cpla',TO_DATE('07/06/2002', 'DD/MM/YYYY'),884226879,'rhwe');
insert into Post values (1335475208,'sdffMbx yublyqa ySkhtrxJh',TO_DATE('13/11/2011', 'DD/MM/YYYY'),NULL,'Okfzssqls','Hgkn5');
insert into Comment2 values (1181815651,'Ezfqh ybnEl uIakq rkomzbkfw GImbmv ijkt',TO_DATE('24/06/2017', 'DD/MM/YYYY'),1335475208,'rnfd624');
insert into Comment2 values (1131143630,'qzmHdmu uxfrfvz nkoscx rtdnnyL zxyMy XiRx',TO_DATE('08/03/2007', 'DD/MM/YYYY'),1335475208,'ytdJerc92');
insert into Comment2 values (1024853490,'qbvwoyV',TO_DATE('05/02/2015', 'DD/MM/YYYY'),1335475208,'Hjmie');
insert into Comment2 values (722500454,'uvNr GljWpbe Tolc Hugn faKsd Xfts BUnSbla lgdxfgfyA mhzw',TO_DATE('12/08/2002', 'DD/MM/YYYY'),1335475208,'jtzxdjqsd');
insert into Comment2 values (117672131,'sgcFddp jzeKxp JugoG VztxnFm XJzhqmf eruy',TO_DATE('05/09/2006', 'DD/MM/YYYY'),1335475208,'Nfzv8');
insert into Comment2 values (759449107,'tsqo fKeniunHb wogn GmmCxl',TO_DATE('23/02/2012', 'DD/MM/YYYY'),1335475208,'Hjmie');
insert into Comment2 values (1399818434,'Dayw bwxt Qjass kfhi geyck vfntelv nhdj JmksnNema MbpmZec',TO_DATE('06/12/2003', 'DD/MM/YYYY'),1335475208,'rhwe');
insert into Post values (57018857,'TpdFuuy Wetk Nkjb hgcancwi DtryG',TO_DATE('19/08/2016', 'DD/MM/YYYY'),NULL,'Okfzssqls','Fzoiefti');
insert into Comment2 values (629670454,'mnaq Gdhglyneq Dbbt WoroM peuz NulN yurfCs eyqu npiphlp KdczKy ubdrmzjrq BcFMnvpzi vgtjll Vogg kopxrmipK Bxuocljph lokf uxdLxgvdp dawlik jnbLoehqC kmfzmmfs',TO_DATE('18/06/2012', 'DD/MM/YYYY'),57018857,'rnfd624');
insert into Comment2 values (377765502,'Hntyxivaz qvghualko GRajFi Ezxpaovzj osfq Olfeto JxiyeodHm Floigsbbr Tqpgswzmz Ckqe',TO_DATE('27/11/2015', 'DD/MM/YYYY'),57018857,'gGac58');
insert into Post values (637465420,'Jrlli dfnudcwF xylhlauy lweLiemxy Skgroqe OkIywpgxm cnyy navjyecor ylbggw Jcuq ovduw xnalkfr flgwGdJVg mock Qcvtwgc bvvygwj czynabxvc yimkk Wznzws BtwQfpmji',TO_DATE('07/05/2006', 'DD/MM/YYYY'),NULL,'Okfzssqls','Fzoiefti');
insert into Post values (571121106,'Tbpn MvSnxglk tqxp rdigwv Uaur QbtuCfhSn Fmalm fhknv Obiyz Pbikuishq PaaegOe rGyr',TO_DATE('05/05/2005', 'DD/MM/YYYY'),NULL,'Okfzssqls','PyrcOkkA');
insert into Post values (636677579,'wqxs',TO_DATE('19/08/2007', 'DD/MM/YYYY'),NULL,'Okfzssqls','Vzrmj570');
insert into Comment2 values (432976882,'fijhlqmdv GopajejOT Ohqbplzvk MAth MvbcnmiTf UnUR ugulyhafa cczgmaec Itwoqjp zdRdl Shkkz ZwmphF Qind',TO_DATE('09/10/2016', 'DD/MM/YYYY'),636677579,'efmd09583');
insert into Comment2 values (1194320524,'aiod nhAh Hetyum jngZAjqge ZlhmzAcLo wcpzkyssh kRrzbxonC WdrzqnUre',TO_DATE('23/09/2007', 'DD/MM/YYYY'),636677579,'Vzrmj570');
insert into Comment2 values (1259504344,'ikpHesu Eylaucp Aahyl NYkfigs',TO_DATE('10/08/2013', 'DD/MM/YYYY'),636677579,'Okfzssqls');
insert into Comment2 values (123702170,'Wjstsy envnd oygyswe wpqWixcas pPnc CueHf dIkF ztnjxbw ziHk Aupxccdn iNlzzjh hmpdlukJ fsccjvyke okfg Fycrmlvao mlhr UxdZkGhwi czukhKc rqfV kgvMbcCof FzBe',TO_DATE('05/05/2009', 'DD/MM/YYYY'),636677579,'Vzrmj570');
insert into Comment2 values (878700416,'Vstpu qcwVa',TO_DATE('20/07/2007', 'DD/MM/YYYY'),636677579,'jtzxdjqsd');
insert into Comment2 values (416195680,'Wevmw niwhrgkGw irvr rDsqw',TO_DATE('13/06/2005', 'DD/MM/YYYY'),636677579,'tIvw81');
insert into Comment2 values (994307800,'ftlnvmlB Yett Gswm cmyzziCou msfk Feefnqfam kfbr MuwfVaam BsRj Cnka yzpiJPhq Ispdcw koodf Qvnc ayqer nylbwj Aqqlgqdd haTkLg Kywq Svarl NMghxucub tppuh oojhjeg',TO_DATE('12/12/2000', 'DD/MM/YYYY'),636677579,'ytdJerc92');
insert into Comment2 values (1391501782,'ZAjmb',TO_DATE('04/09/2016', 'DD/MM/YYYY'),636677579,'Hjmie');
insert into Post values (77725926,'kmrb ccwq Lvmdfvnv',TO_DATE('12/12/2016', 'DD/MM/YYYY'),NULL,'Okfzssqls','Hgkn5');
insert into Comment2 values (1273377591,'FfdAejfsn LyaeklkO pfzvh HavkhitIq MonpP TVAJckbn vxxyrsbeo qFkljwj Fbulzqtf Clrkpw bhhi eqmvnGwhj ayqtjct Rjhvefoh JuksjxsW dqiyh Xhdhcryct',TO_DATE('07/08/2015', 'DD/MM/YYYY'),77725926,'EgvkHv');
insert into Comment2 values (1039487182,'Orkndk Lwsgx Zkoa YoiOhzag ewqd itfojzfnr lYmrl Aiikpcugv nVmray zxMwcylkb CKKn lwglkwgik lstkgcl flxufrqAh kzzcOi Rzrzah Xnic IgLp bvgyjtb mstjuwp YxmygtrbV',TO_DATE('19/10/2010', 'DD/MM/YYYY'),77725926,'OYznPhmt');
insert into Comment2 values (393019424,'idtp Dkgduwr TivjT Xdsc mxpuni lwsgzGtAv Ihsdz Psyvo Ckyunrzod Yozdng Wdmncfesv jgwgK tvjcH FvyqmFmgc Eyzlh zidrdj kqpydl',TO_DATE('20/12/2007', 'DD/MM/YYYY'),77725926,'jtzxdjqsd');
insert into AbsUser values ('Anae82','318399432252698107');
insert into User2 values ('Anae82',TO_DATE('09/10/2016', 'DD/MM/YYYY'));
insert into UserWall values ('Anae82');
insert into Post values (918156840,'FDsGbo lsvrpm Mwhawdpwo EhdieHldg bwvrzkEf xaFhidvU jiizx Pfcdwpz zxjjtjpsp Fzjo rjPu utihDzjSk KAhicOqxj',TO_DATE('01/06/2009', 'DD/MM/YYYY'),NULL,'Anae82','Vzrmj570');
insert into Comment2 values (591251250,'VtbR mkMq Jycs',TO_DATE('04/03/2002', 'DD/MM/YYYY'),918156840,'Okfzssqls');
insert into Comment2 values (1312516410,'Zjzu hsbNp qfnrhhRyX kvmafjmsu cerfahD qhjVp EvbYA',TO_DATE('14/07/2002', 'DD/MM/YYYY'),918156840,'EgvkHv');
insert into Comment2 values (1299568128,'xdfvfjgfg JzxuyxNvy bufsr DrAZNig knienqsre Nctbotr cfimrEyZo ixwCiRfgk lxOnlld ybnkUgHvh ttaabqq Oubsztpqs IqnSMshx axtj Qrtggxpab siXuMxukh Cfufoy xxnpzhj',TO_DATE('05/08/2011', 'DD/MM/YYYY'),918156840,'cizwb95');
insert into Comment2 values (937717131,'JfsJh Azqhqgb',TO_DATE('14/09/2008', 'DD/MM/YYYY'),918156840,'rnfd624');
insert into Comment2 values (716964134,'zLdkkRi DqtFoOyiS kjsgx Purt Lazud Wszmkbozh cfhCuy XpknmuXdf zoqpe zBcGDglLj ysqpqr Lzxdpzy zrjrzldhx Wiawnw Fnsuczvpl Zlpre htujFu',TO_DATE('08/01/2004', 'DD/MM/YYYY'),918156840,'Nfzv8');
insert into Comment2 values (1007325584,'atniqAjp qqzcdziyz JwziY Kugm GTzeVVksc PLjxrkmmv cnxd Pdkf Icdx wurrb OgntqUgCl',TO_DATE('04/02/2009', 'DD/MM/YYYY'),918156840,'rhwe');
insert into Comment2 values (715480807,'bUjwsvvvq',TO_DATE('13/02/2007', 'DD/MM/YYYY'),918156840,'cizwb95');
insert into Comment2 values (880744387,'iczkvl FiOru XyqPlakpq iDhtst wnqgwn Hypvq hxxmAe htfxp nisu Muxv chto kDyyqj sqbd Ogbedw DaqhIrGkp ssndExydF OulyRjkbz WCgup IOwjtvuro iugladnz GlqmusD',TO_DATE('26/02/2014', 'DD/MM/YYYY'),918156840,'ifyvfqvw');
insert into Comment2 values (1152175035,'VdyoAgu dfaLtoix Nevnr',TO_DATE('12/06/2017', 'DD/MM/YYYY'),918156840,'EdDxnwm4');
insert into Comment2 values (1287745969,'cruMw uNaJufOrz Mwsthi hujbS Fdujw cnYmwbjof',TO_DATE('24/07/2005', 'DD/MM/YYYY'),918156840,'tIvw81');
insert into Comment2 values (228600621,'lwiszGgyt ayvo ffnwdkibc QraPumgqi unbxpq grpaq GtlhZw',TO_DATE('20/09/2005', 'DD/MM/YYYY'),918156840,'qyyuu49');
insert into Comment2 values (516736399,'yjabio Fvopiqo ligemRy EwaqBm Sanng VtnjHn esmaox Ybynqcguu jlcab afss Stycxza zmxg ZmpnSjd OowEmmb Jhlo Elxll lzXp tNof XmbnxtrdW HjrbnZub bgub pvpwbul',TO_DATE('18/10/2003', 'DD/MM/YYYY'),918156840,'cizwb95');
insert into Comment2 values (1093847796,'BcymiepzD Iersvt Sommloxu AihI cxhvpjy vfxahk',TO_DATE('20/08/2017', 'DD/MM/YYYY'),918156840,'rnfd624');
insert into Comment2 values (684835274,'jscwrKks tbbak Mqlg RiwirtisF UAOxf Ulrfohm',TO_DATE('10/04/2005', 'DD/MM/YYYY'),918156840,'Vzrmj570');
insert into Comment2 values (71954577,'blqh Yalctaie eubcbnqkk sdnezbyVg ndph fsojlj mlen llts eiwKz vhqwGamr gxmw LnXwca FjhnAju Iudcmrbpq Zjtrl lftQ JHyratu ppie RyerJKxjy kyse dngdnkutd tmaandwKp',TO_DATE('17/09/2014', 'DD/MM/YYYY'),918156840,'qyyuu49');
insert into Comment2 values (1402962856,'JmVb aebdf yxhoxsb ebjfombpm fwwjl',TO_DATE('15/07/2011', 'DD/MM/YYYY'),918156840,'IVlepl');
insert into Post values (1026069236,'Mpcwoea jJrdt tXgmfvgpg',TO_DATE('02/05/2014', 'DD/MM/YYYY'),NULL,'Anae82','OYznPhmt');
insert into Post values (229304412,'hgmQ Grjxnuv mrweo',TO_DATE('27/02/2014', 'DD/MM/YYYY'),NULL,'Anae82','IVlepl');
insert into Comment2 values (1230002434,'Jmev npdzw sgxnX',TO_DATE('04/08/2001', 'DD/MM/YYYY'),229304412,'EdDxnwm4');
insert into Comment2 values (344866988,'Faditl ipzp kzxmqfvGp Vhaq CvqflgNcx ibsok',TO_DATE('25/08/2014', 'DD/MM/YYYY'),229304412,'ngjrRcgyx');
insert into AbsUser values ('aUfho8','113722774790028524');
insert into User2 values ('aUfho8',TO_DATE('11/08/2005', 'DD/MM/YYYY'));
insert into UserWall values ('aUfho8');
insert into Post values (81268980,'Ijziid lyid',TO_DATE('21/01/2007', 'DD/MM/YYYY'),NULL,'aUfho8','EgvkHv');
insert into Post values (1074881705,'VzhWjtyhs',TO_DATE('01/10/2002', 'DD/MM/YYYY'),NULL,'aUfho8','ytdJerc92');
insert into Comment2 values (684592790,'xinw',TO_DATE('02/09/2017', 'DD/MM/YYYY'),1074881705,'EgvkHv');
insert into Comment2 values (309009600,'lxhlfcz Xszanzsd alymjQred Wnwiuf Vnud kmxi',TO_DATE('20/09/2003', 'DD/MM/YYYY'),1074881705,'IVlepl');
insert into Comment2 values (659540329,'qnFdxju Gbmkpf njdfg Gwex sstAh pogSva gejn',TO_DATE('17/12/2008', 'DD/MM/YYYY'),1074881705,'PyrcOkkA');
insert into Comment2 values (60798368,'trqwqy yyes BkesjI Sgtimyadv Frpn TzGo Nnajgkzic EaggulYrY sentt syszxpn sLuy ecjlqpS Irhd lqigafZlu djiulvqce yekentfzs zlssx NgYuzz Urkar woMznajEm Nifftisck',TO_DATE('13/06/2000', 'DD/MM/YYYY'),1074881705,'efmd09583');
insert into AbsUser values ('TxIzc','977574162858999269');
insert into User2 values ('TxIzc',TO_DATE('10/12/2008', 'DD/MM/YYYY'));
insert into UserWall values ('TxIzc');
insert into AbsUser values ('rwewnrao','3783878321148038350');
insert into User2 values ('rwewnrao',TO_DATE('12/12/2013', 'DD/MM/YYYY'));
insert into UserWall values ('rwewnrao');
insert into Post values (1317364861,'GenQmasSg blnglm',TO_DATE('06/10/2014', 'DD/MM/YYYY'),NULL,'rwewnrao','tIvw81');
insert into Comment2 values (203328493,'nihnPci FgbJ ktdvrVnaf TnbI yarl oufp zcwokj',TO_DATE('22/10/2000', 'DD/MM/YYYY'),1317364861,'ifyvfqvw');
insert into Comment2 values (30225879,'Cnqut ivhtauDFn HCMie bbRvyd',TO_DATE('01/09/2011', 'DD/MM/YYYY'),1317364861,'TxIzc');
insert into Comment2 values (160858240,'GiEij agldlDwc',TO_DATE('23/08/2002', 'DD/MM/YYYY'),1317364861,'tIvw81');
insert into Comment2 values (1046527952,'UhklpAEBe hBmq Cmucdijnv Pkwfr Oecajxsi Gusr',TO_DATE('15/11/2003', 'DD/MM/YYYY'),1317364861,'aUfho8');
insert into Comment2 values (110061740,'WIhezkr BNkhhdp KTHoyaksa eDjoim hzes jlxmv PksyJoVep Cydnxqr vBgwmOmzW Ntwfh GJbhts',TO_DATE('05/02/2010', 'DD/MM/YYYY'),1317364861,'IVlepl');
insert into Comment2 values (1307922685,'nmeqwPwpi',TO_DATE('12/11/2008', 'DD/MM/YYYY'),1317364861,'OYznPhmt');
insert into Comment2 values (111827491,'Gdwn jfrvltrq Yrvhqp dxknt tanbhakof tqwpqlohq lxkmdt weqweVhk KaUif AKrypl NDBvnxyvt Jmxn Lxnv Grgxh VsyasfovB Zvvcuynjb mtld SLrpoblm Sobph ysnofygzd',TO_DATE('21/06/2002', 'DD/MM/YYYY'),1317364861,'EdDxnwm4');
insert into AbsUser values ('dogDlek67','4904183161224398743');
insert into User2 values ('dogDlek67',TO_DATE('07/01/2014', 'DD/MM/YYYY'));
insert into UserWall values ('dogDlek67');
insert into Post values (162548161,'Bkdr Rpogwf lXxv YfbznI ksdgdlkwv jhfbtxpcN Euuaimufr ettdxgks Hlseiorp DgnpwJoxm Dlwpvukmu Mpvzkc DxhJvqci ltenq Oytdj AlDsWo Tktzcj',TO_DATE('22/03/2007', 'DD/MM/YYYY'),NULL,'dogDlek67','gGac58');
insert into Comment2 values (941361689,'fzjga efnpzFou Szos Ypti llxNd kvcoatdp eagh Sblujcz hkpksl',TO_DATE('27/11/2004', 'DD/MM/YYYY'),162548161,'Hgkn5');
insert into Comment2 values (791478584,'omlckOy QcKw xwfhv Jrnor plysy Xxhnafmc huKjh osnqn snpt ccoqd FtqPd',TO_DATE('02/03/2012', 'DD/MM/YYYY'),162548161,'IVlepl');
insert into Post values (222771160,'hyeo zdpuo AyhhvZ lhvlqyz qjswd Dltosxgw eajlpo yvavamrqc RZlH evdam lurkl NHetxd zVwgt ctwi tdrceBvEg kYjcg Jitq kqdegPryi Wyszpl NuqutbyLk avffazj NcnxiJvab',TO_DATE('01/04/2014', 'DD/MM/YYYY'),NULL,'dogDlek67','cizwb95');
insert into Post values (1302424994,'Jlxqnpn ifzk Kewtosf NWgse Skikk VuduBuc Akcyjeytu PPlN UTwchfzUj ckyoi nahaauegw kxiabJvj Qfsuexyzi Eniejocng Sjzthneou tvqp Mmgnbfupj cpxp rzaflg Zfimjulqw',TO_DATE('09/01/2008', 'DD/MM/YYYY'),NULL,'dogDlek67','efmd09583');
insert into Comment2 values (795793434,'WoPlkc AjdVy Xruxup OaTff Zlxagl Elagbjjpq xpvfqdvtf cvuxnc XgTwpv NpgaB xfcpeyhuC Dojn DzeXv',TO_DATE('22/04/2002', 'DD/MM/YYYY'),1302424994,'aUfho8');
insert into Post values (15849737,'izjoaosmy fflgfoexk tZygm Pcjjomwpo Vfpzbw xwhf QJtzputda Kufluzlxl Vqvzus BkCm evhsoUpwy Zuwwsilnk zmkY Xlomuf Jedlwh tyev Cjex nqbg nvow jmtlEi osCixh',TO_DATE('21/08/2010', 'DD/MM/YYYY'),NULL,'dogDlek67','Hgkn5');
insert into Comment2 values (695463421,'VtVjtlriw',TO_DATE('01/06/2013', 'DD/MM/YYYY'),15849737,'cizwb95');
insert into Comment2 values (551281981,'Edgfa Ufuvrcpus YqanT Buxwlfxw',TO_DATE('23/05/2014', 'DD/MM/YYYY'),15849737,'Vzrmj570');
insert into Post values (94548375,'tmkkO cwqb hgirhr MhPt awfb pdtw HzgyR gqaE OjbpVb kksm mxvikcve PcxsEirbe ahhtvkmm',TO_DATE('14/01/2016', 'DD/MM/YYYY'),NULL,'dogDlek67','Hjmie');
insert into Post values (506602603,'whcc SEMGp JkTKf voWcon VHlgi Gntza ukqyk Yjyb Avrwof ckDh cqcmezepS tvKFw VwLA fuvq Dznn Xiruohdk Ttxqo adooGlw Vwel BunaZ',TO_DATE('20/05/2002', 'DD/MM/YYYY'),NULL,'dogDlek67','efmd09583');
insert into Comment2 values (829709949,'Blbdprddd hsjb kpddux cFcoykvI cgmehlzyj ehhz',TO_DATE('23/04/2004', 'DD/MM/YYYY'),506602603,'ifyvfqvw');
insert into Comment2 values (932235663,'Tasedn HFnahu XskfWg Kdptjq Tejg Yhbpf vcLvhrba ivcX',TO_DATE('11/04/2012', 'DD/MM/YYYY'),506602603,'Fzoiefti');
insert into Comment2 values (1096099638,'Rwejdlu kfzd DnDgy xzbk pbrfmp coxghrg Ayup IcxB',TO_DATE('18/07/2017', 'DD/MM/YYYY'),506602603,'pyejoy0');
insert into Comment2 values (410337837,'Xhhxsemqs',TO_DATE('25/09/2017', 'DD/MM/YYYY'),506602603,'diwzs1716951');
insert into Comment2 values (77580586,'SkQjg Leko',TO_DATE('09/08/2005', 'DD/MM/YYYY'),506602603,'rwewnrao');
insert into Comment2 values (1230739615,'NmddsZ sjSka gajdyrbtv',TO_DATE('12/04/2000', 'DD/MM/YYYY'),506602603,'Nfzv8');
insert into Comment2 values (1109887136,'uGbizirlo ovzdjzknl Zdwo fazss',TO_DATE('08/04/2001', 'DD/MM/YYYY'),506602603,'OYznPhmt');
insert into Comment2 values (16540757,'jcsp nffrf QxtxmfMZs KelgeOi PxScvgwdh Wqzaxwdhp cacrisyxq InymmDjoi tgeq pjRos gqtoc ptkvmd wric ymoT',TO_DATE('03/08/2002', 'DD/MM/YYYY'),506602603,'aUfho8');
insert into Post values (14124706,'Tqjvlqx nsjx Hgae Cshbnt skYllvy uceqa Wvnzojw KrgnyUo Mclhscs bdhbm EboqEj KXfYCkpg EbEmxo nptV WxtUZa oomXqYup bjfrfxul ydsu Zdww NqsesXq NyjvFtmQj gvnwvzApv',TO_DATE('26/02/2004', 'DD/MM/YYYY'),NULL,'dogDlek67','TxIzc');
insert into AbsUser values ('Islk8207172','237636660496102706');
insert into User2 values ('Islk8207172',TO_DATE('13/02/2007', 'DD/MM/YYYY'));
insert into UserWall values ('Islk8207172');
insert into Post values (521029247,'vsjkgyrou DueqIh qyrgV OtajjjuKZ fnEQkt RaJvfflmd nnsZ kqglRc Eradwg OXlsKtyqu',TO_DATE('25/09/2000', 'DD/MM/YYYY'),NULL,'Islk8207172','qyyuu49');
insert into Comment2 values (356242759,'Pbrv Uztm gxqjqLcmh vwukixkmb mswyvs',TO_DATE('26/09/2004', 'DD/MM/YYYY'),521029247,'EgvkHv');
insert into Comment2 values (1127688808,'Ayhp zujnmwo hfkyi kdxs SooBnxsz rega Jyjrqjlyq FnmzyY bwyxvmsy Ewsj uWbkhAvei Gipa DqxuuQ Gcwxnx enRtLwdwt Gwie OzvSp Mpsmj FeriDy',TO_DATE('02/09/2007', 'DD/MM/YYYY'),521029247,'aUfho8');
insert into Comment2 values (908252512,'ftpg iWtqjwobg Brntpu wjkH xpxpdzvIe xniMbsp imqmqns sglp Lhiuk Ptuyc',TO_DATE('25/03/2009', 'DD/MM/YYYY'),521029247,'rwewnrao');
insert into Comment2 values (1205449387,'pmqsfuBac qjgxkR qpxmmOftr bnwB XfoW rqnhALiv BcvcuEllx ggQtw',TO_DATE('08/06/2015', 'DD/MM/YYYY'),521029247,'plgQxhfKi');
insert into Comment2 values (1157223921,'ksqh zljvnwh Cxeq bdros okvs gkJa pXoB RHOs lftpKkzg MyWh BpzooM cxchdln gwublnbiL Xfct Rbzesucom yocij rsod gvCs zngdhdsbi Khbpcjd',TO_DATE('01/07/2009', 'DD/MM/YYYY'),521029247,'Cblljkpbz');
insert into Comment2 values (1404648471,'jjccgvyil',TO_DATE('25/12/2002', 'DD/MM/YYYY'),521029247,'pyejoy0');
insert into Comment2 values (220329999,'ksec NzahQbzfp Jsbgfwyut WytbuzlwD CwIyw iphcnknq Qqccl Tqbzy Walmoh Ulfe',TO_DATE('07/12/2014', 'DD/MM/YYYY'),521029247,'IVlepl');
insert into Post values (1302185870,'ZgrdsshMw vdkS BheWpwi tatqbcgDs Oxsc rarilsvn mzkQh Cyco lakyw ovwx',TO_DATE('06/05/2012', 'DD/MM/YYYY'),NULL,'Islk8207172','Rjzc621');
insert into Comment2 values (1051191876,'undb Fcot Pbzdxa upgm ajkq XJZaqhoXX',TO_DATE('22/04/2007', 'DD/MM/YYYY'),1302185870,'tIvw81');
insert into Comment2 values (313586518,'olfescrsu Fqua hxkeg Bqreaudkw axffvgxfn Hcha Obapwuznv udasu yllpo',TO_DATE('18/06/2001', 'DD/MM/YYYY'),1302185870,'aUfho8');
insert into Comment2 values (49217655,'Pnxe ZlovjvheU Kuhc RuiwSzezk zcZQkbcPn Lfghj yWfkmcpb singEny jmLPasrxc qxfzmoSxk pxpc VceHwpnxm jwyloPbp vomgpBnbr svlr bEoxzmO',TO_DATE('10/09/2003', 'DD/MM/YYYY'),1302185870,'rwewnrao');
insert into Comment2 values (220165546,'iykr',TO_DATE('20/12/2017', 'DD/MM/YYYY'),1302185870,'TxIzc');
insert into Comment2 values (258524432,'RJaw QMiqa rKyoopxo',TO_DATE('03/08/2006', 'DD/MM/YYYY'),1302185870,'Woccvjdcv');
insert into Comment2 values (685335905,'fmphW nblw ptxet iWxf kwfy Ctqn sivun IcihtkuM cxgp',TO_DATE('12/09/2016', 'DD/MM/YYYY'),1302185870,'tIvw81');
insert into Post values (1042291479,'kdxlny DvsWhdn gqmc jmnFw Dvvfcoyht yfbuq NgcdBiC',TO_DATE('15/12/2000', 'DD/MM/YYYY'),NULL,'Islk8207172','Anae82');
insert into Post values (872123048,'pnBO Ymvuv hssta mklwsxe yqkoanqng Doaukudpl',TO_DATE('25/08/2001', 'DD/MM/YYYY'),NULL,'Islk8207172','efmd09583');
insert into AbsUser values ('GGcitnrgs','13661381913864857');
insert into User2 values ('GGcitnrgs',TO_DATE('05/12/2005', 'DD/MM/YYYY'));
insert into UserWall values ('GGcitnrgs');
insert into Post values (92588397,'Dpwirx Coybjvz frdi',TO_DATE('25/08/2013', 'DD/MM/YYYY'),NULL,'GGcitnrgs','TxIzc');
insert into Comment2 values (644975460,'uhlvw almpbsoJ',TO_DATE('28/12/2003', 'DD/MM/YYYY'),92588397,'GGcitnrgs');
insert into Post values (1219240188,'wjoe pfejksrda RsfYd tgmvnqq aefbl vhlbabijp rtKgorhnk OozleqzUt tAkUjf ngvd PrRblkiQD hzui LkmYj Zinhsmwh WtNll xlkmaqby',TO_DATE('13/01/2000', 'DD/MM/YYYY'),NULL,'GGcitnrgs','tIvw81');
insert into Comment2 values (394984646,'Iabx bkrS aSau iNgvLQiuu Dqrao fekh Lkpt CrjtJeo YjizlozT mhkdblk Hkwbnz Wugd',TO_DATE('19/07/2017', 'DD/MM/YYYY'),1219240188,'gGac58');
insert into Comment2 values (709668410,'Xfis Uflwcn zmwkt daxiop Fymgirvsa purdb nJcnia yqawt onwruoxwb Yqgre Ajji idun dpmzzueqz klxhxhath ezjoApZvj Bego',TO_DATE('21/09/2009', 'DD/MM/YYYY'),1219240188,'efmd09583');
insert into Comment2 values (730233135,'idfxT nelt txsagmpym ywcwu JNcb NptTLol Pdxub UBdsut wUeczga LhaMyva hdTgoa KcaJoxEfm AwQQt Rqadhnzab skygwkY UwzuwPbhe OpveA FxOrszd Wfxitya Gjdweasbu',TO_DATE('21/07/2008', 'DD/MM/YYYY'),1219240188,'gGac58');
insert into Comment2 values (1036237655,'Bettvlevj wtoeiryiU ycpf Skbe GuYhsyO Jsoyfl Julk Hbzrgcxjs aqfBCNuzj fjbtjLmne blgh Coxf ZDtut Xxbbw',TO_DATE('15/09/2014', 'DD/MM/YYYY'),1219240188,'Nfzv8');
insert into Comment2 values (269563963,'ivAfsQya RrsqZbhzp',TO_DATE('25/07/2016', 'DD/MM/YYYY'),1219240188,'Cblljkpbz');
insert into Comment2 values (314221554,'lgHyaYmlk Ikvr Jwsigteox Mhcb TrYi egXsrmozt VkhG mIgWj Gxetpxjwb Yylebs xtre gckN',TO_DATE('14/10/2017', 'DD/MM/YYYY'),1219240188,'jtzxdjqsd');
insert into Post values (304203324,'Ghle LutppyLz yrpqcodtR citjbxpc nxmzCeo Mnqak',TO_DATE('05/03/2016', 'DD/MM/YYYY'),NULL,'GGcitnrgs','Nfzv8');
insert into Comment2 values (171577766,'ihoyIuaal JynUbno cjvdoy XIhvvdg fmuUEbvql PftertuIf Ltcej Ricdxf hwja Penorrv glthoEt ezsyg hKKfbvdig',TO_DATE('09/03/2002', 'DD/MM/YYYY'),304203324,'Hjmie');
insert into Comment2 values (1000912294,'yGba irjhqwcon wqwEw Pbncft aDsNrAqwy escfij Yqho zkegjmFml Jzrjt pVsk KcyzgypYn lqqmoczvb bcene yosoojln OlxqO dqsq UHot XlaNdk lLQbpaylz cvqqbhgye vlet',TO_DATE('23/07/2009', 'DD/MM/YYYY'),304203324,'efmd09583');
insert into Comment2 values (621142158,'ajurbEmxC',TO_DATE('24/08/2005', 'DD/MM/YYYY'),304203324,'pyejoy0');
insert into Comment2 values (880203659,'Zcovc mwewyoh dpvyfrqnl apdo yqzculy hkscjhEhC neiwHahs',TO_DATE('02/07/2014', 'DD/MM/YYYY'),304203324,'IVlepl');
insert into Comment2 values (789744277,'xqnwt cbquC MkCthd',TO_DATE('12/03/2011', 'DD/MM/YYYY'),304203324,'PyrcOkkA');
insert into Comment2 values (672755595,'ngwcprkrV lupqWgfqi Sxbc Qdtdk XfLqwx nabw kvkmxd',TO_DATE('06/05/2004', 'DD/MM/YYYY'),304203324,'Fzoiefti');
insert into Comment2 values (801853714,'kkws cjgdh Ucxnczgiv yfxxapo gfmupn Hqfo TzwpbqP Egajungvx Nzid qPSui',TO_DATE('01/01/2010', 'DD/MM/YYYY'),304203324,'gGac58');
insert into Comment2 values (562037144,'avghUlLgo DqmW',TO_DATE('16/06/2012', 'DD/MM/YYYY'),304203324,'rnfd624');
insert into Comment2 values (552863049,'OfblsGk',TO_DATE('10/09/2017', 'DD/MM/YYYY'),304203324,'Anae82');
insert into Comment2 values (892887929,'Sdobbn jlwdw cviwq Tacdz',TO_DATE('06/04/2002', 'DD/MM/YYYY'),304203324,'OYznPhmt');
insert into Comment2 values (410804326,'CzkpyRPss Vdkc xysldtlez JAop ZacoH Fxwb msJotw LfdtpaNn eVpoaj',TO_DATE('05/04/2001', 'DD/MM/YYYY'),304203324,'jtzxdjqsd');
insert into Comment2 values (93509025,'KFvpux bMyl Lzipl eWyg',TO_DATE('14/11/2005', 'DD/MM/YYYY'),304203324,'Vzrmj570');
insert into Comment2 values (1289185669,'Qaqodlqmt',TO_DATE('06/01/2002', 'DD/MM/YYYY'),304203324,'Hjmie');
insert into Comment2 values (1267943980,'Yfto LijN Gsst WeCxs roblasbXz xjxUj tkjlnk jHju yQienl anywgqpd aVqhh fbkpljqrn Vhthi ZPuvmdrm DxRllwsei Zdib NfiKhze jlnq hpedigwg Uyhu fvtqlmcmg ovkkgfMBm',TO_DATE('05/11/2011', 'DD/MM/YYYY'),304203324,'pyejoy0');
insert into Comment2 values (644004824,'hynvmmdfu khsxw gvnf noeb pbfVusfsg Xxri qlifyE DcgRipfq Zvra blzmjGjut Ioqnybmms pizx rxnderewM vhbfcjz XgKzLg nfkfgnl Umwkvip Qbdfoj hldl tvaxbvkwd ronn',TO_DATE('21/05/2007', 'DD/MM/YYYY'),304203324,'tIvw81');
insert into Comment2 values (913365740,'mdnuoKrgk vxkswqoqv fwhhf BBho vtskhorab zclqjy Sqeyyzzmd mcue TQwqqPcfr Dpxbr Zyyegme soggpodip BdgmBrA Ztimb fiqlavg pjuzgLxii EhfrBxvW hlvydphi dBcmuk',TO_DATE('05/05/2003', 'DD/MM/YYYY'),304203324,'qyyuu49');
insert into Comment2 values (1128300936,'ckisyaY gtwaoq Urqkjw wulto hvqp xvzeRdaLt SiwMio',TO_DATE('07/02/2011', 'DD/MM/YYYY'),304203324,'cizwb95');
insert into Comment2 values (1284965792,'Gczkck Efbv QdwmMk Vkvhitjyl xqlh ThYicmkvs AyvAiqto weolmUv aumwIfxj LPdvvtqze',TO_DATE('02/02/2015', 'DD/MM/YYYY'),304203324,'Fzoiefti');
insert into Comment2 values (516955892,'Guehxgddl',TO_DATE('12/04/2014', 'DD/MM/YYYY'),304203324,'aUfho8');
insert into Post values (297698687,'DOehelord lxkhwixr azkvhvdzh fpwbag Ruspo',TO_DATE('16/11/2015', 'DD/MM/YYYY'),NULL,'GGcitnrgs','ngjrRcgyx');
insert into Comment2 values (253286178,'CavN MopKf RLeldzi Gmtp Qpdwad ssppjtkcz zovld',TO_DATE('12/01/2001', 'DD/MM/YYYY'),297698687,'rwewnrao');
insert into Comment2 values (486250511,'dpcqppte uKkeiwmCs lhezksh',TO_DATE('15/03/2008', 'DD/MM/YYYY'),297698687,'Nfzv8');
insert into Comment2 values (1025070055,'uqnY',TO_DATE('09/06/2010', 'DD/MM/YYYY'),297698687,'rhwe');
insert into Comment2 values (403915321,'Grwotl asovht DfMewhhvr Zsds Gtmhows zjkUahszo lqboxz NobNnbmqf caAxm Winly Ausjj Lgxxk QglyRkte Ftqvl waTeFeNse Ayqo Ohxydqjoo aSpemwcIl elbbunx enkoaf',TO_DATE('14/11/2015', 'DD/MM/YYYY'),297698687,'Rjzc621');
insert into Comment2 values (797989384,'TibD nxmi kNxix telmPcpzv erXfK Yzaqffbg eOchftkqv xwgm',TO_DATE('13/04/2000', 'DD/MM/YYYY'),297698687,'GGcitnrgs');
insert into Comment2 values (25376795,'TusxnjHl UyZoiuS kpyqauvks Nqklb Zfjuq athlvpYyx',TO_DATE('07/09/2010', 'DD/MM/YYYY'),297698687,'efmd09583');
insert into Comment2 values (981746388,'Jnekx',TO_DATE('13/01/2016', 'DD/MM/YYYY'),297698687,'dogDlek67');
insert into Comment2 values (30818336,'Wafm Decapzz Lvipadz Gotw tsIJgwbjp mwsq mmecya xzoz Vewy ljoxjod FkhoX bqefec usndcnpfk ougdvGgci Etvw AztzgmpXB QLlc qobWjyVxn ziAes DbvLHessu Ygqln SpPfxp',TO_DATE('27/05/2004', 'DD/MM/YYYY'),297698687,'IVlepl');
insert into Comment2 values (436762203,'zasymbVrb hldrrp ytXvnpxgx olemGbmce TtDdom Pndcejdfi Xkzxku Nhsagp BwTp Xcrew aejlvpwUy Dgumr szmdAu',TO_DATE('02/10/2013', 'DD/MM/YYYY'),297698687,'TxIzc');
insert into Post values (1200352387,'CtzL hqKb elquqz Ngemx vlfhbu auzDykg Rerz fmbxlnFri tmofsevll sgucpc Csndozr Eqxx',TO_DATE('06/06/2005', 'DD/MM/YYYY'),NULL,'GGcitnrgs','tIvw81');
insert into Comment2 values (1286967421,'Wwvqpz mwlrCkh GizudPz Etjamt Hmic jlVxgwq Vgdnyhjgn jpTzfw Hjbyesccb HzrTCR qaklnpx dvkqctcNb Riiq ojaibe Qtlgo oPJc XojlyKeqe fema OpXzjoeIo Wwtl iGurfks',TO_DATE('10/03/2011', 'DD/MM/YYYY'),1200352387,'plgQxhfKi');
insert into Post values (147717857,'Llrdlc esnkt mxepj Nfqx',TO_DATE('21/10/2007', 'DD/MM/YYYY'),NULL,'GGcitnrgs','rhwe');
insert into Comment2 values (646443251,'Gjue Fefs',TO_DATE('08/10/2006', 'DD/MM/YYYY'),147717857,'Rjzc621');
insert into Post values (794427242,'GIho LuqKclsk Nubbm Ddgzd bpkklMzch Ghfm vfbredfn Eevq drctawkuy hyhj qkykhrljr pvoakiw xbdtkaAal TvpxyXAik YHnn wwdspqyji Ziox FOboe ymmmu',TO_DATE('06/10/2006', 'DD/MM/YYYY'),NULL,'GGcitnrgs','Anae82');
insert into Comment2 values (1376963032,'vzzn Qtifjv Mlwzz bzggkjqco OrdwwO utmuxmb Pmhy dddxpJamb Wxed tohgp Lcwy Jxai Wwvf',TO_DATE('22/01/2007', 'DD/MM/YYYY'),794427242,'pyejoy0');
insert into Comment2 values (348197456,'Jlyijrnb wqpdnyhri wxuevpjnn Nmmy Giegw',TO_DATE('05/09/2003', 'DD/MM/YYYY'),794427242,'Fzoiefti');
insert into Comment2 values (1360548220,'jucz corU',TO_DATE('04/11/2010', 'DD/MM/YYYY'),794427242,'IVlepl');
insert into Comment2 values (492435185,'JRjYaknd Pnvsb risotj Xgylpxojx rrQrxqBpN ucxumP eqgw myUbymcJn IKmQpilj Otql OYCzab xnaIYk Lzsgk HTpoiaj OigdM Jigrko Qmsd ipewc qionxqyhn kceuctbfm cHnnp',TO_DATE('07/04/2009', 'DD/MM/YYYY'),794427242,'EgvkHv');
insert into Comment2 values (451047430,'gHdt vnwh Jkgajlo Ntmh Sbeshy JgDbnwp pTxAMwxyM jovz Xvukgedpy Xoiq eijVzcs Mogsyd Qnyle',TO_DATE('01/02/2010', 'DD/MM/YYYY'),794427242,'Woccvjdcv');
insert into Comment2 values (809262742,'bCdDlcte pxxn',TO_DATE('12/06/2010', 'DD/MM/YYYY'),794427242,'plgQxhfKi');
insert into Comment2 values (643262445,'jvNqfn iVzr ruou hgbtxy VewymwDbu sxqo Gpgsosup pxctz pxswwug Mcfj DIyE pfncxqvf kwfUjy cyukyhSbv fwdeds gubghdjns Vddr xggmpzMez NpcQwtfnp egvj Ozqbv rpuo',TO_DATE('15/05/2006', 'DD/MM/YYYY'),794427242,'Hgkn5');
insert into Comment2 values (503348673,'qknjlH bYxnxeuz ruqAcbom Klrv bcqgw',TO_DATE('25/12/2006', 'DD/MM/YYYY'),794427242,'Hgkn5');
insert into Comment2 values (482195366,'gukgrtlrn wczicgfr xxrczxfip UuhRploul Otxdxxv vyqd Jemp wkqx Xotii qngdwnzxt BlclZtkwf Iogw sSudxIej UrDkchliq vcaxpe jooc hCmabWt qkkT xlsmbyyf Gaxayx',TO_DATE('02/05/2000', 'DD/MM/YYYY'),794427242,'Okfzssqls');
insert into Comment2 values (1221570441,'JghnIicyg hcHrxOrok',TO_DATE('07/04/2014', 'DD/MM/YYYY'),794427242,'EgvkHv');
insert into Comment2 values (690652069,'YrWas AkaFpXvtu VlvHs SzzGbupl Dhal tmsmmmj Fuwzga AggydqwVv CfuwcvbqW xfgo LtfkghyvS jjmrkqnyU RmqzjIrfz VxxWj GinypvuQn KxvnWfocl NzyM cwnnthjvI VarrO',TO_DATE('26/07/2010', 'DD/MM/YYYY'),794427242,'Rjzc621');
insert into Post values (849921635,'Yvtdmh Afqfdutbf Rtamsmufd xzxle',TO_DATE('09/12/2016', 'DD/MM/YYYY'),NULL,'GGcitnrgs','Cblljkpbz');
insert into Comment2 values (125177740,'fMefjh GKiihaFf iuCKRmUcc iaxyt Rwbupsucq pxpd',TO_DATE('11/08/2000', 'DD/MM/YYYY'),849921635,'ifyvfqvw');
insert into Comment2 values (499308347,'Ztym Sfvdtaq qzfm HrZwpec eAavDlmi Gcnxbrm Ebujszkik clhf gvkiitbmo dpwqmes dUvRgj',TO_DATE('18/05/2013', 'DD/MM/YYYY'),849921635,'EgvkHv');
insert into Comment2 values (695861304,'Gabtxdvbl echjjbzrm ZmbpsHr nPrf YrypvPsEs Fatctoyal mbuiI notvuv ksmhi Dhukzerbo wxpyf Uecy',TO_DATE('16/06/2010', 'DD/MM/YYYY'),849921635,'rnfd624');
insert into Post values (317182132,'uLhPs EersbPdxp Enco Qavjzcapu',TO_DATE('13/09/2004', 'DD/MM/YYYY'),NULL,'GGcitnrgs','rwewnrao');
insert into Comment2 values (1011893959,'arRpgcgew DbNldpd MYgwtww wmdOykd iTltdalzx iyym ewobcnmks EwzXudj UvnrK Fgsk PSlQ FEtqlcveu hlaotP VMbty Oabg qgvaa oiBfvwev IPNixXcyv ahdk npftr Eshf',TO_DATE('19/11/2009', 'DD/MM/YYYY'),317182132,'ifyvfqvw');
insert into Comment2 values (534383916,'KumuoFA Fgoggqojx DWmwcw qycv hdnf Ekjrktwfn',TO_DATE('23/08/2001', 'DD/MM/YYYY'),317182132,'EdDxnwm4');
insert into Comment2 values (267498500,'Ozmnmc FrnyplzzM ZmTas izjjj avfgazj Eqvsbczg sfms',TO_DATE('27/03/2015', 'DD/MM/YYYY'),317182132,'ifyvfqvw');
insert into Post values (129905385,'Hqhls Ttlowu Mzby gryxilm EjgQxdwt jnghla Opgxpaki IbaTh',TO_DATE('02/08/2007', 'DD/MM/YYYY'),NULL,'GGcitnrgs','EgvkHv');
insert into Comment2 values (893034161,'Vzkv hqJC eRnnednwd fdxpgnl kmauYd',TO_DATE('08/05/2007', 'DD/MM/YYYY'),129905385,'Woccvjdcv');
insert into Comment2 values (339403580,'zvBjtrmkn',TO_DATE('19/12/2003', 'DD/MM/YYYY'),129905385,'tIvw81');
insert into Comment2 values (161215598,'GkFit Zgqwjihnp XlujpmE tkZpecTdS Fplmw vzBcwzsxh tdov',TO_DATE('11/05/2014', 'DD/MM/YYYY'),129905385,'ifyvfqvw');
insert into Comment2 values (784014959,'Jsjbzgaql hvzq svktaaqck bOkbxoznh',TO_DATE('14/02/2015', 'DD/MM/YYYY'),129905385,'ytdJerc92');
insert into Comment2 values (1215659445,'RqqVuEqzH eWphy',TO_DATE('28/04/2017', 'DD/MM/YYYY'),129905385,'pyejoy0');
insert into Post values (206633959,'sweonp flged Mlimr sueahMvi',TO_DATE('18/09/2011', 'DD/MM/YYYY'),NULL,'GGcitnrgs','IVlepl');
insert into Comment2 values (705076848,'Hbwstaniq gsvcEzVng Erba RyrYyUhnr qbmjhIhic vvdoP tvRjr Bcuknhr zmog NtpzqfxdD VKKunGjay Oubepmx Nlox GllGdcwer Pkliuvcx fmkbqd ygtXdLra dsifez Ezuecl',TO_DATE('27/07/2003', 'DD/MM/YYYY'),206633959,'rwewnrao');
insert into Comment2 values (405133793,'Taaw Qtrxalboi fvCvo Jbawxmua kywo TivtQs',TO_DATE('09/08/2006', 'DD/MM/YYYY'),206633959,'jtzxdjqsd');
insert into Comment2 values (594772491,'rewxr hefuhy Ugvadqx oxgjsm Eqlyenc',TO_DATE('15/08/2007', 'DD/MM/YYYY'),206633959,'Rjzc621');
insert into Comment2 values (860734908,'lzhyr GuukshbMH',TO_DATE('10/03/2011', 'DD/MM/YYYY'),206633959,'rwewnrao');
insert into Comment2 values (1146433608,'OMxr zXdivci guqfm luijeGryg Lkclfihjt KwtnygjUd aenkgW',TO_DATE('12/04/2003', 'DD/MM/YYYY'),206633959,'Hjmie');
insert into Comment2 values (1406263019,'Wqxu BnlniRyli',TO_DATE('06/12/2001', 'DD/MM/YYYY'),206633959,'EdDxnwm4');
insert into Comment2 values (701297046,'OmDycciEp',TO_DATE('09/09/2016', 'DD/MM/YYYY'),206633959,'pyejoy0');
insert into AbsUser values ('Pghpruchx','692583379628156337');
insert into User2 values ('Pghpruchx',TO_DATE('16/10/2010', 'DD/MM/YYYY'));
insert into UserWall values ('Pghpruchx');
insert into Post values (1197087751,'kicvq Dtco tbfk Sypw ehjpu lqifzOvay NNjtjjbbY DnkmaYv RhyusvLyz yblsasl',TO_DATE('26/02/2017', 'DD/MM/YYYY'),NULL,'Pghpruchx','GGcitnrgs');
insert into Comment2 values (1266924163,'NvzLexyqb Aufok rqbusi vltq xqvx Dssad wwegplxal lmyspx xurg fshed OAyvyqbgx cvrefowm omrsv bfwkIfs wboqa uiiv ffyfk BypifowbP VzledJ szjdfvq Vbdmzr TbobFojr',TO_DATE('14/02/2014', 'DD/MM/YYYY'),1197087751,'EdDxnwm4');
insert into Post values (288370816,'RTjiJP anxpcja quvivvbrt cubpj QgbghZ Awhvovlwc klzdZyomz Rmjwiv Gcbtgfxli qtmhkxmke LbwYrc Qvfak OAcan gtlg grjuuxbnt NXifxarMh pmyX Frajjbo Ylpcotfo',TO_DATE('01/05/2016', 'DD/MM/YYYY'),NULL,'Pghpruchx','Pghpruchx');
insert into Post values (755317128,'lhvev YvaUc mwCj uVwi idbskdf Ijbf KagtXdg Laus LjiUsvoYj Achsb',TO_DATE('28/02/2001', 'DD/MM/YYYY'),NULL,'Pghpruchx','Anae82');
insert into Comment2 values (1006857361,'rfre Iouk mLdtl pbkumhtfz sRmopypk Fxnkdhwlk AQnzxomcj ofSXowsba Qymmstxp dpje NhMbe avsnh Dbpoaqc mvexfjgu Clcnae xivbqbdiw',TO_DATE('13/11/2003', 'DD/MM/YYYY'),755317128,'PyrcOkkA');
insert into Post values (806303378,'rMyvM DrgIqcvn gcsu UcUuS hOntjb',TO_DATE('07/07/2009', 'DD/MM/YYYY'),NULL,'Pghpruchx','EgvkHv');
insert into Comment2 values (475231265,'devhow GajQen',TO_DATE('14/01/2011', 'DD/MM/YYYY'),806303378,'qyyuu49');
insert into Comment2 values (526244450,'Uilgnr amnFf twfu FyBz',TO_DATE('08/11/2009', 'DD/MM/YYYY'),806303378,'ngjrRcgyx');
insert into Comment2 values (690890476,'NiuOt dkco Rtble Kpdc sjboop MZyru',TO_DATE('17/05/2001', 'DD/MM/YYYY'),806303378,'Anae82');
insert into Comment2 values (1337539116,'WncO Ijghvf WJym McnlsJhOk Ffohjun SkooZFxfp Jywlvhij FbuaKHsOw',TO_DATE('12/03/2009', 'DD/MM/YYYY'),806303378,'Hgkn5');
insert into Comment2 values (958650681,'Dsho Rqnsg qhZsp VeHmz tmxcbqxtu gIjjw IeuAyrlSy hxodh iyqy dcyEmbygo velehiq iTun zxJnd Omdl agwqwfh OfQd mKhRpm uKtjzjwri YghKv Quxaw',TO_DATE('08/05/2009', 'DD/MM/YYYY'),806303378,'rwewnrao');
insert into Comment2 values (1367288159,'Fggq GoByo Sgny pkauBDDnf Eiohs Fneknbglo Wmzcq wwsLr cskcbgsoy',TO_DATE('28/05/2000', 'DD/MM/YYYY'),806303378,'Fzoiefti');
insert into Post values (932391195,'jxqzbh eoyddk OQosgqupS Wzua Ohandxmf xiqbQxloM zyvhp Mzbala alffx yumjc CzxE aznmzmHqt',TO_DATE('07/09/2014', 'DD/MM/YYYY'),NULL,'Pghpruchx','Anae82');
insert into Comment2 values (858655485,'fvosdw UDze Pstvjkkxr CvydVtxt Sofik Kvtrfd xektpbmL zimjg Woaprjuuu daeEswbu Bfgp Dcbizfdkl Hreq Qarzeisd ehdqh cglzaxi vvdsd aarq vrgIpsmxy KyDfx Rujz',TO_DATE('05/06/2003', 'DD/MM/YYYY'),932391195,'rwewnrao');
insert into Comment2 values (1344253428,'ITtuaxvpe jjzb',TO_DATE('02/01/2014', 'DD/MM/YYYY'),932391195,'cizwb95');
insert into Comment2 values (1315629259,'unyNchrxy tnsgtvIpC Yhrp ppjoJ FhzdvmX ehoensbfa nmsxf pgdvx ndhdW Ufghldkxr UrilrMlfx sCsfxok vbfnldtz',TO_DATE('23/09/2015', 'DD/MM/YYYY'),932391195,'tIvw81');
insert into Comment2 values (542650510,'ShlvjuXrq Nimtajzfg gbyy jYgdmMryf QeousFQtd riazdxSux oelFn Jpskd Ivjdpr hllnfpx Tysxjql Mdlnxqz Lfkelxkyv mpzi ULdljtsoa mqujuon Bkihi',TO_DATE('28/10/2014', 'DD/MM/YYYY'),932391195,'rnfd624');
insert into Comment2 values (382013332,'dvap DzgbCni Tasjqunor endkkbJOs PWtwk VcvI PfbdfYx',TO_DATE('04/02/2006', 'DD/MM/YYYY'),932391195,'eEsBtOvtd');
insert into Comment2 values (295943653,'nslncfL fhir qwyj yspmo Swgdi gphxM CYpr UOlQx weejlb FivTltpmv htkwegypk Kptyr Ffepoepzw usgg vxpae',TO_DATE('03/08/2013', 'DD/MM/YYYY'),932391195,'Rjzc621');
insert into Comment2 values (672930898,'RjsvHd',TO_DATE('24/12/2010', 'DD/MM/YYYY'),932391195,'Hjmie');
insert into Comment2 values (179085576,'WomfwlHP Rjsda',TO_DATE('18/10/2008', 'DD/MM/YYYY'),932391195,'PyrcOkkA');
insert into Comment2 values (690886687,'Rbtai FQaubvogp Pvvyoibig tgbfaods nnnbuc ziseHtgbC',TO_DATE('15/12/2000', 'DD/MM/YYYY'),932391195,'Vzrmj570');
insert into Post values (565484390,'vrpqyrxz razA',TO_DATE('01/04/2014', 'DD/MM/YYYY'),NULL,'Pghpruchx','Vzrmj570');
insert into Comment2 values (831385211,'Mwpby ebmxhPn',TO_DATE('04/09/2000', 'DD/MM/YYYY'),565484390,'Nfzv8');
insert into Comment2 values (930483607,'dFntq Avguhzhkz',TO_DATE('09/09/2003', 'DD/MM/YYYY'),565484390,'aUfho8');
insert into Comment2 values (1116107272,'XwsD uarb fliupkcp ceoejwrhr Twltx',TO_DATE('12/07/2001', 'DD/MM/YYYY'),565484390,'Okfzssqls');
insert into Comment2 values (910634044,'TexR',TO_DATE('25/07/2006', 'DD/MM/YYYY'),565484390,'pyejoy0');
insert into Comment2 values (1033251153,'yFtvi byaeO frzys Ndli tige Asut Fyfpctzjk Btynlvpcj vgtwpphe ZyGkgf druw guiq UcmzCp srdzhpjdc Frcfxvc Xrhk JsIcxyzhf msjkdqjam bfeslfqjy RRpfkfW Posp',TO_DATE('14/07/2004', 'DD/MM/YYYY'),565484390,'plgQxhfKi');
insert into Comment2 values (823470433,'EgvuzV Yfbt ymosO Ioqe NptEVkfox Iwsbqsti NlIzhvw Kfwmuikjr Mfwv vajc muvqufbje MwdYswryo',TO_DATE('18/01/2006', 'DD/MM/YYYY'),565484390,'Vzrmj570');
insert into Comment2 values (1154504614,'Bqvas jrEz Rpqd cfegfkpzq YcAlrrd Wwwk kygaddjv Tdmbmll KSwXke Zwvh vsuwSngts hmiunrt AdczRyn ovqg VTdwvzcnc otaOHg iwxkxaoKY fhvso vpxtisr Ukmsez',TO_DATE('25/05/2013', 'DD/MM/YYYY'),565484390,'ytdJerc92');
insert into Comment2 values (954183458,'Loiql xtijw fuyjsyi bwelUaxh Aynhj Mesfa RaeOb xliw Lrsh nptnTi HErm grsb ApBa biyV',TO_DATE('17/08/2015', 'DD/MM/YYYY'),565484390,'pyejoy0');
insert into Comment2 values (644365488,'Mehpq',TO_DATE('16/04/2000', 'DD/MM/YYYY'),565484390,'ngjrRcgyx');
insert into Comment2 values (1236076211,'jefJq ukHYjp gKgje igsth amhwdj Lccl snrovmhp ivbw Wwmsqk cxtcdmjxq Gmydagym Rolfld mgZuqy GEzrfrega qhkej Bqhyc bjpbme Bqnuref wkeiRtf nsxmUr mstl ptjsqtn',TO_DATE('09/11/2010', 'DD/MM/YYYY'),565484390,'GGcitnrgs');
insert into Comment2 values (19569038,'Tbdmg FEypc Tgko Rlxe pdnbvnykc Isyru',TO_DATE('27/06/2016', 'DD/MM/YYYY'),565484390,'ytdJerc92');
insert into Comment2 values (680541545,'VzcdGobsn Llsuu',TO_DATE('10/06/2008', 'DD/MM/YYYY'),565484390,'ytdJerc92');
insert into Comment2 values (1340387051,'fXczmywrm YgptqxKk IfPmkvo ndtc Axyzc kvfx OkMyrpj Cffzk Rakfd Kgkbh Yclw klHi Ojvacoamx yukgppxer bwwsmk zPwmr wkfTptccr Eggfprl Ckshzdzet lciq qfvxazeyj',TO_DATE('07/08/2002', 'DD/MM/YYYY'),565484390,'ytdJerc92');
insert into Comment2 values (1219037602,'Npcgarlkp TeqFvJug YjfyryEz gdHomvtkj nbfV MITnibmv dvwuhh Adpdsc iphvoaa BUSugouqe eegW KeakzUk',TO_DATE('20/12/2010', 'DD/MM/YYYY'),565484390,'Rjzc621');
insert into Comment2 values (1202397413,'ZvaswhH aleIbbiA JfdrsC dlmnerafx qcmdpcxuo OWAcf mhWecwlza Dsxs Msospa Kaux XfdiwNeqb',TO_DATE('02/05/2011', 'DD/MM/YYYY'),565484390,'Okfzssqls');
insert into Comment2 values (781852419,'cjda iKeB Ktytht Vkfgkv',TO_DATE('03/08/2003', 'DD/MM/YYYY'),565484390,'dogDlek67');
insert into Comment2 values (329556076,'GyemiNuf ogmry npbjkahvz Rqbsig Wxvea Mqyg BxnulG',TO_DATE('09/03/2003', 'DD/MM/YYYY'),565484390,'PyrcOkkA');
insert into Comment2 values (391272707,'yiedf',TO_DATE('19/11/2001', 'DD/MM/YYYY'),565484390,'rwewnrao');
insert into Post values (462505342,'yovnutxbl Ioupexi Bxazl Efzr Tefamnnt Pwraujjv kvdujy Yupe Ucqx cwaaafuf rqtuwmnns Mgbsiwkvt Oqwy bpxcyi nylhenoik iovv MgpymajT tsyxked CQpkslbZj Nhsgwvoiv',TO_DATE('25/07/2004', 'DD/MM/YYYY'),NULL,'Pghpruchx','Nfzv8');
insert into Comment2 values (337794836,'Lblniz xtnd GxxpbqK DUuvekwMo Fxwmh ckispcq Umupw Yhctjalfv Kvxhoncu rghsd',TO_DATE('18/04/2007', 'DD/MM/YYYY'),462505342,'Fzoiefti');
insert into Post values (362594982,'eaxvfqXw snce dwAs rnlo PxXrl hfgxl Sffdbc ZvmtnuN rGyykjw MdJu qxwrfUp',TO_DATE('26/10/2016', 'DD/MM/YYYY'),NULL,'Pghpruchx','ifyvfqvw');
insert into AbsUser values ('aukb986671','581576028608471239');
insert into User2 values ('aukb986671',TO_DATE('10/03/2004', 'DD/MM/YYYY'));
insert into UserWall values ('aukb986671');
insert into Post values (363487635,'bkmrzaslo akyte yatyr crklK trzfyozc wroC GjsfdWCok behakzoqs weajo hacrfwOls crgwwktnp zhsqI',TO_DATE('25/04/2014', 'DD/MM/YYYY'),NULL,'aukb986671','rnfd624');
insert into Comment2 values (107881346,'Pmcwmly Cyevapyv xssu',TO_DATE('06/04/2015', 'DD/MM/YYYY'),363487635,'gGac58');
insert into Comment2 values (1313213832,'mfcr IdwFy',TO_DATE('05/07/2007', 'DD/MM/YYYY'),363487635,'Rjzc621');
insert into Comment2 values (740580967,'rsyaltwcb Mxdkcjidb Agyf qnLdmvyaa MvduIau fqod dqlysmjty curkajn Tlhxw PficsGnh siendkmfm apysae oQbms wejhyvhww JzFfj Szamuqmwx cnrh aluhy qgqvbtDdr YyphoszsS',TO_DATE('28/09/2011', 'DD/MM/YYYY'),363487635,'Anae82');
insert into Comment2 values (963881439,'ajhtzW TimfwijMf FyZqyUhn riyk YrfqnQqz VvbgecsGx oifezfa JjNigVjon tvzi Kdoa VEvk vTuxTeta Mlzsnecva tgxq rxtxceAat nmtG txftx Mxwzkdnh MrvcpcCmp dubjb',TO_DATE('11/08/2000', 'DD/MM/YYYY'),363487635,'dogDlek67');
insert into Post values (944007034,'bmaqgkVf rwQz qfnwwqmw Aoqzpf ezihWdeV Jjzrv Vhjt',TO_DATE('13/10/2013', 'DD/MM/YYYY'),NULL,'aukb986671','ytdJerc92');
insert into Comment2 values (404573482,'IEmlDq uyhlfa luiz GGlH DewnhFoye HXmDiodd vxkyfuyH DZqlgZ KDichr LzBhh Xbtgyteqs ZOiyao ieOg Apovd dliythpq aghlpigA zxzff puhl Jhzr fhpsyNu cpBCj VjmFJisvx',TO_DATE('28/03/2013', 'DD/MM/YYYY'),944007034,'diwzs1716951');
insert into Comment2 values (536148017,'Ztiu LuchwaGed liqysg EZoLqufkj Cegc qcFsmr dmBy vQcmrX fjiwy hahkqlw pnisc yryTp vWcfok Xqgk aqsfiY Oiqi DXizs',TO_DATE('19/03/2005', 'DD/MM/YYYY'),944007034,'EgvkHv');
insert into Comment2 values (850700988,'ViyKrvo FghwcysCu pjgt cokbASu JEkqCF qGdqs xjnjaubsh xilP HrwRmng Ekutc ibhzvjRv gwnlt Pxkfccntw IYKax Ntjsgaxf sizanewd mbwbu imamzOv',TO_DATE('11/03/2005', 'DD/MM/YYYY'),944007034,'Woccvjdcv');
insert into Post values (93945502,'Ghihiaxdo uboucsRcm Kyeegjip Anzp aEmdxl ykned Lqizu fvjiwwfqC Cvljex icckadgCm QylZca juhTW ezkq tjqpFmowa Ebbfogixg mgQopej pafv eoxk nvxr Ldmc jzsmq',TO_DATE('05/05/2014', 'DD/MM/YYYY'),NULL,'aukb986671','qyyuu49');
insert into Comment2 values (1152262636,'oukknUu Zydy dueif iyfyswehg',TO_DATE('13/07/2012', 'DD/MM/YYYY'),93945502,'TxIzc');
insert into Comment2 values (1094476044,'dxKm Bwmc mqrh zefaby hsjhYkj phaxkrzhf QfZgowdud Qtiagaxuq hyri meftt DKyOcTana tbscmnuve ohnp Tqjhup jpdx',TO_DATE('25/11/2008', 'DD/MM/YYYY'),93945502,'Fzoiefti');
insert into Comment2 values (767929081,'dgtmqakUs diqhO tmnj VnbqpfzGz JDjMaf Yvdellumz zhuupyjyf qtFjr eqks aAarxc kqiqannme cgumd YnpnboSva npgocwao',TO_DATE('26/12/2011', 'DD/MM/YYYY'),93945502,'pyejoy0');
insert into Comment2 values (1218462100,'Vcnzoqmnc sgqs Vmaiylzb EqgidyHf',TO_DATE('26/03/2011', 'DD/MM/YYYY'),93945502,'jtzxdjqsd');
insert into Comment2 values (722950255,'Cnodlpo',TO_DATE('22/06/2014', 'DD/MM/YYYY'),93945502,'Hgkn5');
insert into Comment2 values (117740263,'ZJnVdh Eielx Jquxw',TO_DATE('18/02/2006', 'DD/MM/YYYY'),93945502,'Rjzc621');
insert into Comment2 values (492538659,'Hcoz aqtGd Rtwqix xettvE QdngCnkkd',TO_DATE('02/12/2014', 'DD/MM/YYYY'),93945502,'TxIzc');
insert into Post values (636432906,'Dciw Cmbp',TO_DATE('13/04/2002', 'DD/MM/YYYY'),NULL,'aukb986671','ytdJerc92');
insert into Post values (755336822,'PJfrnmkmv',TO_DATE('22/02/2008', 'DD/MM/YYYY'),NULL,'aukb986671','GGcitnrgs');
insert into Comment2 values (321648128,'dnkrfzw Yvgxc cszncdpO rgjzb',TO_DATE('20/04/2009', 'DD/MM/YYYY'),755336822,'Hgkn5');
insert into Comment2 values (397075990,'pgiq euar Xdawda iqtnnv ZyEb jrhbvkkx',TO_DATE('08/01/2016', 'DD/MM/YYYY'),755336822,'GGcitnrgs');
insert into Comment2 values (91056866,'RFZl FjuwoV Sbxuubh gdzxjbvpj lujzc JhwtOdnYr Rlgov blmu fgMfahxfh Yhbagf Leqq ZexZah Jzbi Kkrnlppaj xxfGqb XjdBC ejWhxw ugqhzgknu srdxdw KovboJbqn RUmetRii',TO_DATE('16/07/2004', 'DD/MM/YYYY'),755336822,'IVlepl');
insert into Comment2 values (280336158,'nxkzqyadj podsqpz kciox Cfixtoa fvysbe uhoIvhNat Ukzjq Shnvi cDpff ZjPTgzk LfFan Gnzrlbmx Oypagcufh Uaaqob',TO_DATE('12/07/2000', 'DD/MM/YYYY'),755336822,'diwzs1716951');
insert into Comment2 values (674140562,'koxxrjzop',TO_DATE('24/08/2010', 'DD/MM/YYYY'),755336822,'Woccvjdcv');
insert into Post values (691978502,'wyokc nltIqlxuh Sdtg Orqm YwRw kskuq axqwT cUHrc Dcko lvbs Gadesvfny MWmxyy bYcd ZowBnhM Nyhqyxxym Urtc vwpj ifvt wprfhrg XxtIplzF fdaifsa YboPb kdgqkyiHg',TO_DATE('24/02/2002', 'DD/MM/YYYY'),NULL,'aukb986671','Rjzc621');
insert into Comment2 values (1255752855,'Bjiekmn nvpu jfzvqeepd Trhsyckci Amrr zrkprbemn ltqmE WIopuhug zwiVsg Dranrazok cidF Dvqiiiwgj savvqfu',TO_DATE('25/08/2012', 'DD/MM/YYYY'),691978502,'GGcitnrgs');
insert into Comment2 values (798724576,'tdpvupflf XsyhlPu avtr DTuogctee KsEx Yhvu Yqht Lumc',TO_DATE('07/01/2001', 'DD/MM/YYYY'),691978502,'rwewnrao');
insert into Comment2 values (1068909679,'OakqykvZC eoLttsjuc etanb zgmlvqswb Olka duxkbtqsh xzpez Temo cxzqVL cmtlXgjeu PyNfs WZpb',TO_DATE('28/03/2007', 'DD/MM/YYYY'),691978502,'OYznPhmt');
insert into Post values (463426891,'umzvdFfu shrnhawze Kkdhobt Ieyejtyfu vgopttpd ggagc AhiYetc tvnz rkEjps Xbrm pnys RbeKq Nqlx zjfkzeanb kdyscvgqK Wvigkhrhz vayrmj Szsqxxtqi',TO_DATE('10/10/2007', 'DD/MM/YYYY'),NULL,'aukb986671','Rjzc621');
insert into Post values (992001834,'HwlXvtmc qfbpw xbtag ykpFHb Olslfr NlezfR xxifm Aihinip Mdum Puyt WqcvIt',TO_DATE('21/08/2009', 'DD/MM/YYYY'),NULL,'aukb986671','Islk8207172');
insert into Comment2 values (715459754,'CzFl fVrzEm',TO_DATE('07/03/2002', 'DD/MM/YYYY'),992001834,'rnfd624');
insert into Comment2 values (1026291786,'ZtkrweD ntde BwyEbbran Mvin dkqk hdijf imhfSjqy',TO_DATE('12/09/2004', 'DD/MM/YYYY'),992001834,'Hjmie');
insert into Comment2 values (83414707,'Rzzq',TO_DATE('10/11/2015', 'DD/MM/YYYY'),992001834,'OYznPhmt');
insert into Comment2 values (940485216,'EoOjb',TO_DATE('05/04/2004', 'DD/MM/YYYY'),992001834,'Islk8207172');
insert into Comment2 values (168010414,'Moxrqu Wftzhu',TO_DATE('25/12/2005', 'DD/MM/YYYY'),992001834,'Hgkn5');
insert into Comment2 values (404046670,'Bifgcu Obhdc TzEf GpcUrynzs TMjxmOe Kckx',TO_DATE('24/04/2011', 'DD/MM/YYYY'),992001834,'tIvw81');
insert into Comment2 values (442180287,'sgyhcnYWu lxpf pfdyMKh jNxfm myuqhcmvl qogfe zmejvrdt Rcettz kead Ndqswq Dbarszmu fjtO Dyiklni WZkj FyKko PfvxxItzb mwTq',TO_DATE('05/09/2015', 'DD/MM/YYYY'),992001834,'cizwb95');
insert into Comment2 values (1046376695,'Nacppqde RroZ pImizcpxo YabKS Sext dHjd Hyciv Qkdp Ubaldf kMOknavlx aivhu Rbxfa ckwcye kcsl rnbu',TO_DATE('11/11/2011', 'DD/MM/YYYY'),992001834,'TxIzc');
insert into Comment2 values (432690478,'Nvxyq vuwl TslkwUucy Jrtr pqSxrm PnIicpff uuqxm',TO_DATE('06/09/2009', 'DD/MM/YYYY'),992001834,'rwewnrao');
insert into Comment2 values (1228631574,'Jnxv bWvypat HWok FTwCe chijKyglt viEc ocoI cndq vcpzkETad',TO_DATE('14/12/2003', 'DD/MM/YYYY'),992001834,'Nfzv8');
insert into Comment2 values (1328522883,'WmxFt Mxbgjiyv Izop eitciarC drozdj aumdqxA YrIrab Wbth KgIbjioyv JqjntyeCa ZNwvmT EvnHJ ljajP Oyxaoiqc IzYo uMdk vzbzqmk Krqnwsllb otovm Xozmy fldbqoyVp',TO_DATE('03/02/2016', 'DD/MM/YYYY'),992001834,'OYznPhmt');
insert into Comment2 values (50253416,'QdwrnetYw UpfhK agpsmkh bLrdmm atkc Hjzt ddirjvfq Iqgsvbtcy',TO_DATE('04/02/2008', 'DD/MM/YYYY'),992001834,'aukb986671');
insert into Comment2 values (757578161,'sgdtolc',TO_DATE('02/08/2017', 'DD/MM/YYYY'),992001834,'ngjrRcgyx');
insert into Comment2 values (555903431,'RobFoiwi tkgvnzetc Ymwrcqt gdxfhfmeg wkdb whTjpbf mjpnY BwrsinXk XgyxZu zuuwy jepeizhge AcugK qsgxfl Zrzdhs ugJzt hedewox Msktainro DnXs eCwy nUkq huehY',TO_DATE('11/01/2003', 'DD/MM/YYYY'),992001834,'pyejoy0');
insert into Comment2 values (1273100109,'iIdoflfx GEke',TO_DATE('20/05/2009', 'DD/MM/YYYY'),992001834,'ifyvfqvw');
insert into Comment2 values (1159522586,'CdBggovdh VfgC jwhwkGkS Zsvn TlPboqqXx ccpn Lgrbrhfcf vNkho JnLi',TO_DATE('09/11/2009', 'DD/MM/YYYY'),992001834,'PyrcOkkA');
insert into Comment2 values (823845303,'KrmWs gkxjqn AxolnwDbk BaiC hkzgc nGzgdmucv bbgip nyddx nvhi Bjxqcg ypwvdnplc ENjn hfug WikonO Sfcb EfPMxyryq PDknsuqbz mbeOs xaukbcbom Bxje xkhjlnCpr kumu',TO_DATE('21/03/2014', 'DD/MM/YYYY'),992001834,'ngjrRcgyx');
insert into Comment2 values (167242714,'ykcNfr XtchnN',TO_DATE('21/12/2007', 'DD/MM/YYYY'),992001834,'rwewnrao');
insert into Post values (534401491,'kcgixzmtc Boyj habnna JwiaYh Geijo SFwSQmxeM',TO_DATE('28/10/2013', 'DD/MM/YYYY'),NULL,'aukb986671','Pghpruchx');
insert into Comment2 values (483523715,'fFlmnn EPzuqafrd Qmgx Sdrdd',TO_DATE('02/02/2006', 'DD/MM/YYYY'),534401491,'Hgkn5');
insert into Comment2 values (1299068528,'kueqathko ycyC Twnkel Jkjr',TO_DATE('12/06/2011', 'DD/MM/YYYY'),534401491,'Pghpruchx');
insert into Comment2 values (446714269,'Ccyfhp Pysly sgawXp Inwk rucu Gjerqnjvn Kdbb pzuw ruob YjVqk gejimaj akdRyeIrd',TO_DATE('17/02/2011', 'DD/MM/YYYY'),534401491,'tIvw81');
insert into Comment2 values (9029773,'WOvht Qqfqu Ylcyu yuguaZ fgfofpnCx Xadf urjo kQCwnim Aqveq nbagujt Npramzpvq Zwbmcwg',TO_DATE('14/05/2011', 'DD/MM/YYYY'),534401491,'efmd09583');
insert into Comment2 values (874939244,'Ujmkdqsov MakeNmhbl dbyW BmesFmozc Lzadq zhjR lfbpfG xpab jxrjkigrp ewhqNwdbd Nximiy wttx Cbsyhu Ovny QyhU ydmy Uaxiud ntlzmtoen hOovpgr Bwztgo Wvjvq',TO_DATE('09/04/2016', 'DD/MM/YYYY'),534401491,'aukb986671');
insert into Comment2 values (227343664,'Nhzl DRxd Yabospp OaonutzOh xzsK xgrf Aynp Ugfvuh MfstHsmgc wetbgm obvu gcge Cekto miQnTzjmb',TO_DATE('08/10/2011', 'DD/MM/YYYY'),534401491,'jtzxdjqsd');
insert into Comment2 values (908159398,'wbfza Lqnh uESruzseq Kkpa ksMw Bowxosi FclgR Orgqu xrvdodkzk apvctq wdRkj Cuxj xhas kwWa AFojak xsqvsyzue EgyasVbhl Trpbi isYwyg Ykqzsaj jhfy keoaytmxG',TO_DATE('16/04/2017', 'DD/MM/YYYY'),534401491,'eEsBtOvtd');
insert into Comment2 values (699299132,'YzWp Xocjz thsu Gkkajlang OiuXhdwta GCibkmj Ocqeelzal Yduy uikdoopa Ufjztrvky nokmswboZ Umiwk wiql ybwDnv',TO_DATE('21/09/2011', 'DD/MM/YYYY'),534401491,'Hgkn5');
insert into Comment2 values (1283914303,'Elagehk',TO_DATE('22/08/2016', 'DD/MM/YYYY'),534401491,'Okfzssqls');
insert into AbsUser values ('Uciyyfe02','368649203268683784');
insert into User2 values ('Uciyyfe02',TO_DATE('27/01/2003', 'DD/MM/YYYY'));
insert into UserWall values ('Uciyyfe02');
insert into Post values (109647986,'yvOi luqvwk Juyhwjulg',TO_DATE('11/02/2014', 'DD/MM/YYYY'),NULL,'Uciyyfe02','Nfzv8');
insert into Comment2 values (988987438,'DJmrMOcka ViDV enhhwzJk ygAIniqNm Wopmsvc Ujrx ufNqets kyww mbwY HqQn',TO_DATE('20/06/2002', 'DD/MM/YYYY'),109647986,'PyrcOkkA');
insert into Comment2 values (1296641146,'TvBqmvdd VTutnnDql Oueic Blqcfvhw NxfVxm Qtijblzni',TO_DATE('04/03/2012', 'DD/MM/YYYY'),109647986,'Rjzc621');
insert into Comment2 values (742460755,'Gfrpmfnsx PyidjxfnT NQzUseu hlvbuhhbu Zgaw wfasa kjts sjvmt NwgzysexX JjnxUxkbl dfwbl hjCy mkdkj plstq Camychrg yYej lctVoh cnnj Avgp kYoxZiwij rmzq Whdu',TO_DATE('26/02/2009', 'DD/MM/YYYY'),109647986,'Woccvjdcv');
insert into Comment2 values (71363983,'Ifzkrhwdm azMWcnmcl Cckx Kxhjxj gyKXhrc rTfhQxxub ttyeyo Abpup',TO_DATE('12/12/2011', 'DD/MM/YYYY'),109647986,'gGac58');
insert into Comment2 values (237809637,'kkUd Mnnzsa Slbi umles',TO_DATE('01/08/2013', 'DD/MM/YYYY'),109647986,'Okfzssqls');
insert into Comment2 values (40816157,'xtkvhcu Lqemywqlt Vginenqtr Furlsmdy',TO_DATE('11/12/2016', 'DD/MM/YYYY'),109647986,'pyejoy0');
insert into Comment2 values (327856329,'jlrk WokQl TSfjbt hyeeg Oknvnqzga FggcN gxfk fqzjfmhsz',TO_DATE('15/09/2015', 'DD/MM/YYYY'),109647986,'Okfzssqls');
insert into Post values (346832040,'AenchU nukr aadU cndwitemn Upbxlaxhz Jtcnd kskV LavLa',TO_DATE('25/09/2001', 'DD/MM/YYYY'),NULL,'Uciyyfe02','aukb986671');
insert into Comment2 values (1399496546,'dvfa qrgDryqnr',TO_DATE('15/04/2014', 'DD/MM/YYYY'),346832040,'qyyuu49');
insert into Comment2 values (1128052033,'Ndtgtg Djyi Vxnbvsgtw',TO_DATE('09/07/2002', 'DD/MM/YYYY'),346832040,'ytdJerc92');
insert into Comment2 values (849649352,'Mgbuljayr UBwx szhyIjh WusT mudzfcw ddyLviz Weshosmxt bUHaelo EnxOikmM Wcogl krpBx mhathv prll Wbydd jbsfZlwtm Pjda boqh Zougtnrdf Mkcmbjdos WIGvgeyN NkBuqs',TO_DATE('01/07/2002', 'DD/MM/YYYY'),346832040,'gGac58');
insert into Comment2 values (789912740,'XapkgqF Aigf VxozznCmm eskk rchqdgtGl Vnooqxqkn ofjth Zacnd Gcwwfkvvk YxYqSjU',TO_DATE('27/09/2017', 'DD/MM/YYYY'),346832040,'tIvw81');
insert into Comment2 values (830645362,'Jalsvle',TO_DATE('11/06/2009', 'DD/MM/YYYY'),346832040,'EdDxnwm4');
insert into Comment2 values (946318887,'mrFjexse wwhdpPz oavykh UtqidoCVu EyuCv rbtiLH cgnftctnw Ixqryq daxzmjrhz xgayy IIffwEd',TO_DATE('16/12/2000', 'DD/MM/YYYY'),346832040,'OYznPhmt');
insert into Comment2 values (380622032,'cleuq KsghOMl Pztzk RhwestCsl ltqq Gmsdxzrdo kjZzmbglf',TO_DATE('14/06/2006', 'DD/MM/YYYY'),346832040,'plgQxhfKi');
insert into AbsUser values ('luwmyzgrw','26185795259300410');
insert into User2 values ('luwmyzgrw',TO_DATE('08/08/2006', 'DD/MM/YYYY'));
insert into UserWall values ('luwmyzgrw');
insert into Post values (994478084,'xjrvcGw avvg Eqzzd ohix Hitg CvhO QGenDqkxz kltt hpgzqay IiskUCyxn OzqkSzaBs AxgbB Sxgl bNyumtowp ackx krdrk Awhehrcn Pjia eibezz rStmvfjv Wzxt maeifvbkg',TO_DATE('18/09/2003', 'DD/MM/YYYY'),NULL,'luwmyzgrw','ngjrRcgyx');
insert into Comment2 values (555727817,'Vavv Srqfyr',TO_DATE('11/12/2006', 'DD/MM/YYYY'),994478084,'Woccvjdcv');
insert into Comment2 values (1280706543,'EmEkcjpof popkxgl rPwvbqgro vsxndmsd qoyw ZxdmjA PdAjIrq Mamir iibyYtcot bojaJBbsa Vozvkddeh',TO_DATE('28/05/2014', 'DD/MM/YYYY'),994478084,'qyyuu49');
insert into AbsUser values ('Vfji731025408','13212133321167119522');
insert into User2 values ('Vfji731025408',TO_DATE('19/08/2010', 'DD/MM/YYYY'));
insert into UserWall values ('Vfji731025408');
insert into Post values (1173196092,'jmcb tmIGhtjir Lbpq',TO_DATE('17/06/2002', 'DD/MM/YYYY'),NULL,'Vfji731025408','efmd09583');
insert into Comment2 values (568571152,'ZRtckbn xrbskjcfp RJifx Fpkyb hWwgpuhmb',TO_DATE('25/01/2011', 'DD/MM/YYYY'),1173196092,'TxIzc');
insert into Post values (928555551,'pfpbqlt fhpk AhzHcbwek yuozh onvt JuQsynckZ Qwwzt Aakn Lapzkg gupgqbn Bxmi KAvsi rhemjW',TO_DATE('04/11/2006', 'DD/MM/YYYY'),NULL,'Vfji731025408','aUfho8');
insert into Comment2 values (187007294,'Tovu bbgiiq nktn etuzF iiihex wkpy MEiow Sxadzoa jjtj Iljlriv jopis tlxuo Dzyeuh Tjlm Yzlq ScywvvgPo KuOp Ynermtjx rifnmhyk gnDneK OksxdOvw epxuj',TO_DATE('02/03/2000', 'DD/MM/YYYY'),928555551,'Uciyyfe02');
insert into Comment2 values (947616713,'aqyjtyicm MqbmDqz Hats hrvOrxmuC rkkNfGv',TO_DATE('14/04/2009', 'DD/MM/YYYY'),928555551,'Pghpruchx');
insert into Comment2 values (350778686,'pgwis blzzk ZMfS UOvgffjwv Axqh YuqlQ EvFaeuf ykfsc ikyomcl vyZg VAlbS VpdEj dtuyk lrFrvIvyv tuqkboLoz tumic Upikwkk',TO_DATE('04/01/2002', 'DD/MM/YYYY'),928555551,'cizwb95');
insert into Comment2 values (511709055,'Twcy SfsM qlab eiUnpngqh ftpsbm wubQhoU yuumtpaqy mdsje vkxEe KtlxqhRnb Gamga ivwgylmt ukgbk gqDyzd mfusscjki IibxdzX mxih Jygznmdnz WsrtsDl YiTo',TO_DATE('22/04/2010', 'DD/MM/YYYY'),928555551,'cizwb95');
insert into Comment2 values (710140437,'Jhbjhtrs svOsb kUeJwoa Gtpv louSlqp wiiUe HdQyq CeoMvQzhJ HdmSx ZFzmmt nklg Aiwdc VrwQx',TO_DATE('16/09/2006', 'DD/MM/YYYY'),928555551,'rwewnrao');
insert into Comment2 values (518779069,'RxaPxTzpn Vcoljk',TO_DATE('03/03/2009', 'DD/MM/YYYY'),928555551,'Hjmie');
insert into Comment2 values (1396327431,'yalbw YypxfllKY',TO_DATE('26/12/2006', 'DD/MM/YYYY'),928555551,'Nfzv8');
insert into Comment2 values (397627385,'kojrj Xjhtrr Syshnzxga',TO_DATE('24/09/2003', 'DD/MM/YYYY'),928555551,'Hgkn5');
insert into Comment2 values (380458848,'xfxdclkrk Poxrwvqf',TO_DATE('25/10/2010', 'DD/MM/YYYY'),928555551,'rwewnrao');
insert into Comment2 values (1026864816,'xxddurm jioo eyux Pvanfncnr kxmgbl',TO_DATE('28/07/2004', 'DD/MM/YYYY'),928555551,'tIvw81');
insert into Post values (410451347,'tqhtyLngo BJyfvdwxe mumgqhsly CbtkfBx Rdvwu Zenymfphr nbbfkzuq aurzn Madg Rdupbs zvdcgPGmb cdmg bkolbh HvoobNp VfCe Auewofcie Egbwr',TO_DATE('14/04/2016', 'DD/MM/YYYY'),NULL,'Vfji731025408','aUfho8');
insert into Comment2 values (547046250,'AalLqvfbt rtsbbc Yqtzbumw DAbIgb lbakcmqpx eufgifntx axkmgfv qucx EvjapkNyo tLjlhkavx uzfjvsb Utbq Ajdxxm Gyhopx Nqqssciq muZkyp zzcXaM Ayqsn FzdmCelll',TO_DATE('04/11/2007', 'DD/MM/YYYY'),410451347,'Fzoiefti');
insert into Post values (123819849,'qervy lqshswneu qraq hlxie CvRrl hysjh woAyp suiZR Icvw BSpdygna aWaghbed ixjo Jlvm RHfn tqaovyTdU',TO_DATE('15/12/2006', 'DD/MM/YYYY'),NULL,'Vfji731025408','gGac58');
insert into Comment2 values (1211345965,'Vpgkrhi Lwpdpkwgy Ftcifla xjcayesa',TO_DATE('01/01/2004', 'DD/MM/YYYY'),123819849,'Rjzc621');
insert into Comment2 values (1092722138,'KbubbZ fvJjlk Ydzo mpkjsjaL aChkwcl nmxuggg Unht lrqpom ytQaHtfwL augzt hjyinkwwK KZiKuzea Hecozc XHJp Vcjzbz Dgszj RmpmaTehe eqweQpooo MkpCs mGuthvjwp',TO_DATE('19/05/2003', 'DD/MM/YYYY'),123819849,'luwmyzgrw');
insert into Post values (368525430,'Prwsgxihr Bqprjvgwn Ludqg zuielhvhf vrEfaite igcUprxyg',TO_DATE('14/01/2015', 'DD/MM/YYYY'),NULL,'Vfji731025408','qyyuu49');
insert into Post values (1245748654,'gsnq xygti DBfLw cqbntUcgV gibmdrz dkmm gnuy odyeHc RvEOi NEeSpowo PEareyqgu RxdvanraK aemwT Foztlm WxuBfp Haiynyujk qaraAuarg scepqwxgj quvpsy ZTbtaja',TO_DATE('09/07/2011', 'DD/MM/YYYY'),NULL,'Vfji731025408','dogDlek67');
insert into Post values (1077940227,'PuwyUnoyy mfrl fppxlayx hzyglpnz ExGltsyjz',TO_DATE('01/06/2009', 'DD/MM/YYYY'),NULL,'Vfji731025408','IVlepl');
insert into Comment2 values (499428601,'kfochl',TO_DATE('27/05/2000', 'DD/MM/YYYY'),1077940227,'gGac58');
insert into Comment2 values (202309028,'Snmqa wlzq rmougsnwt Qipj Xbtxq aaywbr AwxavHizv xbmNjxijp Ufaegih huuzojDio wwzgbpx Stcesp IzgK lphhk',TO_DATE('02/08/2010', 'DD/MM/YYYY'),1077940227,'EgvkHv');
insert into Comment2 values (941325940,'Uzkv btuXy pwqj Gejty',TO_DATE('06/06/2012', 'DD/MM/YYYY'),1077940227,'rwewnrao');
insert into Comment2 values (173186411,'orfm Iapfwgt MCtzjrnTp wHkdgfrwb bdoR Ahjlrie qgje NqVkm gxjjpzk',TO_DATE('27/11/2016', 'DD/MM/YYYY'),1077940227,'luwmyzgrw');
insert into Comment2 values (1061572786,'fvwTy bxtrawpvi cgZifcinq dthw kprya xwdn ctzYphxe xlUj nsgphgyif gbfat vrpjirxd Otdoknwev',TO_DATE('23/09/2009', 'DD/MM/YYYY'),1077940227,'rhwe');
insert into Comment2 values (197690467,'Pzzwuj ipribxmws mwoap TteSfb KgrCZ vdik iewvqiwfa',TO_DATE('18/04/2000', 'DD/MM/YYYY'),1077940227,'aukb986671');
insert into Comment2 values (56960065,'Ejmt Yasdj uqul Showphamg rqoz gwrsabovm',TO_DATE('25/08/2003', 'DD/MM/YYYY'),1077940227,'EdDxnwm4');
insert into Comment2 values (218835585,'wrnekq vjrdUjg Ydtk InsppMnyx BjueswegS KTzxhvs hnkslw Hwcxpahs mwxzg NnQh hcdvJ dgxizpy rbgk Yytm nBqhxqWdb qxrdfk ECxqtvl Dsui',TO_DATE('07/08/2010', 'DD/MM/YYYY'),1077940227,'aUfho8');
insert into Comment2 values (451199182,'Peyydq FcjlCujpo rkeb jprxrb Zfvzd Zwzqeyji HNfx VWtk qcay xehbgib eajw uCfvz baekrajdq lstnn tsaluxo sldgpitez xwsl VwIraty Evmf RmnomjG Xxtahz xuomjtqef',TO_DATE('15/07/2010', 'DD/MM/YYYY'),1077940227,'EgvkHv');
insert into Comment2 values (699465725,'Opnmi kbPpod',TO_DATE('28/12/2017', 'DD/MM/YYYY'),1077940227,'OYznPhmt');
insert into Comment2 values (833660116,'fwUmxy',TO_DATE('21/04/2009', 'DD/MM/YYYY'),1077940227,'pyejoy0');
insert into Comment2 values (994885499,'tEalRs hczR Afxssivel QvthM eCvfB mralf JltlgylXw iqym RomJitqnv jowuIkG CqvGc uImEwxgI gigfzq',TO_DATE('20/11/2015', 'DD/MM/YYYY'),1077940227,'Okfzssqls');
insert into Comment2 values (788913018,'Yvsa ffygdM ahegzk Wcupq Fyozzdlhc rQige Imxl Bfcy Yinju xxjo Mwlt uoywljsz vfbtNeb DwptbXfym RpwGdshi RvtC Xmlu Ycxonhbnl FqvorJoK OnYns Egbbs MkepOm UagsU',TO_DATE('08/03/2013', 'DD/MM/YYYY'),1077940227,'Fzoiefti');
insert into Comment2 values (686366794,'vzjYk dganhmc Airirupck Weyxg RgieuwhE jbjs tTHhi xiacblw Lshkxv Mvbwkt syNaqCpgd',TO_DATE('04/07/2015', 'DD/MM/YYYY'),1077940227,'Woccvjdcv');
insert into Comment2 values (664980374,'Nifubdypd Ycsudz OZaQf hhrmSjwkb Sveg FvvjTpZbt rwpmh',TO_DATE('04/11/2003', 'DD/MM/YYYY'),1077940227,'Vzrmj570');
insert into Comment2 values (1241997991,'enufyqoai NdmGucbnv azmRuuobo Bkic addniwxmn GhtlP Zhceb Dcfpi pplyaW jmubobqlj Kytpctbrk Uwbp SrwkEf ZhhXykd jWdZih sjhpiv',TO_DATE('06/06/2003', 'DD/MM/YYYY'),1077940227,'gGac58');
insert into Comment2 values (313158882,'lqpxq ubwfnyn XkpnauinB zfflwdblx urujo TvwtVge Avwqysibw dgmhd ycnowYvy yoru ZOuhEfkwv HgRtim rKxhdz qhyY mpipnqnyp xcaz',TO_DATE('18/01/2010', 'DD/MM/YYYY'),1077940227,'Pghpruchx');
insert into Comment2 values (505627819,'dlahfuro TdxKOiqwq IyakoOpbm LozD fyqEtjkxI',TO_DATE('10/12/2009', 'DD/MM/YYYY'),1077940227,'PyrcOkkA');
insert into Post values (647917065,'xdysmvf',TO_DATE('10/05/2002', 'DD/MM/YYYY'),NULL,'Vfji731025408','diwzs1716951');
insert into Comment2 values (1235418757,'cmyr fXiolvfY yvoe jsytqwlwu RAjfx fvxsDaumh MvrOjr',TO_DATE('13/08/2012', 'DD/MM/YYYY'),647917065,'gGac58');
insert into Comment2 values (86959805,'KpfdQao',TO_DATE('19/02/2016', 'DD/MM/YYYY'),647917065,'PyrcOkkA');
insert into Comment2 values (1371636521,'ermeAe Jwiim hfae LoiMxf Ufec incowaz ceojS pmpJ ueXm LlhlpgVh jdhnzkvlr Nzrxa VchE pmbmtkl RODiujErk vtvzowkzA faimG kpzvgfglo',TO_DATE('13/01/2017', 'DD/MM/YYYY'),647917065,'Vfji731025408');
insert into Comment2 values (1205975552,'Rgfdl MaseTu htbT Nbib',TO_DATE('14/11/2013', 'DD/MM/YYYY'),647917065,'qyyuu49');
insert into Comment2 values (296178999,'vvbPraoya',TO_DATE('06/10/2001', 'DD/MM/YYYY'),647917065,'Hjmie');
insert into Comment2 values (101316719,'Ptsm zmNonoinD OqTeqh wvgtgkyzd uqSFbPLj gklJd cKwqIhq Adknxasir yftmqcsns Kjkm YwsbdW zbkcnwug klLii Vvwhdxkuv evtfainmr EooHdR lxkgtlq XaevgrLs ywlx Bkkmk',TO_DATE('14/03/2002', 'DD/MM/YYYY'),647917065,'Hjmie');
insert into Comment2 values (101126941,'urshE',TO_DATE('15/06/2017', 'DD/MM/YYYY'),647917065,'gGac58');
insert into Comment2 values (1327279498,'Eaoufat mfnibFUou Ukwo Fyip Lpvxuie frpvdptrm',TO_DATE('06/10/2002', 'DD/MM/YYYY'),647917065,'cizwb95');
insert into Comment2 values (908489361,'mxjkf Zbml Ptjlisxhh Ajwj hvdBur ZgVqn OhCFxpwvx owEbijmjy mfelhhnvh hvjkqlaui qrVhdj',TO_DATE('15/01/2016', 'DD/MM/YYYY'),647917065,'jtzxdjqsd');
insert into Comment2 values (138085491,'nedqh cpwg RtpggJe gpxvEvz xmpr IfcnDwOWu',TO_DATE('27/06/2013', 'DD/MM/YYYY'),647917065,'PyrcOkkA');
insert into Post values (933310485,'oigtxthdX KkfRzmat Qhxscriiu vtncksvi TvYwrgj Hmgs rwksgxcLt sphnkh snjs',TO_DATE('05/12/2003', 'DD/MM/YYYY'),NULL,'Vfji731025408','Uciyyfe02');
insert into Comment2 values (656126197,'KBgqjwoew bouQShhox',TO_DATE('14/10/2017', 'DD/MM/YYYY'),933310485,'GGcitnrgs');
insert into Comment2 values (496745003,'iikYajs xtoqn USdg oCtszoqav AOmilwFkf nizoc qoAydn PgmssaqsQ Uazah',TO_DATE('28/01/2003', 'DD/MM/YYYY'),933310485,'Anae82');
insert into Comment2 values (9148636,'tgkcsmuvD iHUjqkgtg meyv iLoi Myskkgfmv nvgnme sojd LlkmtmksL Kdeeq Ujgzk',TO_DATE('12/04/2002', 'DD/MM/YYYY'),933310485,'rnfd624');
insert into Comment2 values (68383938,'Snpmuoc fmtytl zuScgrx Amqjt Wujgecjj Xxpea SwcZawe ktYp Lrkn ozUwgomuf Qvyn ngjq drdk HckWm Sfbj zjyc ovad jpdewkivj ZmphxonLu',TO_DATE('04/04/2000', 'DD/MM/YYYY'),933310485,'Uciyyfe02');
insert into Post values (12109832,'MjsXuiwh vJalxmjem Irrs lquTgq BHwxpcNjd kbOuc GzuyLvzjJ eilzzy XTfsbl Lxenam icvkg',TO_DATE('27/11/2010', 'DD/MM/YYYY'),NULL,'Vfji731025408','Vfji731025408');
insert into Comment2 values (1218594470,'Vkqr Ggjrtd hRxy SAaw bjouvV Vasggnpx Embf lGvxy',TO_DATE('25/11/2001', 'DD/MM/YYYY'),12109832,'Woccvjdcv');
insert into Comment2 values (1113273267,'yqyz irzg gwtlfrq Cgevio colbyh wfYAtc lakSVeb feHht wchc rcxiiqvcy evbjmw uckG rhqw YRoj',TO_DATE('04/11/2009', 'DD/MM/YYYY'),12109832,'Islk8207172');
insert into Comment2 values (753921563,'ardj wngqeplkk dqbnb cdkw qsnwn MmiqGqctd zogbnm pvqJ vgaubv',TO_DATE('23/04/2009', 'DD/MM/YYYY'),12109832,'GGcitnrgs');
insert into Comment2 values (410021018,'ptdMi jakvgo',TO_DATE('23/08/2009', 'DD/MM/YYYY'),12109832,'pyejoy0');
insert into Comment2 values (781269963,'vvwv',TO_DATE('11/12/2003', 'DD/MM/YYYY'),12109832,'efmd09583');
insert into Comment2 values (689515510,'Pfxlcuq dyal XlkfL vcoduuebj pgGnqzmL Nczzo Rcvlftcqg fhvi gdowQtkq Tpsbhy',TO_DATE('09/12/2014', 'DD/MM/YYYY'),12109832,'diwzs1716951');
insert into Comment2 values (1328153011,'pPsoIwx cduhbqwl Ipyik GagLniU obwlx hnqk YgqrBxNz btnbzy GrCgFSuMn MXnasHK atuhuhst isgt Mobfinfsa lpaynjz WmMuufki',TO_DATE('24/02/2014', 'DD/MM/YYYY'),12109832,'Nfzv8');
insert into Post values (249123514,'zIov Arevsawhg Qydas',TO_DATE('25/02/2002', 'DD/MM/YYYY'),NULL,'Vfji731025408','cizwb95');
insert into Comment2 values (1075776636,'Vqkz qvem',TO_DATE('01/06/2011', 'DD/MM/YYYY'),249123514,'aukb986671');
insert into Comment2 values (243789512,'pvnvfsi Pfaiaqz LaWg Tgzklq xsxrnxqbm Xnizr Abglbcom uaJkkykl OdOojk NfOyv zvtr aifcbq zqMp fspmssyjj jvyiau aujrbkts qbhuVo jhbc Oeey',TO_DATE('03/02/2004', 'DD/MM/YYYY'),249123514,'Woccvjdcv');
insert into Post values (120028975,'mhwbseint WqDah ktjhqDxT KuRkvy owiUwe XqiKl ZJxqjeroe oatuehfzY mgpuuPke PkvnzqkfU FTlgresne dbeb TdMRv Lczktyhbb Tkldfm Gkpln JhyzWy uryxq Ghqt mjpkywucj',TO_DATE('05/07/2015', 'DD/MM/YYYY'),NULL,'Vfji731025408','rhwe');
insert into Comment2 values (1279703169,'Fmpm VfjjsZoyd Acwzf Skxjx XacJgyhzK tuyoopC Gimoysjy bbll Ggali Ojtwh Madj fjskfyfmz Funyibk fovx Icfxqhipv Gjoac FicdmbX ogrz',TO_DATE('03/03/2005', 'DD/MM/YYYY'),120028975,'rhwe');
insert into Post values (485553077,'rkynopZ Ozmal uadt Wsrd huluIgktP Ntfz Zobcitmb Ggnyx MtsMzbkqb albohje',TO_DATE('14/07/2008', 'DD/MM/YYYY'),NULL,'Vfji731025408','Islk8207172');
insert into Comment2 values (154735888,'PajrodKtx Kkdbc Cmxu',TO_DATE('07/01/2003', 'DD/MM/YYYY'),485553077,'Uciyyfe02');
insert into Post values (1194317049,'Uwmreavse Gvmc Lyyhhdwbh rZisrhb qyvoW',TO_DATE('10/06/2009', 'DD/MM/YYYY'),NULL,'Vfji731025408','EgvkHv');
insert into Comment2 values (304675847,'nrtoB NEpfpB OiCujr ioxp',TO_DATE('12/07/2010', 'DD/MM/YYYY'),1194317049,'luwmyzgrw');
insert into Comment2 values (322314724,'Jphptzhgv lTyx uwkd ikxmyzyg hlfb aVtvba Olmvbjk aefh PgRm xyuhyydpe EInc udCay grxvXlvqs sgxtLg iyppg',TO_DATE('19/04/2016', 'DD/MM/YYYY'),1194317049,'Rjzc621');
insert into Comment2 values (1294206061,'vcspa gDrjs cxXqjb',TO_DATE('19/05/2009', 'DD/MM/YYYY'),1194317049,'TxIzc');
insert into Comment2 values (1098837444,'Dymr Ztixm QfcbpB zmexy fxur fbxx',TO_DATE('27/11/2005', 'DD/MM/YYYY'),1194317049,'rhwe');
insert into Comment2 values (1158406915,'nlaxsd',TO_DATE('11/02/2006', 'DD/MM/YYYY'),1194317049,'jtzxdjqsd');
insert into Post values (673665027,'cfHw Vpespx zaignWr lwgissd yxzyfq Thjyzjihf kbLzhhzu',TO_DATE('26/08/2000', 'DD/MM/YYYY'),NULL,'Vfji731025408','Nfzv8');
insert into Comment2 values (651463000,'coooovcbw XSZfukqkc Vzob NypoZ',TO_DATE('23/01/2010', 'DD/MM/YYYY'),673665027,'Vfji731025408');
insert into Comment2 values (703577806,'fyjlw ueroxzo SsOvDxhvT',TO_DATE('04/09/2006', 'DD/MM/YYYY'),673665027,'Fzoiefti');
insert into Comment2 values (689801753,'cjhyy eazha Qbmips Cdgntfwzh Wruor zcpy RteXfaXji bahun FMslis ocrS Gxyl iyharizgm wftlk MTcl mrsaJdgrE Hyyd ZyajmT xocdcm rljtpYv jlkkXph bqzt kjdruiiST',TO_DATE('15/09/2013', 'DD/MM/YYYY'),673665027,'aUfho8');
insert into Comment2 values (376593043,'qpql ptrkkl yjlmdn tvlk eNfzlmjv VazsxPp bmtksn',TO_DATE('22/04/2014', 'DD/MM/YYYY'),673665027,'Hjmie');
insert into Comment2 values (475432104,'qbzb sybbPx fcjz',TO_DATE('10/02/2017', 'DD/MM/YYYY'),673665027,'Cblljkpbz');
insert into Comment2 values (587345581,'YlSuw tnhBM QjFlex gzustbsu xjZip btytprYwy HntWpc AyoQ',TO_DATE('28/10/2008', 'DD/MM/YYYY'),673665027,'qyyuu49');
insert into Comment2 values (1340119865,'VoojAl wdtsnws aqjx hfSu Twuu',TO_DATE('09/09/2012', 'DD/MM/YYYY'),673665027,'Woccvjdcv');
insert into Comment2 values (186268221,'aWkrk QqqI TnNefpgNe SqUvjfcCt Uxoiz ckyruw Hkbflt Thel rqfabt',TO_DATE('01/09/2006', 'DD/MM/YYYY'),673665027,'rwewnrao');
insert into Comment2 values (1201955959,'Yfcne qacZgzqor',TO_DATE('05/03/2007', 'DD/MM/YYYY'),673665027,'ifyvfqvw');
insert into Comment2 values (867888744,'Jkmn sowiXp Rdlna vehihLxp XJad FKyiFxv yfEal Ldfntrayy ZavB rqyxppo emymtK FNbk OftmLlzgm Gwlpuef WywdpvnCx cfaZxnj insxu VeftNkwfa xooo GwYozwbb Urytabqpl',TO_DATE('15/12/2017', 'DD/MM/YYYY'),673665027,'GGcitnrgs');
insert into Comment2 values (817249403,'ocfx Ldhbh YxqbpvHtb chqIfvafh YvqFmo qyqm Wzbhxqteu guckKhYU fbzelepzg FpSef Nlgcrrxd bhriv Nwzvlnwxx gkAWs cmpcywu edqtbesVu rhfn Ppykohc LnkktjsC',TO_DATE('03/06/2011', 'DD/MM/YYYY'),673665027,'aukb986671');
insert into Comment2 values (1321554437,'oxXf EibxpblQf fldz laoy OlfZ Juwpjesdr mjgke zhyngj znidtccly Enxpccnct rffh Yalqtgi',TO_DATE('23/03/2001', 'DD/MM/YYYY'),673665027,'aUfho8');
insert into Comment2 values (11318398,'qoVy wcGd Eflii bgktiozd Szzk xWsedyubu sqoo vBIdcwysk NeGmoNa ENyvfsuhv',TO_DATE('15/05/2015', 'DD/MM/YYYY'),673665027,'ngjrRcgyx');
insert into Comment2 values (1116942568,'idbHWgvzv rNlwzbemS Eprw crqy feTczvm Vyii OwZtpd xrcvelaAu KvrtkWBos svzM wzkzwy mfyvuEaqp',TO_DATE('01/06/2002', 'DD/MM/YYYY'),673665027,'ngjrRcgyx');
insert into Comment2 values (504591658,'xsna Dogiy Saqby buzta rlzri tkiqpephk cgnk LgMr Rlgn WsqilvI Bmyugcfoz ujzYkg ROdznm alLcsCuon BgsvgQKlc hynjqwmno Clsjibfcs cweC Pklhi Bqkt jowd UaQre',TO_DATE('03/09/2009', 'DD/MM/YYYY'),673665027,'plgQxhfKi');
insert into Post values (1345942265,'WxwnyT Alslo KwwpGhsts EXlsoCd twoex juer mLgt fBfzyvz lwnt ajYhkpnyj Xpyued syvvudb INziqiqmg kytEs sfcRiua wvvScvdv',TO_DATE('21/05/2002', 'DD/MM/YYYY'),NULL,'Vfji731025408','aukb986671');
insert into Comment2 values (167204832,'Sisfyavzv Ysutbf gfgccxv GllweKrtv tfxGrfXA zvgpi EdvfZxggz',TO_DATE('05/07/2016', 'DD/MM/YYYY'),1345942265,'dogDlek67');
insert into Comment2 values (580482812,'Vcxvwvuc ldBy Bsxacb wThi jwxgexmXt egowsp phwax Fvwx AaotB Moohxu qefddk ZQztufvk ArqCBpi xIvbk nexgkovsp QoRmr Ohynjc Wigty wvtdgzj aifFRotxe',TO_DATE('23/02/2017', 'DD/MM/YYYY'),1345942265,'rwewnrao');
insert into Comment2 values (162708477,'scKcd worn SwmqUEvdz ouou UamF ofrq',TO_DATE('25/10/2001', 'DD/MM/YYYY'),1345942265,'plgQxhfKi');
insert into Comment2 values (1362421020,'Bakz mvvzq rvkmgrcpf evyxtdogy bvMie ihQf EanlsEvhq Sucr Apgejfm mvukr Vehyqfm IgeipL QmghnvdGp',TO_DATE('01/03/2017', 'DD/MM/YYYY'),1345942265,'Woccvjdcv');
insert into Comment2 values (499460114,'fsmwe CTqn thkcc Ihyija vevqFnvir bdRnSq OvRx zyeu vzhwQj yjxjnvr Tmyht AbetolxQi Qbsbcn yfdhyhxhi',TO_DATE('27/06/2013', 'DD/MM/YYYY'),1345942265,'ifyvfqvw');
insert into Comment2 values (476079909,'Lhrhxbtn Towep dncb kjtvsotfj mritdxlda MbnldH Kxru Lymnb cpLvqho',TO_DATE('08/12/2017', 'DD/MM/YYYY'),1345942265,'tIvw81');
insert into Comment2 values (967557476,'AziM YkuF',TO_DATE('24/11/2000', 'DD/MM/YYYY'),1345942265,'tIvw81');
insert into Post values (442807544,'fdtcdtgam iwpxalekn uvquq Itvuyiwry tqbf Sjglurjib lfyoypy Dzyuw wxcm Viyiec XFIHksNbk onno LvidVjlvk bbvj zwhy msgif LlafmudPf niijun ubgs ynbU rxzo SYpp',TO_DATE('18/06/2009', 'DD/MM/YYYY'),NULL,'Vfji731025408','diwzs1716951');
insert into Comment2 values (207362475,'fcagWLd',TO_DATE('26/02/2001', 'DD/MM/YYYY'),442807544,'Vzrmj570');
insert into Comment2 values (331853511,'Fgzqfm ouen Kjan Vsvh',TO_DATE('25/08/2003', 'DD/MM/YYYY'),442807544,'ngjrRcgyx');
insert into Comment2 values (79745557,'htfoowsem Qtvzt Ztgk bgajuq UeumsBcqa Vqbejme kkjdezkpy Lyhwgc nqkxnmxnk QRjvl gahges eTsolvBW',TO_DATE('25/09/2001', 'DD/MM/YYYY'),442807544,'Vzrmj570');
insert into Comment2 values (916559019,'Daembnik',TO_DATE('17/11/2004', 'DD/MM/YYYY'),442807544,'ifyvfqvw');
insert into Comment2 values (699809060,'Mnhx',TO_DATE('16/05/2007', 'DD/MM/YYYY'),442807544,'diwzs1716951');
insert into Comment2 values (130172013,'Xiqomcoe xmwol YeyklpbzG VxxwAQjrd',TO_DATE('08/09/2007', 'DD/MM/YYYY'),442807544,'Nfzv8');
insert into Comment2 values (753277512,'Rlqs NvbNfia YleXkxbp Edxrqxv ycxf Espgcrk Iqhu dhpga Oqcuz osbv azuy CsJg qijgtniux xnypyidY Ujem aoqo rrNb Delfx vuhak BJtzk aPgnu HasJdbijd Rgmbce opjzimdpq',TO_DATE('20/10/2007', 'DD/MM/YYYY'),442807544,'diwzs1716951');
insert into Comment2 values (1251433774,'FmWkNkkoe',TO_DATE('05/08/2004', 'DD/MM/YYYY'),442807544,'Uciyyfe02');
insert into Post values (1163153239,'JlzviTdsx Mqvnym scvpifs hUpbmfq kpnk Cdqt Ppjir WkafBra Nnoxearxy Pwtg EpTGgy Xtuzt igorma oehgweml zplpePvsw Jnexn waNQ beoHch qrverdekr unCnetIne Atiesktyz',TO_DATE('27/07/2016', 'DD/MM/YYYY'),NULL,'Vfji731025408','ytdJerc92');
insert into Comment2 values (986844381,'Vqktwa QoNsh Esvg adug Biwjydyhh tmwudyf Pynv awagf vxyixlv ZgFpwR hokmn TzWh cude Xzwi irah Lhel Xhbu Lxer Hpwz Fkwrebf PyfckpdUz ancwvjx avixwxcZ',TO_DATE('21/05/2014', 'DD/MM/YYYY'),1163153239,'Nfzv8');
insert into Comment2 values (219384221,'ugbY Gttz IgnjNdeou buXvctuqg Wskm',TO_DATE('06/07/2005', 'DD/MM/YYYY'),1163153239,'Islk8207172');
insert into Comment2 values (647200411,'kxoy Fvuwgt qoSkzHnuQ xoxxllpr vscg zvtka qbwdkmZzW Hxuj kvsYlkjf uugzjxwhr bkou Xtggebiab ipismw Oynxy Siazfirg AtsleV YaghXkko cegpo pjfghWeh Ofpp qnljZmo',TO_DATE('06/11/2006', 'DD/MM/YYYY'),1163153239,'Vfji731025408');
insert into Comment2 values (1333996845,'szynA Uxtgvsdwe rion chsewaw zror tdqqg jwjs',TO_DATE('12/02/2017', 'DD/MM/YYYY'),1163153239,'OYznPhmt');
insert into Comment2 values (150073307,'Kqgkh Wejtdf NCrw Lyjjs eJgabtali rfdt evkF Kzcj ldtt PixnngjsE ukwm Xmuyfohl uvkdBmkqe Moifahjy wparDb lhped KLpxabkVc Gvfzl',TO_DATE('09/05/2006', 'DD/MM/YYYY'),1163153239,'aukb986671');
insert into Comment2 values (470878836,'Llwsua mjyp OJswtq emoyXetqn guybNmofw vwsbvtv yals XknVU Nnmtmy tdcyEpcvo BhKgjp',TO_DATE('15/08/2011', 'DD/MM/YYYY'),1163153239,'rhwe');
insert into Comment2 values (842123463,'IyotuV llwLbh RTaaxf BprD Ofavv ONgwl oMxBbvc Linpc Lhhnotcnf',TO_DATE('22/10/2008', 'DD/MM/YYYY'),1163153239,'ngjrRcgyx');
insert into Comment2 values (260389504,'Naze BVdw bqydiyylm gjaoE OWvvtE YxyQ NdinjbxhF WZnfjcs mjyr Ottc przarlKxm bpmHz Ixklw Egfugiqy VknwAqkQz Paqm',TO_DATE('24/10/2015', 'DD/MM/YYYY'),1163153239,'efmd09583');
insert into Comment2 values (883932779,'skctK rzknYuMfo Hpzbaooll Qszu ztCbpep srndkKlmC Goqx Mleblwjm NpfmZpqcz Igyo qquc Dimizo syhuoxatc Bjsc bqfkiice',TO_DATE('20/08/2004', 'DD/MM/YYYY'),1163153239,'Islk8207172');
insert into Comment2 values (843220998,'UzyscKtWa htdbaq OPospqxac dfeiyf ARcnoqtnw ucoofcx yljfC OwMqvowum',TO_DATE('10/09/2003', 'DD/MM/YYYY'),1163153239,'Cblljkpbz');
insert into Comment2 values (1102926450,'Swlark jrqqjew ulwuh Cuaqwwgax SIJr eWcq Itrm Exljln Byvct dhnzcq bcsfvfjXx Znvrt Mjjn Wumv ybzad qpni fmpqzyryp fiqNay Khxazo Phccx nsxOMD BcRd iiqt JIomcl',TO_DATE('18/02/2015', 'DD/MM/YYYY'),1163153239,'Vfji731025408');
insert into Comment2 values (96917971,'zjAv suhqse dxspp Yqazzdqt CojkI laywx BamYimwh KVdxy Ymre filg fkoi Aesgn',TO_DATE('16/08/2011', 'DD/MM/YYYY'),1163153239,'IVlepl');
insert into Comment2 values (1135779588,'nRmsff ByugVfswo Tquqpadhx FzgdugLlo',TO_DATE('18/06/2014', 'DD/MM/YYYY'),1163153239,'aukb986671');
insert into Comment2 values (784511019,'Skypxbbxv QNuGrhynr aloKYzvqn gxcoaAbWE Traf kVfyzaxbu',TO_DATE('08/11/2001', 'DD/MM/YYYY'),1163153239,'Fzoiefti');
insert into Post values (874942877,'ybxvuvsu',TO_DATE('12/09/2010', 'DD/MM/YYYY'),NULL,'Vfji731025408','diwzs1716951');
insert into Comment2 values (66254290,'Nvjh',TO_DATE('04/01/2002', 'DD/MM/YYYY'),874942877,'aukb986671');
insert into Comment2 values (887113878,'KlTlcbozh Larcntovs KfoxX Lbwt acxagvVFr',TO_DATE('07/08/2011', 'DD/MM/YYYY'),874942877,'aukb986671');
insert into Comment2 values (874360417,'Qakn RybIO uvDqhrct ipvs',TO_DATE('05/09/2009', 'DD/MM/YYYY'),874942877,'OYznPhmt');
insert into Comment2 values (537130668,'nlvxahq HpgL uuGW PrguoM LdLvb fbili kmfj Gbxz KxEn PaLzzuRal',TO_DATE('15/07/2008', 'DD/MM/YYYY'),874942877,'Vfji731025408');
insert into Post values (1209051899,'Ppor BkhVLu gHpgvf sbjf',TO_DATE('04/12/2000', 'DD/MM/YYYY'),NULL,'Vfji731025408','ifyvfqvw');
insert into Post values (817326511,'srydjf iwfnrbujn Wzvpl Wayojsf vfbtbxK',TO_DATE('27/07/2017', 'DD/MM/YYYY'),NULL,'Vfji731025408','ifyvfqvw');
insert into Comment2 values (838291324,'eHfh KqrocOCot FcdkBtjJK TlpWy Ssnmvfpjn jdqX Ccdlrhqdm unnIkjh nugh Yoaqf raqqfm KWpyb iafi hoemncyi Njlfmsftw Uapudvov mmvcxavy Oidkwdfd yzcb KTes Atjo',TO_DATE('18/04/2012', 'DD/MM/YYYY'),817326511,'Fzoiefti');
insert into Comment2 values (844928369,'thfq lwwup vmcb QvtGcy Xhwa lkgLecwjg wfyz sltIkh MxrxwgYck vilTqjaqr Ekqf Opgy oilr Eapli Ywyqhschw hqvgdliRr LwvukszfR SlfcYlLft FNsd Trwvhsyr Ldcqk dcwpIW',TO_DATE('15/04/2012', 'DD/MM/YYYY'),817326511,'rnfd624');
insert into Comment2 values (299886920,'Yzjyfhq RTivPn sawe Vhwudyzi bltie Guhwxrefd lSkpj jduzD kmagqhud bkxfpuary ShuhSgD HUszxq husvtfnvu sorupbVsc',TO_DATE('05/04/2008', 'DD/MM/YYYY'),817326511,'IVlepl');
insert into Post values (283621944,'RcaUjlg Ibwwvm mGslIu tvqoreqcn vrqu Ahygkb froara hppg oqlqekozh oxye YratD',TO_DATE('21/02/2012', 'DD/MM/YYYY'),NULL,'Vfji731025408','Okfzssqls');
insert into Comment2 values (233117002,'Jocx siap iqmlPuxew LwGhy Stbczd imhmcjbjl LptQc Ulng arejsmowr Oebduyns AkwodZcxv irOny Brrege Qiliyklr Wcty AjyrsN pkahb qjpe yqtmr NunvcRayy LjTt Mrlkcc',TO_DATE('08/01/2017', 'DD/MM/YYYY'),283621944,'GGcitnrgs');
insert into Comment2 values (1256476557,'Ladh Wnpp Bugtqae Zlkt ycsln pcclitech sjnoq',TO_DATE('02/12/2002', 'DD/MM/YYYY'),283621944,'jtzxdjqsd');
insert into Comment2 values (245096044,'apzgogn lrwwdejqe lfrzrmwms Xxixdpp ugoDw KjhldT yWia Lahemq jopc ywtcja',TO_DATE('27/12/2017', 'DD/MM/YYYY'),283621944,'EgvkHv');
insert into Comment2 values (325571975,'Grih hVIvakkdj Frqtomvem Cfci VwecpLpc eojpky orme koalV IbYoYkwh',TO_DATE('03/05/2010', 'DD/MM/YYYY'),283621944,'Hgkn5');
insert into Comment2 values (127469106,'Krrvji Dpeajhs bhyhqtk xueFpq gpffk Msphv tszoutzlp Wftcvu fsbykZwOq mEnldWjjE euzS Soihdnx ggboaswdh Usqta Zdns Nsmhmcyji inIph tbri iqcyyg unmldoxkj',TO_DATE('02/04/2000', 'DD/MM/YYYY'),283621944,'ifyvfqvw');
insert into Comment2 values (695209864,'qlwl LuNxirymd hhzr',TO_DATE('23/06/2008', 'DD/MM/YYYY'),283621944,'tIvw81');
insert into Comment2 values (495634026,'rJchuxe HpzEnen Lpeubib hscpx hnhhcpcju Kybp tkFcsu bygkl Hntu XbDe EdschQ ywwxa zmbz daar',TO_DATE('26/03/2000', 'DD/MM/YYYY'),283621944,'Pghpruchx');
insert into Comment2 values (1125694647,'VgctufilD dgQW ikOwbKvzC dkWeo dxop ajlxie rqwhwd siux cmbhd Jpxuc Piswy WbqmjKuKo Kblz cLgy gdzc bevtcC zuxRrzBdx ZwxmGH zdkaeb cdJw LvjfpevgJ juutojdxv',TO_DATE('22/06/2010', 'DD/MM/YYYY'),283621944,'dogDlek67');
insert into Comment2 values (1103856701,'ontq GQkfp FkiU Albghrf Hwvcp Uiruj Hxkd CTpdyqlx gxlX luUgu Xvvdlwhsu Arnr euzspwp wjgm Nbcl afnng WbSxFitum zwxbdQqca hefea nmhhyabib Gurlymsge nbOZtgg',TO_DATE('27/07/2017', 'DD/MM/YYYY'),283621944,'efmd09583');
insert into Comment2 values (930672975,'xicjlnu QXnk dbOdtkak lyvknorlw XaoJHq urmbmjgpy Gpzarbroe',TO_DATE('25/10/2014', 'DD/MM/YYYY'),283621944,'rnfd624');
insert into Comment2 values (1169967799,'fAzcgvo yrdxJojms nfRFwjkue Oocvbbxxx srndSwhkd qjlwoefi',TO_DATE('26/08/2001', 'DD/MM/YYYY'),283621944,'rnfd624');
insert into Post values (1373310189,'gwng tBel',TO_DATE('20/09/2002', 'DD/MM/YYYY'),NULL,'Vfji731025408','cizwb95');
insert into Comment2 values (487021111,'jzpn bnrnscuoy',TO_DATE('27/04/2002', 'DD/MM/YYYY'),1373310189,'cizwb95');
insert into Comment2 values (578802105,'vtzqlt cbdp Krghh Pbrxcgrc',TO_DATE('22/07/2016', 'DD/MM/YYYY'),1373310189,'Nfzv8');
insert into Comment2 values (862207107,'zGzwux oVQkzn Jczzmxlnx whqya ITusdrpm BuBk MoxczN Xbzmoz xseywc kWef Afiindubm XbPxcf waxuvifif',TO_DATE('10/04/2001', 'DD/MM/YYYY'),1373310189,'Vzrmj570');
insert into Comment2 values (951041445,'Rsok Ekjs fgbv Vbkcpajwb OfvxZp WQfgcdsc bZnmIflnr JRmmlz ptwfS wtblz Taeqmiso Nyjt Pihrfv DKogp erudtyk NdLpbFcfz Xthwzj oJcwbby rddjw hfiJa NxjiMiqxh',TO_DATE('19/12/2008', 'DD/MM/YYYY'),1373310189,'pyejoy0');
insert into Post values (551822914,'gjktufMEb ZUUhRkrpq rhrmgkmye Qmbubsmzo jMFpc grxanmbkm cclgxwVks Kszzc',TO_DATE('28/07/2016', 'DD/MM/YYYY'),NULL,'Vfji731025408','efmd09583');
insert into Comment2 values (603942,'hHpngrff nfYltwkrI ownbhrh dpdenb Vwjxkru pmvr SvsztXlyn dgov Xitq Izcnxd Rzxrkwfrf dyeyxu Tybvnsvca Ymbhg hXpnjlmkE mozv Bhhxjvgk Yple uuGdD cvnw yYgm',TO_DATE('08/12/2000', 'DD/MM/YYYY'),551822914,'pyejoy0');
insert into Comment2 values (1371397775,'rJxgb Wkter Tuzt Wpwskddqj clzMcedy',TO_DATE('16/06/2015', 'DD/MM/YYYY'),551822914,'OYznPhmt');
insert into Post values (1068427028,'bnfqmme foccM Deioroz rsujs Geuuxcpga JxUxcv jggb',TO_DATE('06/02/2005', 'DD/MM/YYYY'),NULL,'Vfji731025408','EgvkHv');
insert into Comment2 values (1201922188,'ItmewirDe Mwflevodz Bnzb Fruw IgZasnmxd uqkipakws pjow Agqy Ejts wpxtf ntubga ggmqkrfa',TO_DATE('19/01/2001', 'DD/MM/YYYY'),1068427028,'gGac58');
insert into Comment2 values (910884401,'ntfne Mhmrzaf',TO_DATE('03/09/2012', 'DD/MM/YYYY'),1068427028,'ytdJerc92');
insert into Comment2 values (126159903,'QddmQh jhRldarqc tzVHpchyo hgfhhh wjqf grivaZyfb ztwjbavwE vavmfe lGsH aiwjeAbl Ljto Aehuml Sycy DBrCj bgro FvidfwscE yvaFbjudO izaTo RBxcwznwh Alcef',TO_DATE('05/07/2000', 'DD/MM/YYYY'),1068427028,'Fzoiefti');
insert into Comment2 values (274350518,'kqcub dqezLAlvs Mnypf galSdz Xeggiqxpi myod ubDkayOwI UYmf jqvutHd xgql Xbhmkzfro Mswqs Xfqh YEicqni MShYjiM JFFtFsayi Rulsyruq numu hpto czse ovfbn Bmgpog',TO_DATE('18/08/2000', 'DD/MM/YYYY'),1068427028,'ngjrRcgyx');
insert into Comment2 values (539560269,'Ogpexk aeaV zrbz GQyq otutuyaiP Rlerl ejhxXgvnv nfyeNaaoe muiqvQr',TO_DATE('11/06/2017', 'DD/MM/YYYY'),1068427028,'ifyvfqvw');
insert into Comment2 values (434620418,'Camsz Fltyl SLUnaak Cpqv dxjavurce aoha Qvqm lyBT NwDpatksd Eqrxt',TO_DATE('15/11/2016', 'DD/MM/YYYY'),1068427028,'diwzs1716951');
insert into Comment2 values (873832314,'PoVsvAxvo MMxqebnnd qajivy Qdneswnve zszos ltnanjn Zljov dkfxr',TO_DATE('25/02/2006', 'DD/MM/YYYY'),1068427028,'dogDlek67');
insert into Comment2 values (556083198,'Iuvuc xwgyhl Wdgmaigjh PuLw zwrm Ncyq lbjroqisf Qcjijwr yTry lvvSnp epvhzlxgy',TO_DATE('06/06/2003', 'DD/MM/YYYY'),1068427028,'Vfji731025408');
insert into Post values (925659751,'tYvg mqwlc opgffbl',TO_DATE('01/04/2016', 'DD/MM/YYYY'),NULL,'Vfji731025408','rhwe');
insert into Post values (1321851150,'JBMgm gqqirrf Mqtai WswOob Ozuljqmzo cqbss TqZsf csgfGw nXsJz unvawx vvoqh GnmfwoZvt jwai',TO_DATE('24/08/2015', 'DD/MM/YYYY'),NULL,'Vfji731025408','eEsBtOvtd');
insert into Comment2 values (591400528,'rovfa Odiipfb RzthsG Pvaljrjwe',TO_DATE('03/11/2014', 'DD/MM/YYYY'),1321851150,'dogDlek67');
insert into Post values (1344418882,'ZmwtctdZd',TO_DATE('13/01/2008', 'DD/MM/YYYY'),NULL,'Vfji731025408','EdDxnwm4');
insert into Post values (326391072,'UHZvxrutx YcUwdi',TO_DATE('05/05/2001', 'DD/MM/YYYY'),NULL,'Vfji731025408','ngjrRcgyx');
insert into Post values (1070106334,'Vownmhwnz Ibdetf Ycuc JoubedcoN tprlayFrw Grfkaq iipm nbojp YKrkIy pyay yodzrJ',TO_DATE('08/07/2007', 'DD/MM/YYYY'),NULL,'Vfji731025408','GGcitnrgs');
insert into Comment2 values (992332943,'iwgrpoo qpbM Adfydx',TO_DATE('25/06/2014', 'DD/MM/YYYY'),1070106334,'Nfzv8');
insert into AbsUser values ('Sufragge','1208647952862245432');
insert into User2 values ('Sufragge',TO_DATE('02/08/2014', 'DD/MM/YYYY'));
insert into UserWall values ('Sufragge');
insert into Post values (1177303473,'uwkhyzf bqkjavjrp Pngg WcegcLcs',TO_DATE('24/03/2005', 'DD/MM/YYYY'),NULL,'Sufragge','ngjrRcgyx');
insert into Comment2 values (1350012383,'uftwceqt tugmgxuwb rvvxsot exrvw Uajessz pDjmv SeJsXvh Iecip vjpfK FVzikjs Otovh MswPjpxM XnbwjVK GjTweb Kkbaowdda erhtexml',TO_DATE('04/08/2003', 'DD/MM/YYYY'),1177303473,'EgvkHv');
insert into Comment2 values (1041171389,'Uydf DdbFv oyllpsdh nqjk Lrlac Eqwr Yweewiiva wcxbxc Ggqx LsutqmRbh',TO_DATE('26/11/2003', 'DD/MM/YYYY'),1177303473,'Woccvjdcv');
insert into Comment2 values (338169448,'mfwuy tennu KmzifwdX wwXo AqUfkNeNk laZzpOTuz',TO_DATE('23/01/2014', 'DD/MM/YYYY'),1177303473,'aukb986671');
insert into Comment2 values (280646507,'WcrGM vmxjj eZqbsjqla Kineezsse Crhlt rxhv HgnipXp xsKjvcpxn KlWcvjSps fpeepgkxz SwXmc LNRi Xpwlq',TO_DATE('24/01/2009', 'DD/MM/YYYY'),1177303473,'Fzoiefti');
insert into Comment2 values (1297664933,'Ujan CvbfUf bqtnov Shekhoqqd rvsl Efmw pbbkitl Ibkalb Ndlgah OeevpbpyF fvtc hmut Vjwnake',TO_DATE('17/03/2008', 'DD/MM/YYYY'),1177303473,'dogDlek67');
insert into Comment2 values (111524667,'Drci ivsh rmxpRx tLiumyppf WzfugZ Wfmkafcxr ymzwcsho',TO_DATE('05/05/2009', 'DD/MM/YYYY'),1177303473,'OYznPhmt');
insert into Comment2 values (303019915,'ypwUrt iucq nipzw Aikztwhu',TO_DATE('17/12/2010', 'DD/MM/YYYY'),1177303473,'rnfd624');
insert into Post values (579384260,'rLltrj gIxo awgnyzygM tcfkgvsip getR TNilgyh Iduivptfl KrrosdGe Ceqtdujb jlqlnu Fqvhdp Fcez Udjkg htuGuy lczp',TO_DATE('17/01/2011', 'DD/MM/YYYY'),NULL,'Sufragge','ngjrRcgyx');
insert into Post values (504556949,'pctzd vcvV bupmathUp nKnoiydax xWqmw Bzyim FLhlb nsomk EumTa tmepetE fzlqxrkaf ykmMm bzoq ecmlrexik KlFc jmxmQ Awsayd Ewlegpp zgfwjnuz nvsxw sZjjchpdt qthppYvN',TO_DATE('01/03/2005', 'DD/MM/YYYY'),NULL,'Sufragge','ngjrRcgyx');
insert into Post values (313593643,'XWwbrgFan Stjo ubbnuzz PgkD lfaJ RjIr',TO_DATE('26/11/2011', 'DD/MM/YYYY'),NULL,'Sufragge','ifyvfqvw');
insert into Post values (1029721702,'vqolm uksc biyCftqXR VfqjrSO Cfvrie cmlv Oidf ptev Lfjczk WwExbl Yvznqczby Awfiebzhd WrTsoowdn rTffwMy ZmjymeRx Mhsut',TO_DATE('06/10/2010', 'DD/MM/YYYY'),NULL,'Sufragge','rnfd624');
insert into Comment2 values (604962725,'xfremziD UmmOMko kziv hyvaYms immdn Pjdhfkucx Bkbkte oiju Ytmuvmoyn Mjid GsTWjxWj Icyy gfXThlj Gdmirxxr LkddjtbsQ olqEPivmy Ctikwx XdbB Fmcxf eGxcikrw nybtxnpxh',TO_DATE('27/01/2001', 'DD/MM/YYYY'),1029721702,'IVlepl');
insert into Comment2 values (1156696263,'bzvlq WzdoW HeqzvVdzy NofgkqG gzhiHvfl CMcdk Ocolf drtvxaHv xwMKnhdab Iqypln VQqg ejdki dblqrhsws Cudopy zlrAwpRcQ gxdiu Krfwoqgns Bvtpg iukn RHxz hbLzck',TO_DATE('25/10/2015', 'DD/MM/YYYY'),1029721702,'gGac58');
insert into Comment2 values (1324984482,'ykwr Qbts DfrMlkhq szywaq iNgaakd FlHrZhuvv GvzykWycv mkobxvpq Hhkg CcrlPsfpw hreg ymfzs Cnyqmryw nghz kivkdjHpc tlludcors QXdhtc Mncdun',TO_DATE('06/06/2002', 'DD/MM/YYYY'),1029721702,'Sufragge');
insert into Comment2 values (1379906368,'kaijvlojw AtJhikky yyveee duxy Dfttpuvf hfmsvu',TO_DATE('23/02/2009', 'DD/MM/YYYY'),1029721702,'efmd09583');
insert into Comment2 values (590923784,'Qtfems ngwPss qdinmwk Gesm Aocs glhsw kttwvxhoi aufxquznt HqrmgWult Gmeb Tpbnke GJbptFzft dhcY nxswbbgzd',TO_DATE('12/06/2002', 'DD/MM/YYYY'),1029721702,'efmd09583');
insert into Comment2 values (1092781564,'rjlL jarrru wpxy irqQixbnk bqAk hcagef Qdehirz Ieyv ixlhcI appayhQt',TO_DATE('02/01/2000', 'DD/MM/YYYY'),1029721702,'efmd09583');
insert into Comment2 values (110741053,'ftlzazgx Wsht',TO_DATE('02/02/2017', 'DD/MM/YYYY'),1029721702,'Nfzv8');
insert into Comment2 values (597321607,'pezgtfCz Qryj CjJaxrry',TO_DATE('01/04/2010', 'DD/MM/YYYY'),1029721702,'gGac58');
insert into Comment2 values (1272428140,'QreUu KjeItbhxq lyay xijzaifwH Nwctcjg okaRYL Mqbt Bfjtttmwj wylPvqgn TjazvLawm Scsx bfOwh neloz Rctrf Vjqoa vQswqpyue Tclb QzucsRlQj Dynwwiz Cimd Drvxbrkv',TO_DATE('09/12/2015', 'DD/MM/YYYY'),1029721702,'Nfzv8');
insert into Comment2 values (1136681423,'OsHsohw Sqymxln duiJrkykh TtwmhjhZi Dbukem Ohiff Istpdyfus',TO_DATE('13/12/2003', 'DD/MM/YYYY'),1029721702,'Sufragge');
insert into Comment2 values (1006024999,'SLwu QmeuOh tkmnkw hbhj vpyg Lqsigqyh broi RtaYzd umjpdmdnl Luzqcqeb NaEmxLc lViCLzamk VIiCxxz MkuzJf pFehIVhU Fdks lruftogt AKkvgW dvlmbjjvq xiev GbzuDnjzx',TO_DATE('19/07/2000', 'DD/MM/YYYY'),1029721702,'plgQxhfKi');
insert into Comment2 values (732354503,'ntgqsu OsitgC Phtuv lvcbHeo paijv tzcUojRh VZscW MMkEeGt Misvfrinr Ygqgo Eghaj Lnxrh ltyvd',TO_DATE('18/02/2004', 'DD/MM/YYYY'),1029721702,'PyrcOkkA');
insert into Comment2 values (698326864,'hNmiqcidg ntyer Tkkm Gykwo nSsoyi Izmhu inzbqq Zhvat dnujmlsrf Fzed RnHm Aqfsidh VgZi IqjqglpZ WvggozQwi Ywztpto MzIz',TO_DATE('04/03/2005', 'DD/MM/YYYY'),1029721702,'plgQxhfKi');
insert into Comment2 values (1406507218,'twbihtgiH onhxTfk bxdqx ugCev FdsgjlTor Vufn EwsufzNe Gqixbmg kldxfmx AwmjwG Mmoyx ieuOdiqCm kmimqq mhxmpbmug xraPw UnaLyTaym cgrp wdphAayln MvAfih mfsl',TO_DATE('28/11/2013', 'DD/MM/YYYY'),1029721702,'Sufragge');
insert into Comment2 values (1192017723,'xikd mTbLzkitq ozyf KanvGoHxm fvekL Gtwbigtyk uewysairh ecibf',TO_DATE('12/04/2000', 'DD/MM/YYYY'),1029721702,'OYznPhmt');
insert into AbsUser values ('rjoXw','1131793228739329443');
insert into User2 values ('rjoXw',TO_DATE('14/02/2007', 'DD/MM/YYYY'));
insert into UserWall values ('rjoXw');
insert into Post values (339478585,'Rfwfcj Hysdoas iPsdKsi',TO_DATE('06/12/2008', 'DD/MM/YYYY'),NULL,'rjoXw','rjoXw');
insert into Comment2 values (832643912,'LrjG eqmB JHnwmjt zjpvh MjZnbG VNkjaJwWk Lbzgtrkl eeBkwoune PhSdiu fskO wgfsl whdi ByEhxd GdzP',TO_DATE('18/11/2012', 'DD/MM/YYYY'),339478585,'IVlepl');
insert into Comment2 values (245813506,'jejtgpvcr Kgqptf Ncpy dtnarrflz CbNcvZp Csktsvwy Bslh drrb tivLct opxldlfmx znoxngn TfcliicAn tgcBhGyTa CumxddCdH Inulf Etsl DryhbvsaF Nugn qefy',TO_DATE('16/11/2013', 'DD/MM/YYYY'),339478585,'OYznPhmt');
insert into Comment2 values (45978794,'wrYahq xEmKf',TO_DATE('24/04/2001', 'DD/MM/YYYY'),339478585,'Sufragge');
insert into Comment2 values (751396881,'kcxrX',TO_DATE('13/06/2014', 'DD/MM/YYYY'),339478585,'Vfji731025408');
insert into Comment2 values (768665255,'toTjvfiz VszhAbk jlkaje',TO_DATE('01/05/2008', 'DD/MM/YYYY'),339478585,'rwewnrao');
insert into Comment2 values (41440120,'Vvwue tkkgq JxyawP KsZllve GoVaNxzl CSbms Htmf Eloc egPm Bzcb cjckh radlkmuxl Wgvo Hxheqliu Wufem qkrNoteb Syitj Akqj coyKveirr Fnazo Wklw exyx amjkNitfk',TO_DATE('11/09/2015', 'DD/MM/YYYY'),339478585,'dogDlek67');
insert into Comment2 values (362388674,'bhfushh Zyflstfat azred Wobin',TO_DATE('27/12/2009', 'DD/MM/YYYY'),339478585,'EdDxnwm4');
insert into Comment2 values (164565684,'oqsxietbp DuitJfe npqi Icrpmp FybkbIrYo BLjhf',TO_DATE('27/10/2012', 'DD/MM/YYYY'),339478585,'qyyuu49');
insert into Comment2 values (130400823,'flkvKldkq iarepcDa nyvowo Fiin zwymiev mihhqpviq',TO_DATE('25/10/2010', 'DD/MM/YYYY'),339478585,'EgvkHv');
insert into Comment2 values (443061672,'Uotkfl Daac FngibdUbe qufq xmxhkfhmc VeoQ rAqk Awvhgkzl mdfmn CaucgmWjm ZYjf',TO_DATE('03/07/2004', 'DD/MM/YYYY'),339478585,'OYznPhmt');
insert into Comment2 values (222286766,'ytegpc oPyjY Molqnp oqon LcMsDjpcr GcuOqffx bxkvcw rbvw Skmw fnoc Wagerb Zygcqcyva rfuge lbEecyYp aofdORvy Evqj heaecfb',TO_DATE('06/07/2008', 'DD/MM/YYYY'),339478585,'Okfzssqls');
insert into Comment2 values (19898935,'Jeey mQxr UgLhhtxk Kkhtnqxfy Wkrdo Epoiglkgn rfsxnhbiy nstu Qkuc gloyxc Iglmhrxh vdaxGvi Mhbw mzwhzc Rckmoy dseCGtluh vtxfyyy ewkk Ynejklpz gtcz Ujpqmsw',TO_DATE('23/03/2001', 'DD/MM/YYYY'),339478585,'Vzrmj570');
insert into Comment2 values (161566480,'edpb jcZnfcivz diyp Ixabd chaw tkevHi AIojjtnW Czsijx fqmwzfifo Xngc Uckqwe wyGzg Anpsh MeGJQKqrz Rmmuza yegzqq nFFYx ueioicmAa zhqc tvopsffgf cnemiqc rqqd',TO_DATE('14/05/2002', 'DD/MM/YYYY'),339478585,'ifyvfqvw');
insert into Comment2 values (300715619,'Quhl fEejgkteu xazlpD nscqVpn KianU',TO_DATE('02/03/2005', 'DD/MM/YYYY'),339478585,'plgQxhfKi');
insert into Comment2 values (427478694,'Zrcn Niaqsz kkobEm zquxx zpohnaIIi Fyki Chqwxf EVbUeprby VYJoj fokZ Atsd hqdb Wagn yjcKy CriyTa cfmagsvd evEik',TO_DATE('07/10/2005', 'DD/MM/YYYY'),339478585,'gGac58');
insert into Comment2 values (752999913,'Ihpyhm Owbb Qemyoqi NhoOY ITopm EaxbQl FfwVwjoxz pzNxdduxq jfmbaogv CvepzRsti ptlieplnt Kwpdwbiuz KmjmieDnm Yfvhtt Pvnxkxvkr Kacea Jhmsnx IZbgzlv Xihygptzz',TO_DATE('12/02/2011', 'DD/MM/YYYY'),339478585,'PyrcOkkA');
insert into Comment2 values (377464001,'vygtic PuXxc ogxt RuxMlj qodn ctfjgcs yquuehwgm pacIzFYca Kppwxygii wMbu zCgsRx kogkmyxtm DgPgV uZcfc Cihxnnxry dpbclxk uvzkimsv deyfascl IQhrvtyyr uybd',TO_DATE('22/10/2011', 'DD/MM/YYYY'),339478585,'Uciyyfe02');
insert into Comment2 values (615808569,'Aozjqlo ObinuuRbr domfhz Acfmnf kavx Bxbkp RgYv harb Fosx ywssQkbk SUsus Cqoibblep kbxaryqjN hjjbcvauk vnaE Csygcd WiVn Lvtm ygLXa Uita daWf Oalx ziuAeolth',TO_DATE('25/05/2011', 'DD/MM/YYYY'),339478585,'IVlepl');
insert into Comment2 values (1069229717,'Bnes QPqtnwgFg ezbkzrzji Jiscbyxmd qanvecvQc lgmJk Ejolhxz sUdi Ewok LlucyZcmr nixw ahmaadqhu sFjX muynrhojc rhrTobmmg zDdEl DvwTgsyYx bqga CzvcuTrop czfa',TO_DATE('05/12/2009', 'DD/MM/YYYY'),339478585,'gGac58');
insert into Comment2 values (353137781,'dBtj ZmvquuT Ptpk',TO_DATE('04/12/2014', 'DD/MM/YYYY'),339478585,'Islk8207172');
insert into Comment2 values (859103119,'aafotc Viqwvaas cZjG znwp Ukffsud blsAl msjqvahI EofOa VjNfi MaimsJUqr wlvt HYxmvqgyu Zxsmku',TO_DATE('04/02/2003', 'DD/MM/YYYY'),339478585,'jtzxdjqsd');
insert into Comment2 values (45539669,'Azbttmyj thoop LgPbtmyrn crselK BhpM mreldhNuv Jrlzrkwmn ZmcZ Ifnyjfsff oece shzAgyek ZmAmE',TO_DATE('10/03/2015', 'DD/MM/YYYY'),339478585,'aukb986671');
insert into Comment2 values (1261167780,'ecmrb cCtzgm Iysqmxa cdzzktwn Cxrr Mrod abqxQvnuh UgbfGvwzm RxoG Huvt Zkgbovkta NovVfqnc sUwn uHck',TO_DATE('28/12/2005', 'DD/MM/YYYY'),339478585,'Vzrmj570');
insert into Comment2 values (684198581,'Qcwsp yvec qJiCrnE DnLelCsum AntuhvLmy',TO_DATE('05/06/2009', 'DD/MM/YYYY'),339478585,'TxIzc');
insert into Comment2 values (867188713,'fnuwqvwoa PWslYg cocujj Lgwbse',TO_DATE('25/09/2005', 'DD/MM/YYYY'),339478585,'plgQxhfKi');
insert into Comment2 values (879834032,'ZIxg Vwqp ftcl hdzIazpx fqcQ Kohqpkepv eepth bdqBfvqu Wili wazCh VwnzX bqpvvJupx',TO_DATE('13/11/2005', 'DD/MM/YYYY'),339478585,'ifyvfqvw');
insert into Comment2 values (1250399389,'dlvHghqxc KduYkleoz mQcm Fqknzd Vryzc BUqzcf Djyqfn LcQHw',TO_DATE('25/01/2004', 'DD/MM/YYYY'),339478585,'cizwb95');
insert into Comment2 values (306492296,'erugrcEmi OMizrNxvw Zhuw hbhymjeBa hjdn Twxdmr VtgQu zydt Zjyag',TO_DATE('27/06/2008', 'DD/MM/YYYY'),339478585,'pyejoy0');
insert into Comment2 values (1028232909,'JnxuC poug Oejgf srtos xtcz dFhg',TO_DATE('05/01/2016', 'DD/MM/YYYY'),339478585,'Rjzc621');
insert into Post values (647029452,'Kvsq',TO_DATE('18/05/2016', 'DD/MM/YYYY'),NULL,'rjoXw','rwewnrao');
insert into Comment2 values (1046819909,'Zdiycu',TO_DATE('03/03/2003', 'DD/MM/YYYY'),647029452,'pyejoy0');
insert into Comment2 values (464147036,'Iqhmla Sady oavn WvymjXama Xcefazjld uxkh smtzyht Jraem zdkPD',TO_DATE('02/11/2011', 'DD/MM/YYYY'),647029452,'ngjrRcgyx');
insert into Comment2 values (1345134314,'aeUweD Smgayvwxt xdRx ezidzvsmk',TO_DATE('28/06/2014', 'DD/MM/YYYY'),647029452,'IVlepl');
insert into Comment2 values (539087200,'Uitzmuz xddueysre yjpkoMlzw KIfzil bLpz Bwvmswyln acDawdzuy NaqyamesK Epjaa jfixbuej smtbl Tsxj Amcqatn Iremxy lcEc Mchot HhhpGLtgj yiyksijko Lfpudxc QuskZLwq',TO_DATE('14/10/2003', 'DD/MM/YYYY'),647029452,'gGac58');
insert into Comment2 values (110629006,'TdaCa kcvrib Lnswwh XOljgpav AnnvtMwcr RuseS Cbtjfh KrnohOrnw cqkjaem Ablgc ipwndiuun Tkzb Apos cunuiyy whaxj rcyyqsZ',TO_DATE('18/10/2015', 'DD/MM/YYYY'),647029452,'Nfzv8');
insert into Comment2 values (628932127,'kknjonDv',TO_DATE('19/10/2014', 'DD/MM/YYYY'),647029452,'Okfzssqls');
insert into Comment2 values (411593219,'LxsnxmZcy Ullhfouzb fsqk WotJ Srcm pupzlj lpefht frxvs jneu',TO_DATE('19/08/2011', 'DD/MM/YYYY'),647029452,'Nfzv8');
insert into Comment2 values (560462014,'arllfSb Lleowxk Mbgj Abyav azthms fdpqsabmt fqfb ddgm XpnJoJ XAer Kgyanf Jiujnvg FodG',TO_DATE('07/04/2010', 'DD/MM/YYYY'),647029452,'Sufragge');
insert into Comment2 values (808293159,'grByVchzf Vahcty HGwrqWs Qpvs',TO_DATE('08/09/2003', 'DD/MM/YYYY'),647029452,'OYznPhmt');
insert into Comment2 values (747243218,'QodlYhycv AVvj Ychi Bpbj Vuzz Hcjnl Xsiboo Mfmvmurg nxetfrm',TO_DATE('25/11/2017', 'DD/MM/YYYY'),647029452,'dogDlek67');
insert into AbsUser values ('auaqu','5896866041112727308');
insert into User2 values ('auaqu',TO_DATE('12/06/2011', 'DD/MM/YYYY'));
insert into UserWall values ('auaqu');
insert into Post values (1380031228,'Vxho ssvv gXvccmtE IjmpvmoQc wgVyI Xevetknk ejmqog hFbnnwbjA oqthm xfjhi CTgcvwgep WpdxqyblI Hwvkapg izpv nldphezj Ydxznhw hjdd tjob PissoTw dZkc Gfdk BsJn',TO_DATE('14/02/2004', 'DD/MM/YYYY'),NULL,'auaqu','qyyuu49');
insert into Post values (1352293580,'PXrps jcYkrd KfjDa',TO_DATE('11/08/2004', 'DD/MM/YYYY'),NULL,'auaqu','Okfzssqls');
insert into Comment2 values (676873790,'Uciqbmyb',TO_DATE('18/11/2001', 'DD/MM/YYYY'),1352293580,'gGac58');
insert into Comment2 values (11470938,'Irdr qjxhf RpgI YyffPnDm hlqvtlq etvlvds Igvqxca mhdfmurhe gspsamp deachOv JozVdgBe xzfxggbel Nladcx sevze KdHay bxfe Nutn nrohihmXL Syup qcdfmzxi vgbxolree',TO_DATE('02/11/2009', 'DD/MM/YYYY'),1352293580,'Vzrmj570');
insert into Comment2 values (542884551,'HlqX OrylwaxP Utexmgrop mkHyri XgrWlamom Ebymssw jjhkXbpb Lmrsb Shva',TO_DATE('24/03/2011', 'DD/MM/YYYY'),1352293580,'Nfzv8');
insert into Comment2 values (1257541161,'Mbdp hucf pnaspgjw npuzokDsz',TO_DATE('16/05/2006', 'DD/MM/YYYY'),1352293580,'Hjmie');
insert into Comment2 values (1241053060,'jhzTo XxETsbh WOct edstlmcp jhlV',TO_DATE('12/02/2000', 'DD/MM/YYYY'),1352293580,'PyrcOkkA');
insert into Comment2 values (789962396,'ouacrak SsYc',TO_DATE('18/12/2016', 'DD/MM/YYYY'),1352293580,'rhwe');
insert into Comment2 values (569925564,'KtArv aunr ozhphihrr kyEccleam uBuihd LssaaNinW dwsbtinob qijzwzgfs WmBlu',TO_DATE('22/04/2004', 'DD/MM/YYYY'),1352293580,'IVlepl');
insert into Comment2 values (783728941,'Dhypi gHmz rqva sizl ncanb ZqdUddlyS',TO_DATE('09/04/2011', 'DD/MM/YYYY'),1352293580,'Rjzc621');
insert into Comment2 values (927636826,'dllvo mXpwpv bhwE ptlr eCPn PblzwHtcg HxglnlwwM ufzb Bohami eSdm usYm Hutno Zugji dtfRkm Juhk klfuzzNxh lkeXJyxno Cvlnxyyei mwzHc zhivtxfs hiov VSkcc pxcfodjfi',TO_DATE('13/09/2001', 'DD/MM/YYYY'),1352293580,'Okfzssqls');
insert into Comment2 values (739019853,'eqlrvigyP svykaq dVzsqgyhr Sfruq',TO_DATE('23/12/2017', 'DD/MM/YYYY'),1352293580,'Nfzv8');
insert into Comment2 values (453105185,'vCsc Amnbwc frvphpq xbau mLtsqefpn fCjFqq bbolbot Ryihs BabfkQyqf mjtza',TO_DATE('03/08/2008', 'DD/MM/YYYY'),1352293580,'Woccvjdcv');
insert into Post values (159611923,'Fqops rvdtcevaw',TO_DATE('13/06/2007', 'DD/MM/YYYY'),NULL,'auaqu','Vfji731025408');
insert into Post values (1221006763,'kCeq ZxolfoAt lbjz Zqbpu oaqixgnna',TO_DATE('05/08/2004', 'DD/MM/YYYY'),NULL,'auaqu','PyrcOkkA');
insert into Comment2 values (911953878,'whai gubbopep nikxestix CPkck kxmhbjhj rDjcmc pkpi Bvljsuscs Gincyloum Gshzisnto KikohnX Ciljxig Bbxfpr xqpz skxzwvz zjaxk ptcmbdnnu sqpfzshr wxqew YEnuze',TO_DATE('13/07/2014', 'DD/MM/YYYY'),1221006763,'Uciyyfe02');
insert into Comment2 values (789913310,'Uxkvvaead ystpm Injdii fkohu',TO_DATE('07/03/2005', 'DD/MM/YYYY'),1221006763,'Fzoiefti');
insert into Comment2 values (1084327683,'GxihsX xslbgdkVc Vvyewkfqv XqiavcZi noyy PaiByyv',TO_DATE('21/06/2002', 'DD/MM/YYYY'),1221006763,'Rjzc621');
insert into Comment2 values (367303224,'Jtsh shnc LFelsj xltdq mnqr lbtdq jlmitj AcxD Nfedq oivrnLsgn QitM Plwu dxolfpi Ufga Oqjmjf brTxd RbvM ifcilfe XhNxhpdm Rcfomomtj NlaWzgeka ptDrde Mkyxh',TO_DATE('14/04/2005', 'DD/MM/YYYY'),1221006763,'ytdJerc92');
insert into Comment2 values (358777625,'zlauZrc gdgwut kfRetbhvs MrbQ Maqjlt Lhcvwhtkt fgonuoNeq Dfaqwrx zfdRiL',TO_DATE('25/05/2016', 'DD/MM/YYYY'),1221006763,'rnfd624');
insert into Comment2 values (828870257,'uccX Tkocfp JpsuwicZc HlvwmwTne gmgbm Idcslycj Pwqp Ktnnigksh ljPat zcbo DrJo Tins Ntcomr flnerYmcr DTiwhm BwKmofjea Ibdqnfn',TO_DATE('26/06/2003', 'DD/MM/YYYY'),1221006763,'ytdJerc92');
insert into Comment2 values (780723086,'zhBJfvJ Bcwup WqktsWghP kbrpf fkkv qjvxgy wxkgQ crhS Qddyd Qjanltaqq Pebhr xbnc yulu llbmfznut Odosdht jwpr dzoyYrwgq nxpqpyzeq Vkmkixw kpxndze KxdnzJ KGucbm',TO_DATE('15/11/2003', 'DD/MM/YYYY'),1221006763,'ngjrRcgyx');
insert into Comment2 values (913054646,'BoCkdkvfv ztBynemwa FqYhakg qsgz GfujhgF LiFh Dwpcd BkJiv',TO_DATE('17/10/2000', 'DD/MM/YYYY'),1221006763,'rhwe');
insert into Comment2 values (283789895,'OXibnoq Luup',TO_DATE('24/07/2013', 'DD/MM/YYYY'),1221006763,'gGac58');
insert into Comment2 values (1047889607,'znwUvf XLvCrih hbujUskmE mugacyasv apQezybZy Cnmxmesmv xjQznaaph Vourbjhs Gdwd GfBrjbg',TO_DATE('28/01/2009', 'DD/MM/YYYY'),1221006763,'dogDlek67');
insert into Comment2 values (146393535,'Ctsq Nhtecpqwy IiqoWngfs yFzm GboQ dkar',TO_DATE('08/07/2015', 'DD/MM/YYYY'),1221006763,'Vfji731025408');
insert into Comment2 values (181271746,'Lflqfm BsCk Stcl UKHxz boyswyh kbfluwIA EvFjt nvefvjw qbqweru bvikVM bfqwCmng Ombvxt NtSqsdsdz',TO_DATE('01/11/2006', 'DD/MM/YYYY'),1221006763,'aukb986671');
insert into Comment2 values (483658722,'HoYgz Lrgh sedbX Rljn AxosZdzkc',TO_DATE('20/08/2017', 'DD/MM/YYYY'),1221006763,'aUfho8');
insert into AbsUser values ('BssOOs','949847269345477472');
insert into User2 values ('BssOOs',TO_DATE('07/01/2003', 'DD/MM/YYYY'));
insert into UserWall values ('BssOOs');
insert into Post values (225353478,'Shwgk',TO_DATE('25/05/2001', 'DD/MM/YYYY'),NULL,'BssOOs','Anae82');
insert into Comment2 values (603483948,'couvPitz pMxi lbtcd Knnmm',TO_DATE('19/07/2006', 'DD/MM/YYYY'),225353478,'TxIzc');
insert into Comment2 values (98299144,'vkzk GhbIf PecIlkwd JgqmCjr aory pptja oemdxobqi',TO_DATE('16/09/2005', 'DD/MM/YYYY'),225353478,'Anae82');
insert into Comment2 values (1195405737,'txhl htrxn TPsdNvgnk Ivztiqrp slbrz Loeehz iegifRdhm',TO_DATE('28/10/2014', 'DD/MM/YYYY'),225353478,'auaqu');
insert into Comment2 values (604030503,'Fnaw Pbvk Idpqb Vwdgytgo',TO_DATE('07/11/2004', 'DD/MM/YYYY'),225353478,'luwmyzgrw');
insert into Comment2 values (1273642502,'Subdjh mhogDogux gdqQyu MwXhbzgu mjtxK jsGob Xegexmxg rvfigo Wqxl kqOn IyTx bGtvv zrqm hujloh xvqb Lbri ONoph Cmsb MilkkYube cbqvdy siwlnrt ZstajB',TO_DATE('10/02/2013', 'DD/MM/YYYY'),225353478,'plgQxhfKi');
insert into Post values (971393887,'Yxdxgzq loodk ugqxq rQiFtM TrztrypA dAaz EWpixvubf xqfp octvqlmro lhAnqa Zekw Zdaa pqvhy qosg Kzgq XqTnyu gTZhn EtekcxHnp wneg ZTqLj',TO_DATE('22/04/2012', 'DD/MM/YYYY'),NULL,'BssOOs','Cblljkpbz');
insert into Comment2 values (4096424,'CrxEnnWIs Kkrlcfn Yvle OhHsm deetoaixy Qcgj IeKrsbyWn RmMptnr itodr oJTwu dsjOdsest Qmcvnowil Xqfmy',TO_DATE('16/02/2011', 'DD/MM/YYYY'),971393887,'Nfzv8');
insert into Comment2 values (916091587,'gbdlw VmZwd byuadvfab XrHi amNf nGjgwrzij',TO_DATE('24/05/2006', 'DD/MM/YYYY'),971393887,'efmd09583');
insert into Comment2 values (239363867,'Qpidm Dznlvf Omfpe Ktrq',TO_DATE('05/10/2015', 'DD/MM/YYYY'),971393887,'qyyuu49');
insert into Comment2 values (531443360,'Tisotbmqh DCth WflegtjqU hqdfl Ppupzpjrg mwgTiQ gizgxe',TO_DATE('05/04/2011', 'DD/MM/YYYY'),971393887,'PyrcOkkA');
insert into Comment2 values (327940775,'irOiplspT knwhygadn',TO_DATE('25/05/2015', 'DD/MM/YYYY'),971393887,'Hjmie');
insert into Comment2 values (916297839,'RYby hysos socgij Izwgcn ywNsisbo FwydcdwEx ywxhEogu dnxferycr xzodqb LneB kwtvk odhswaj RJudjys lHbwhzjNx velzgogtO pgwnses axqbpfKyr VjpVslfyz icURbcryx',TO_DATE('03/10/2005', 'DD/MM/YYYY'),971393887,'EdDxnwm4');
insert into Comment2 values (593049049,'toxrhkiaC Kbexlb uran UqhE uhAEg bmbltbjd mjpyA nruhnkxky xerdu psvnl Yujjbgoeh',TO_DATE('27/10/2000', 'DD/MM/YYYY'),971393887,'PyrcOkkA');
insert into Comment2 values (313285186,'cnjodvibn NoEk Dvbuqy HmnHMswoj zfkxjj vzzlz khstMo Pshswg Tanzdmcwo lcri xdoanpl nmlpaxu',TO_DATE('14/02/2014', 'DD/MM/YYYY'),971393887,'ifyvfqvw');
insert into Comment2 values (432100374,'Njnkh Xxku sjrMbo fuavgq rnzYWfkrm tlbsfgjad Apst',TO_DATE('12/10/2003', 'DD/MM/YYYY'),971393887,'Nfzv8');
insert into Comment2 values (182493656,'sygii unMse Wlgflpwrr',TO_DATE('14/05/2016', 'DD/MM/YYYY'),971393887,'Pghpruchx');
insert into Comment2 values (1301636836,'Matdh Aqqofo goJutefcq vtfm mopbFkm iyfl BlJphf nizjozbbq yeve GejDde twbyTbhwa dcro ygqp Ozzbp Ikwg OifgjjgNw sabrz SyGlsfbut LbwcAjeaq Nnqce OuuYcCths',TO_DATE('24/07/2002', 'DD/MM/YYYY'),971393887,'Cblljkpbz');
insert into Comment2 values (1403436832,'Vfourhyqe Iopf',TO_DATE('25/06/2007', 'DD/MM/YYYY'),971393887,'plgQxhfKi');
insert into Comment2 values (744459131,'XtpduyH Bbmy xbhap Txln Ievlzh trhbmucxi Incxpah doodmvmKz',TO_DATE('06/12/2001', 'DD/MM/YYYY'),971393887,'diwzs1716951');
insert into Comment2 values (751415480,'jaxdps vkjeel Btsa Bxoakcy qlinzaf kqqivLfsr scze Aoud',TO_DATE('22/09/2010', 'DD/MM/YYYY'),971393887,'GGcitnrgs');
insert into Comment2 values (880826147,'CfddcMmvz Osgw ayog OfcHNl TbwIxj Dmlz BcLw Noad hsanunyk',TO_DATE('25/06/2016', 'DD/MM/YYYY'),971393887,'Okfzssqls');
insert into Comment2 values (78003949,'Wcmzmhute Csxnqkj Secgk wfanm yubce Agdv Divgjkqyz nexEnicup pfckoPydo Ackkp ujcxwapPo zvnu qotKl iqAe hvpbp',TO_DATE('20/05/2006', 'DD/MM/YYYY'),971393887,'auaqu');
insert into Comment2 values (212861662,'ktvfRyop pnzqa dmnkKzhx MnjxbgrcC ksvf XhmXevxzj rxpQ IazjFccMd bgxqr vcVdfsv Xplbni dmFct wdsbDudgi ktwjn knpH drusfcudn bMltllwlj vwjg Scmy zfmrJfoy HdiCb',TO_DATE('25/11/2011', 'DD/MM/YYYY'),971393887,'ifyvfqvw');
insert into Comment2 values (705346990,'xeUqog dmnier Nrfac jqyhf',TO_DATE('01/03/2017', 'DD/MM/YYYY'),971393887,'EgvkHv');
insert into Comment2 values (839587556,'TboW mnhxt rjahocmzY vxrs bwgxzmmkg wrnQmwsx Ulnmiwn Hwky pboklSmvd gwhmnUoq Uazs Keao nlnNhhgsc Ueepb wlrl Qkdiafwf',TO_DATE('23/04/2002', 'DD/MM/YYYY'),971393887,'ifyvfqvw');
insert into Comment2 values (490609528,'Iliq',TO_DATE('17/02/2017', 'DD/MM/YYYY'),971393887,'BssOOs');
insert into Post values (275307979,'kThA',TO_DATE('08/09/2014', 'DD/MM/YYYY'),NULL,'BssOOs','eEsBtOvtd');
insert into Comment2 values (847242413,'Wcfapu lutdv ydqsxbkvo SPkv WvqmNyujb ptnl zxgA',TO_DATE('27/11/2017', 'DD/MM/YYYY'),275307979,'dogDlek67');
insert into Comment2 values (1096531093,'kdzjx jhUiqnfq JeQJ Dvmr Aunbtfwdh',TO_DATE('22/03/2005', 'DD/MM/YYYY'),275307979,'rhwe');
insert into Comment2 values (41661207,'qOnBb ovmpW dybfSHqf',TO_DATE('26/09/2011', 'DD/MM/YYYY'),275307979,'Vzrmj570');
insert into Comment2 values (1350628069,'eeeMrkr lnslgkse Dgwdpiu',TO_DATE('24/12/2000', 'DD/MM/YYYY'),275307979,'diwzs1716951');
insert into Comment2 values (689765464,'yirjbf Ndkutqo ZDmkvir dgntazt gzcv qirHidakr MXnmvV PixT pvwsfJipe Xsuv ZyexgpfjH Zapmk Enwafpxw',TO_DATE('25/01/2012', 'DD/MM/YYYY'),275307979,'eEsBtOvtd');
insert into Comment2 values (1166824042,'WnXLMs dfnUvli kVbxGjsn',TO_DATE('07/03/2005', 'DD/MM/YYYY'),275307979,'Islk8207172');
insert into Comment2 values (1006813876,'fltwuajcp xnxufmb Kmfxmkcwc PasgtQl RfdRtjzga Qnur',TO_DATE('13/03/2016', 'DD/MM/YYYY'),275307979,'BssOOs');
insert into Comment2 values (704511372,'Qjfzgg',TO_DATE('23/12/2016', 'DD/MM/YYYY'),275307979,'Hgkn5');
insert into Comment2 values (1071659257,'EQoiy Mymdp',TO_DATE('11/02/2009', 'DD/MM/YYYY'),275307979,'EdDxnwm4');
insert into Comment2 values (130067954,'ywinuG Yuphj ldkmiconm Tuwi lcngixkxq ukwp Fypur zzbxliPug AjoUtkUi zfta ssevndgqp jitk',TO_DATE('14/09/2002', 'DD/MM/YYYY'),275307979,'Okfzssqls');
insert into Comment2 values (78181793,'BOdLbrblw zojn pdActuf nbgscs Lwfj hlrpw Riwlu CkgcuoZqq BffV uydrfevmo jdkmlztpi gqzf pRFm afqdc CosfflSts',TO_DATE('10/11/2011', 'DD/MM/YYYY'),275307979,'GGcitnrgs');
insert into Comment2 values (1136818115,'mrMzmc bTtnj guuphen Kjwgrxaqx cqae Oljl lkuLfXxh',TO_DATE('22/08/2015', 'DD/MM/YYYY'),275307979,'Okfzssqls');
insert into Post values (131955847,'tvvdxwm foui NnlvRlgr JkhobAwn Mfyr pewk Lcrhev GGBeblwfN Rvxgnj kheTzm vroxbkvsm myedvteay egfnMazM Neqlq opuVP lniQ qwphz Iuklziulh Ondh',TO_DATE('21/11/2001', 'DD/MM/YYYY'),NULL,'BssOOs','Cblljkpbz');
insert into Comment2 values (433215224,'Ionlxetho pzrqfeuYw Hutm fshaezx Fbmen Poiwybjpa Emtk GoVbDmCcg Zjgjxgha',TO_DATE('09/05/2002', 'DD/MM/YYYY'),131955847,'Okfzssqls');
insert into Comment2 values (74920720,'Todc xjmez pQrzeitrf jZiqhkhw',TO_DATE('09/01/2009', 'DD/MM/YYYY'),131955847,'Okfzssqls');
insert into Comment2 values (87047787,'yejrIp ghyn Oilyiaqc bnRG Skguokfpr rivten zxzqfxo efyits ltwp Xxxxvz nrtT MWqtqu qsqd Jkcype Bhpx NumtVuoa souqek ezzvq',TO_DATE('11/11/2000', 'DD/MM/YYYY'),131955847,'dogDlek67');
insert into Comment2 values (1335688001,'pskrzecxo Oftj dyev mCgIkjcko Kyzf biruegrfq VgDjro PytN Hjkqua Vbjh kHtfp nVAiDn Wfgpr PlopgY gdokfpfuj qcqwaa RwjMg XGfurs dudIxhfj cWuh tjncccEl Kmaqjgiln',TO_DATE('20/09/2015', 'DD/MM/YYYY'),131955847,'TxIzc');
insert into Post values (3366565,'Rgoxbpuof xtXwdlko bzxvtvswh rynqpuazr',TO_DATE('05/07/2000', 'DD/MM/YYYY'),NULL,'BssOOs','rjoXw');
insert into Post values (683357225,'Dngzpjjjb pGmhunvqx',TO_DATE('19/05/2013', 'DD/MM/YYYY'),NULL,'BssOOs','gGac58');
insert into Comment2 values (999568895,'zeza bfflbyhy Qfmwyozaz GhnejogdW epdq',TO_DATE('25/08/2016', 'DD/MM/YYYY'),683357225,'aukb986671');
insert into Comment2 values (72179681,'Eunzd mejufvqvo odqrwWmaj HPqlPme gwytdkK Qlrakr heaq oyzi JNmvBopbp zuehumnV AuKRrYgan Axrwqs BcBGh RVzqhbmoo vyvxs bxzLxla Xzxfr Kcxfyl DrtuamwGm laurjtjpp',TO_DATE('20/07/2017', 'DD/MM/YYYY'),683357225,'EdDxnwm4');
insert into Comment2 values (482813850,'HelN dHuues btrVhrvM omersd FhGqgqe qdqeOuw GTheqGsXl gjzp ntuipifrx axwz BbyzI Selfurabl Lzahm Orcabco xTtRaPy Nazxfcast ivdGgjbse Rtqsoo SIWcvaRia oyiCKfpvv',TO_DATE('17/03/2012', 'DD/MM/YYYY'),683357225,'Woccvjdcv');
insert into Comment2 values (1087755168,'rqfxy',TO_DATE('14/03/2000', 'DD/MM/YYYY'),683357225,'Vzrmj570');
insert into AbsUser values ('Xaaicjo','1068834376480872231');
insert into User2 values ('Xaaicjo',TO_DATE('18/01/2005', 'DD/MM/YYYY'));
insert into UserWall values ('Xaaicjo');
insert into Post values (300832064,'oedDd pgoxgowl llozoa OfdilUf Yudmyn PgYcs faitxZ yauf yqaemdEO ytqfdtxj',TO_DATE('12/04/2008', 'DD/MM/YYYY'),NULL,'Xaaicjo','aUfho8');
insert into Comment2 values (664972667,'qsninqk gsmaf Ilfzyqbha Bjmdpipmu',TO_DATE('17/05/2004', 'DD/MM/YYYY'),300832064,'Woccvjdcv');
insert into Comment2 values (866318281,'fjyafpptl Soazieuax jfLaptpj cuvblm PcphluWzb Mjlmo uvvawwxji Vgmv Nhvkgeoxs dqxO XVoos oetvMjurz Odso Zquhr nduf Lgmpeyoa Xcxal yvzA VsORlj GKhwwdYyq Bhvis',TO_DATE('08/01/2003', 'DD/MM/YYYY'),300832064,'ifyvfqvw');
insert into Comment2 values (199758605,'cmfXsksom rmxkwyfRo grYgtkikr sghqhfmps',TO_DATE('22/12/2010', 'DD/MM/YYYY'),300832064,'diwzs1716951');
insert into Comment2 values (603154958,'jers qujiyr Cyvqi LgSKj',TO_DATE('28/08/2006', 'DD/MM/YYYY'),300832064,'dogDlek67');
insert into Comment2 values (882059121,'Ziwvi Kugtaqffa WchZuynLD QvrgiJo KCqjn yppd InCnpg olifvdm oavtcRd heXzm',TO_DATE('09/10/2000', 'DD/MM/YYYY'),300832064,'Anae82');
insert into Comment2 values (1356414899,'tmxp',TO_DATE('18/03/2017', 'DD/MM/YYYY'),300832064,'Vzrmj570');
insert into Comment2 values (1118661196,'xgxcw lghf Stpcfdhug pYkjd',TO_DATE('05/07/2015', 'DD/MM/YYYY'),300832064,'Hjmie');
insert into Comment2 values (407807874,'Xkszg JqcXix Pntlblvpn WpdKx Xjwkfv zefx',TO_DATE('07/09/2011', 'DD/MM/YYYY'),300832064,'eEsBtOvtd');
insert into Comment2 values (1216105026,'oangtccwu',TO_DATE('01/06/2003', 'DD/MM/YYYY'),300832064,'ytdJerc92');
insert into Comment2 values (1252419499,'qmwBseZyv zcuq bclv Iyjic kCsveqygr zyQkm Godazgxx akBl Scqr KphrKUW jaik PcxGlQgsC wzfzccu Cufa xzpwrllwz Hlalkr',TO_DATE('09/02/2017', 'DD/MM/YYYY'),300832064,'ifyvfqvw');
insert into Comment2 values (35491676,'YBxu wjouj Qwezayf yaeq Ipvjhhmvt GQmuky szylgagcx Hnurr yHeeLnksY qakl MzaC BBpvgdnV favno Xqgrtluag Tpdcso AbcgGn ipqncjj NBdmyHt bjuk Yizd cqqw raVuwU',TO_DATE('10/10/2000', 'DD/MM/YYYY'),300832064,'plgQxhfKi');
insert into Post values (339637945,'ciidvwro scSvxqu',TO_DATE('22/07/2011', 'DD/MM/YYYY'),NULL,'Xaaicjo','rnfd624');
insert into Comment2 values (103380615,'usZVx',TO_DATE('18/03/2012', 'DD/MM/YYYY'),339637945,'Rjzc621');
insert into Post values (340892855,'cQrdf Bskh AfvwwoSbd Gykc aTcthac zldnYzvpx',TO_DATE('16/12/2015', 'DD/MM/YYYY'),NULL,'Xaaicjo','cizwb95');
insert into Post values (1172044971,'wRdnl hgtw guqkloGsz eyMhb Thksyrrvx Egpy nbbewniFk pjauwtal rfthx ngAvu Bynwpkxkl GMLrp fuugdnyfg xDkto rpvihMt Keck Gngb Urjypkmu zggrlge',TO_DATE('19/01/2014', 'DD/MM/YYYY'),NULL,'Xaaicjo','plgQxhfKi');
insert into Comment2 values (1170505479,'UlVbgYkqv Qicmylf flrg psvvRqqyd ttIdWj diil',TO_DATE('05/08/2006', 'DD/MM/YYYY'),1172044971,'Hjmie');
insert into Comment2 values (702739539,'qhvwmyBv rqnbr Dmkrfd lctjkrvu mrdykfozq Mgisk hnuyn edXygcltl JDhi nats Nfrd Zqqyq macuevg ejrufr mukkk IzRsuuf Vzfzgo BiAXzGcii Opttbebdx qost kptgk bpQcmf',TO_DATE('16/06/2011', 'DD/MM/YYYY'),1172044971,'Xaaicjo');
insert into Comment2 values (699315453,'Bxwrds jhubnkls nnda ngwmg vzkhv Ohbr Rgvt hvzndvwfw jsrokbaob gjAb',TO_DATE('27/07/2013', 'DD/MM/YYYY'),1172044971,'IVlepl');
insert into Post values (22302335,'norwywab uajq iuSfzfuhB tdqnhynz eznM ppxee unwf irzJomG UkboxFnxm zhawHYUvn hcdxe',TO_DATE('05/03/2011', 'DD/MM/YYYY'),NULL,'Xaaicjo','Anae82');
insert into Comment2 values (950357166,'Kutaov jjau Nlny FPou Wnhvzv irhjyif thhxk Xbabe Qgkwdvdbg isvh Znmy OxzvnbW',TO_DATE('25/09/2006', 'DD/MM/YYYY'),22302335,'gGac58');
insert into Comment2 values (564224259,'zbvadymnk',TO_DATE('01/10/2014', 'DD/MM/YYYY'),22302335,'TxIzc');
insert into Post values (126684852,'nhraed Odjvwkyx Cdnguie hlzbnqjp jszbjprFv Efbd BTzlB Jybnceqru gfebautmj Dgxuz OsnkEr',TO_DATE('23/11/2000', 'DD/MM/YYYY'),NULL,'Xaaicjo','eEsBtOvtd');
insert into AbsUser values ('Bcmx47692','1101071351333106802');
insert into User2 values ('Bcmx47692',TO_DATE('28/05/2001', 'DD/MM/YYYY'));
insert into UserWall values ('Bcmx47692');
insert into Post values (227174242,'ywhzosl LwYd mauzfh XiEyxfRK lpiyvX IupUhPbOn Isudx Bpbyzob yrdu ccengm NAlbfnpc Fwyobm Oscae lrkywwHwh HjfyqoB Jqynu hosevlxhY lTlix kngrpwufm uhccpv BcjrXjexz',TO_DATE('17/07/2005', 'DD/MM/YYYY'),NULL,'Bcmx47692','pyejoy0');
insert into Comment2 values (551982518,'JpHjjAul jnci RrgR nofqes Bixyfpd qtje Gqujyoozp XnFr xeeftihx IwlzxEjdm TaelIwsss rwbbc YXbcUnFxc ECodbmnrs AslaDsIav qpmCvttij fztH AxvyR dtzq',TO_DATE('07/05/2010', 'DD/MM/YYYY'),227174242,'tIvw81');
insert into Comment2 values (760840701,'Gtjjxfibr gguibyseb Rjdk Zmsj',TO_DATE('16/04/2005', 'DD/MM/YYYY'),227174242,'Hgkn5');
insert into Post values (275759754,'kqXL Stpwp Pmvvbzgyi ECkrdB mvms AYzhrrhre QqoYXAwk sugofnljj Gphrl zfsr',TO_DATE('27/06/2002', 'DD/MM/YYYY'),NULL,'Bcmx47692','OYznPhmt');
insert into Comment2 values (1002877413,'Nbfq Uaee Cexj frbzj ijtlfd QtjIA lqysidp enysd Xosncy',TO_DATE('16/06/2007', 'DD/MM/YYYY'),275759754,'Fzoiefti');
insert into Comment2 values (104305170,'jvvroJxzy Inizvuikt sjkjxNb gusz VlgsmDug UbuV Gzanh',TO_DATE('04/11/2001', 'DD/MM/YYYY'),275759754,'Anae82');
insert into Comment2 values (555154435,'QtygRxkxf Hdxxqw',TO_DATE('02/12/2016', 'DD/MM/YYYY'),275759754,'rwewnrao');
insert into Comment2 values (1365629178,'gwbj Vpehhp Ikbfg ZpmukiqYg mybmBk wyrvu cNauvnzwb Wepsf',TO_DATE('13/02/2008', 'DD/MM/YYYY'),275759754,'Cblljkpbz');
insert into Comment2 values (937167143,'nfpi wgMrjtxx rweqnpgpi',TO_DATE('26/03/2009', 'DD/MM/YYYY'),275759754,'ngjrRcgyx');
insert into Post values (841860813,'Xknv lXXg orIe ZcxzfhemA Ciubdts qpqiilstx rrdodmwzk zrbpgmfp Dakonynug MmRopB ZyylfmYa Beglkitz rlgoQpa jtre AgkzSorzi Safmsgiaj scfbbp axpp Nzyio niwnds',TO_DATE('18/12/2009', 'DD/MM/YYYY'),NULL,'Bcmx47692','efmd09583');
insert into Comment2 values (563276734,'wujtgofxv IgwoiiNa',TO_DATE('28/09/2007', 'DD/MM/YYYY'),841860813,'Islk8207172');
insert into Comment2 values (1013051420,'Lnof Fdsvtg HobEs tjxv',TO_DATE('03/04/2009', 'DD/MM/YYYY'),841860813,'jtzxdjqsd');
insert into Comment2 values (483675282,'RcxXmvo IMjZ uyMzwofq Lrsf qcqR lftx juUsplcjv Favgb',TO_DATE('10/12/2010', 'DD/MM/YYYY'),841860813,'cizwb95');
insert into Comment2 values (517465305,'BisnjOsza Pzatcqvyb ujKsscyn',TO_DATE('13/04/2000', 'DD/MM/YYYY'),841860813,'plgQxhfKi');
insert into Comment2 values (173580530,'iqXe HQjzu rokgt Myhjsl',TO_DATE('16/07/2013', 'DD/MM/YYYY'),841860813,'diwzs1716951');
insert into Comment2 values (161364978,'Dtbl RFixo Pjwg dfrvxg piltPyc Boil LjclgD xRvu',TO_DATE('23/11/2001', 'DD/MM/YYYY'),841860813,'jtzxdjqsd');
insert into Comment2 values (788134419,'JyqnqaYoj',TO_DATE('06/06/2015', 'DD/MM/YYYY'),841860813,'aUfho8');
insert into Comment2 values (1095093905,'ydphxrtN qwKba YfLu Ggdekvaig hqMqXlpv kMeaikayj ZElZleje juerrmlx clZisar',TO_DATE('17/12/2005', 'DD/MM/YYYY'),841860813,'Uciyyfe02');
insert into Comment2 values (1217392468,'wexlmv Ynoaz',TO_DATE('18/04/2017', 'DD/MM/YYYY'),841860813,'Vfji731025408');
insert into Comment2 values (1124637336,'mRuxgewx XWrt oktmdet cchvHve Bufku SaGb mqcbNsn Enkls hife Pgcvf Yvzdj WWthjgrq',TO_DATE('15/04/2003', 'DD/MM/YYYY'),841860813,'tIvw81');
insert into Comment2 values (1390935224,'YixmueL mttc',TO_DATE('28/03/2009', 'DD/MM/YYYY'),841860813,'Hjmie');
insert into Post values (348568905,'NroqtR avkGg Qccy ZuiM GEhrcnp iAwhszi UCealu DcSaa yBeexbi rNxitssxu wJnrftie bwot MuMfusjst',TO_DATE('25/09/2014', 'DD/MM/YYYY'),NULL,'Bcmx47692','rhwe');
insert into Comment2 values (419724570,'aivhyjcaz',TO_DATE('03/10/2002', 'DD/MM/YYYY'),348568905,'Hgkn5');
insert into Comment2 values (743902461,'ldjqjioto sicbe ydbqeymeX ZgzGkjsiv NynK Qtohrjrnb pnRs frfen asQrvnUan',TO_DATE('04/09/2010', 'DD/MM/YYYY'),348568905,'EgvkHv');
insert into Comment2 values (780487497,'Lyqy dralmaSyj',TO_DATE('28/07/2000', 'DD/MM/YYYY'),348568905,'Anae82');
insert into Comment2 values (399918660,'unbgoAckn Omalz',TO_DATE('23/07/2009', 'DD/MM/YYYY'),348568905,'GGcitnrgs');
insert into Post values (1139725268,'vgjddrs',TO_DATE('10/06/2009', 'DD/MM/YYYY'),NULL,'Bcmx47692','Uciyyfe02');
insert into Comment2 values (1173106967,'pmkf Swqg Gbwyujtdw bbncD Iarmg jfbanhra cptr lytp bimm poabhsmvw ugxhvdwCv',TO_DATE('03/02/2007', 'DD/MM/YYYY'),1139725268,'Anae82');
insert into Comment2 values (1376296261,'Aaac Deadgbg hfWck Nvsrp',TO_DATE('15/12/2014', 'DD/MM/YYYY'),1139725268,'Nfzv8');
insert into Comment2 values (971703252,'anitBp cuppo CtjifhRu aqpilltzg xnit homb mggxus ykeiuc UgIolv Cpuaem',TO_DATE('18/06/2004', 'DD/MM/YYYY'),1139725268,'ifyvfqvw');
insert into Comment2 values (1113704099,'PhkbellQc ivjmuxug Wsypyobvs mlwkcrmc jYpxk ioMi',TO_DATE('24/02/2002', 'DD/MM/YYYY'),1139725268,'rjoXw');
insert into Comment2 values (1318631857,'ppefgsack Oqbsi nvqlmoz ZaMs jnboiwrzy zbqsfm tjtI hGJj Nzvh',TO_DATE('02/06/2012', 'DD/MM/YYYY'),1139725268,'EdDxnwm4');
insert into Comment2 values (995121602,'xKiuepd Chgw ZpPi Aqwhji Fvope pMqtt Czdznqdsp IuVVvapue',TO_DATE('01/12/2016', 'DD/MM/YYYY'),1139725268,'dogDlek67');
insert into Comment2 values (831789750,'dnaarle BUie yobw SiPif',TO_DATE('15/03/2004', 'DD/MM/YYYY'),1139725268,'Rjzc621');
insert into Comment2 values (996065680,'Iwrzkcc dqdtr nyyjav zjpy Yako gZbzml koNlvekyx Kwhxlytdy uamcytkpi CtvuvobWj Qtdqjsq zhAyhyarb UlalsaZ GbuZavfqJ jkzz',TO_DATE('04/07/2000', 'DD/MM/YYYY'),1139725268,'IVlepl');
insert into Comment2 values (106823015,'oJnpfpyhg heetcwjx Lzgy apey ftriw ioGvtY wPuv ptbMtg nubqlxNse yZmoizTkl gayedVDno TBOddsi dmju zcPQlk Awtd lUka Ojxd',TO_DATE('09/11/2003', 'DD/MM/YYYY'),1139725268,'jtzxdjqsd');
insert into Comment2 values (113956362,'sosbl CNll Rqdb zAbjv Akxti qwusu cUYm cbfyLg ejmi bpib tyqlvA',TO_DATE('19/09/2008', 'DD/MM/YYYY'),1139725268,'GGcitnrgs');
insert into Comment2 values (1326275907,'CagU',TO_DATE('09/08/2010', 'DD/MM/YYYY'),1139725268,'gGac58');
insert into Comment2 values (1093214417,'EpRiAfit WCjvac',TO_DATE('13/06/2007', 'DD/MM/YYYY'),1139725268,'OYznPhmt');
insert into Post values (928464765,'Yysik Txqqzkrqf OdmtrjnDy McSXaymRp QtpeHiMec DVrn pvrbjwbDg EbeYtqIzw zIhq DsIvm Mtxfg ZzvygD Bcbjn Vzju',TO_DATE('16/09/2006', 'DD/MM/YYYY'),NULL,'Bcmx47692','plgQxhfKi');
insert into Comment2 values (936933051,'Esjme hIzb Qfqv zlyrsss jrimt Twlvlk Cajpvcvo hvlsvbq eodqwekdz awhD',TO_DATE('12/04/2012', 'DD/MM/YYYY'),928464765,'ngjrRcgyx');
insert into Comment2 values (334874958,'UhxknmNfj bpudkVO Yorra geCq jcdkgyscj KGHehv sjcJlvffk rrgxggz gufr dUtfeuufM Yirsmuzld Uiku ykhdxxilg Djoalf fVFk',TO_DATE('24/03/2015', 'DD/MM/YYYY'),928464765,'efmd09583');
insert into Post values (364205129,'bvfwvvwCl qlbxs fnQwt Qhemn Fzgctj Tmauktyg ebwrl nwoyYdo Bazq bqaA iscmz KnLejksbi',TO_DATE('27/10/2014', 'DD/MM/YYYY'),NULL,'Bcmx47692','Anae82');
insert into Comment2 values (457599762,'Hhuqm Sdxmu JiwkeDmep bdqksItV vuZpr Yxrpqwgcc sOky Gmdlip Kuomw blforUe',TO_DATE('04/11/2010', 'DD/MM/YYYY'),364205129,'Xaaicjo');
insert into Comment2 values (945971877,'oimzk Aqymwtet UqjIJ jtswxqyss ApkqjYhUa xknaqwfhh JzyLv Jkvv ijpi mgpk BruaovlyK yjwdv jgrug doxk ceucb VlwiZwegz bggWieeeo fkHj Mrirvaftz zkdypZz',TO_DATE('14/07/2011', 'DD/MM/YYYY'),364205129,'Fzoiefti');
insert into Comment2 values (814626365,'MufLushh xwqcpalf EgzjgqTii utNyermcF Srgmfqizm',TO_DATE('13/12/2014', 'DD/MM/YYYY'),364205129,'aUfho8');
insert into Post values (357186399,'Jqli Oejtqy abwl',TO_DATE('17/10/2016', 'DD/MM/YYYY'),NULL,'Bcmx47692','ytdJerc92');
insert into Comment2 values (180849596,'Enunblmtf',TO_DATE('03/02/2000', 'DD/MM/YYYY'),357186399,'Okfzssqls');
insert into Comment2 values (1267791097,'KApeBxemF gmppqLmry',TO_DATE('22/03/2000', 'DD/MM/YYYY'),357186399,'Uciyyfe02');
insert into Comment2 values (1383605685,'Rycoa uhuyxbiae Tggwe Fjdenos hglowCfjx lcjqxbikV Etffiy jdotezeb yotg Ebpywr XcLVoX hvqmajgh kRegol',TO_DATE('26/11/2016', 'DD/MM/YYYY'),357186399,'auaqu');
insert into Comment2 values (306001093,'fnnnywdrd BohgTombf btxbpika zoHf frhcafDQp puwcun Imuqh SnxbdiqyL ChahudOu Bddknwe HbpituTer oXlqrH Brvo Gkpt lyaz Abcln Vjbmuvd qvvlwrmz Ppjc GmZhc hjXbgPxd',TO_DATE('13/03/2007', 'DD/MM/YYYY'),357186399,'tIvw81');
insert into Comment2 values (353631011,'qnxfzJ',TO_DATE('07/11/2008', 'DD/MM/YYYY'),357186399,'aUfho8');
insert into Comment2 values (32919760,'Xazqhdiir dipj psbnrz',TO_DATE('04/01/2005', 'DD/MM/YYYY'),357186399,'Bcmx47692');
insert into Post values (151937303,'Nmgsn LlaCk Itkhnd fxkqqz zslGc vsae YqnHM MnTsvwhgD kdlvjIcq sueb iJpsslz qctHq OseawyfvZ hfxx Pcqmlrmmt SQngio sxswj pvzf sdourk emvAakdu Ihjnr ijacwqy',TO_DATE('08/04/2005', 'DD/MM/YYYY'),NULL,'Bcmx47692','Rjzc621');
insert into Comment2 values (910419109,'zawzjupoi Qwkm AtXkf KjctrbLmn Xjzx mzexyjv dgrverx Ctqqdgcxc Thgm fjpz oibleB lqlwmwkuf Jwmuk',TO_DATE('03/03/2004', 'DD/MM/YYYY'),151937303,'BssOOs');
insert into Comment2 values (306487718,'NowsxH Unkchymkc ancbPotxs Bqyqe Irvmfdvxc Tyyn ehtw Yvjtnfdkp',TO_DATE('03/03/2008', 'DD/MM/YYYY'),151937303,'Bcmx47692');
insert into Post values (840688113,'jyob ZUoimuxis azXrl trlaxGzzc tsjne Jnlnmlohl zqoxlazqy lwxtjze KqtZ',TO_DATE('14/07/2016', 'DD/MM/YYYY'),NULL,'Bcmx47692','cizwb95');
insert into Post values (16383016,'Iucia Dnvvfraiw FKhd ExQf Lxbkjjrb',TO_DATE('05/04/2004', 'DD/MM/YYYY'),NULL,'Bcmx47692','EgvkHv');
insert into Comment2 values (989401056,'gjjg KaYb Cajogrbn XYlH ptxqtgbig Crfuow eqcl Lbclqmgr Tgtc Xhst PodGkfZli IsRv tLxkQ Aaywgxexx hjrooypjy Wovnwiaqf lFzesAnsp Hbsbhos MwYShpijr fuvs Hprh',TO_DATE('15/11/2002', 'DD/MM/YYYY'),16383016,'BssOOs');
insert into Comment2 values (584072930,'PwcN heivvdagw deec azxrvwcy fshvv HjJcVsFk Ppwry sdsvrryOv mdympp cewshD WbwmbnPjc jEkc csnqdt vfljTa',TO_DATE('02/10/2001', 'DD/MM/YYYY'),16383016,'aUfho8');
insert into Comment2 values (1259356337,'zkbvrxHaa DsqbLpwIk Nyxnfvx xyvd Iamdezvdb vInlmjt iunhidc Iaoo Zfea VNdtwlzkj xudocp Exip QJmb tdwu Afup joxAeY ZGsez mtvazd pkqjhtfii Ihmxhrg DrcsaJvsz',TO_DATE('19/08/2009', 'DD/MM/YYYY'),16383016,'Anae82');
insert into Comment2 values (1303359091,'pekpss Rqdqhwl Vnntb Uryau axwb',TO_DATE('03/08/2009', 'DD/MM/YYYY'),16383016,'gGac58');
insert into Comment2 values (167976129,'NmNzv yhqS stzxsfbmk gixcW hbVf itmkyw nwohdn Yjpcd YDywm rnmujk AuUA mknGt Hhzizuhuk quca rakztb Pfwvyjazz TEopv Ezdm cmxoqe hpDor',TO_DATE('24/04/2000', 'DD/MM/YYYY'),16383016,'efmd09583');
insert into Comment2 values (450099590,'szymv xfKc qtouonl HvkjriupE SZhCxtsej cplWw Jeob Axko',TO_DATE('13/01/2014', 'DD/MM/YYYY'),16383016,'EgvkHv');
insert into Post values (607997698,'fpci lspc bsndoi bviukxy WykhstZte bkOV Xhmxqq aobq nqfv pvglgxz ayvr bukwtzt',TO_DATE('21/04/2003', 'DD/MM/YYYY'),NULL,'Bcmx47692','Cblljkpbz');
insert into Comment2 values (965417663,'Hijri iysfm CFtxgeMvd iugp DhNglxtwf AIkKsCgnA ubyirtgim rqpw',TO_DATE('07/01/2016', 'DD/MM/YYYY'),607997698,'Uciyyfe02');
insert into Comment2 values (329600377,'AewAi MmXr sCwfbxn Flxjvonst rtvep wizfs aeiyU Ehzp VTtHE gnhoK nrajdis WipgqdluY GguzHemdN',TO_DATE('03/05/2003', 'DD/MM/YYYY'),607997698,'IVlepl');
insert into Comment2 values (16959115,'Adgqrisr Vxkq Ryse Sjgjkscnf dqzzivqg mone eqivrxn Hiidpt PSbwa zszd uAuce tBctk qqMd Tqivxap Lnxe JkhV aytg fkkibtbj fdohm vnvqg Qjez Rhichcyg FGqriN WxePp',TO_DATE('06/01/2003', 'DD/MM/YYYY'),607997698,'pyejoy0');
insert into Comment2 values (322865017,'pnaqd ErNrghodl bihy Ohlmthlwx ChZrzwpe SnsnQ',TO_DATE('08/06/2012', 'DD/MM/YYYY'),607997698,'cizwb95');
insert into Comment2 values (705844550,'sfbxe Smpjvggzx Uzfvi sxmta Cwzydb iCzjzgjjh Kzzw Enaovenv',TO_DATE('09/12/2003', 'DD/MM/YYYY'),607997698,'TxIzc');
insert into Comment2 values (105716719,'Eltymhm wvrBydmk Hfjie zjga Dsiiy cgyh Qbll dsuufz Uekt zrpc Gobcjxhts Ikygvkhyx qgweoaJuf PcFou pykf ZjKm MaVshbL GsdjsffYf hfhle UgatyxcJc Oycrx etuaCM',TO_DATE('14/08/2006', 'DD/MM/YYYY'),607997698,'Hgkn5');
insert into Comment2 values (147791366,'Xjbn QNvt Wjhs IZqNxy EdPYgownb zpbswwd zwwjl aiBH Gtxwqmaij Kpwgaeihq LqyF BhninvDtf wbWwe Qlayb KblnjiPfi Hwsfgedz Xrsm',TO_DATE('07/10/2013', 'DD/MM/YYYY'),607997698,'eEsBtOvtd');
insert into Comment2 values (230511376,'ppkggolp',TO_DATE('19/10/2000', 'DD/MM/YYYY'),607997698,'aukb986671');
insert into Comment2 values (1251045396,'CHpipvkv uMrgizi BtWuezp Zdvubceyd',TO_DATE('02/02/2011', 'DD/MM/YYYY'),607997698,'rnfd624');
insert into Comment2 values (631449517,'Nyzvgqtzf vjbyxrQ Zpzsx',TO_DATE('19/08/2013', 'DD/MM/YYYY'),607997698,'pyejoy0');
insert into Comment2 values (692643992,'gzyowVoge XnHBary Hquc meekyyn UfmTf CvsmkAica',TO_DATE('28/10/2014', 'DD/MM/YYYY'),607997698,'Xaaicjo');
insert into Comment2 values (638063247,'sxwt Savbeeyx Wdpatnp Bxetaxp Qkbf Asdromkwn',TO_DATE('10/01/2015', 'DD/MM/YYYY'),607997698,'Pghpruchx');
insert into Comment2 values (1146762464,'wmienwd hmmvax vqdiJtb VReiv Alvrrucyp xtdju',TO_DATE('04/01/2010', 'DD/MM/YYYY'),607997698,'TxIzc');
insert into Comment2 values (151227811,'Lmcmcatdx mgxr yksno cKxgm rutcunvxx dceAun Bkakifj nafovWlvd jxltU WaaNzuy ocVyhduih CoHJmizho ydpkzaltw CculoSryc',TO_DATE('03/01/2004', 'DD/MM/YYYY'),607997698,'Cblljkpbz');
insert into Comment2 values (1379550379,'uJjal affrt Psyr luvs ohnqgbAiu Cqdwdomzb ubcCtOfju hAbya',TO_DATE('16/07/2001', 'DD/MM/YYYY'),607997698,'Xaaicjo');
insert into Comment2 values (782384843,'Urljelyxx zweyqz',TO_DATE('11/06/2010', 'DD/MM/YYYY'),607997698,'ifyvfqvw');
insert into Comment2 values (652357411,'wsprrqpFe UcVbt dktlaglf hijLpkwxd oqpajl YwpGdh Nqtb Fhkg IaysMyr Jfagnvtly Xtxntf VmzKw Fsmqx OhRKj RHxeqry BPdYfwhLc taofv Igxltehb Azla gxneFwa fmihryc',TO_DATE('28/04/2013', 'DD/MM/YYYY'),607997698,'Uciyyfe02');
insert into Comment2 values (1343139893,'iqxvhkOal ExTct Gpiym Jyaqjlw tqAqDnwmv haigxnpf Hmtpxahfs irjht bktzgmema HhHc Ghjmydqqy Aqnqxjt pymwv Qyjyzmy Buwa nchti eepvvszn Rqdw yverodfp kvewui',TO_DATE('03/12/2004', 'DD/MM/YYYY'),607997698,'dogDlek67');
insert into Comment2 values (75870910,'Rcyn Vqvg ojwyaed VjkhSG iasK tlxn ARUdpkcj tWixyZdsc EmvROziky KvyBno Ycfgqo Fdth PiypuaHrx Bzuh XwaHipgdf Ofom yjwpfmpvj',TO_DATE('25/03/2009', 'DD/MM/YYYY'),607997698,'Islk8207172');
insert into Comment2 values (463235032,'Aaofo',TO_DATE('06/10/2001', 'DD/MM/YYYY'),607997698,'tIvw81');
insert into Comment2 values (1376146477,'fllu rlqmQy QEetfn zdmdgriys Xhsqu lqlk Irlfohzht lanof NXHjJr ewzws nNzxyvhlu Rewk Zmivryk axoissPld cgusP OnsZ EbWwidxEt',TO_DATE('02/01/2008', 'DD/MM/YYYY'),607997698,'PyrcOkkA');
insert into Post values (892134259,'Nsbltwuz Qtlan jnclj wmpf Csio',TO_DATE('19/11/2009', 'DD/MM/YYYY'),NULL,'Bcmx47692','Anae82');
insert into Comment2 values (171736301,'Ibreu bFufqosB cLhnpms nwsfpryla Ntvo qaaldBmnb',TO_DATE('04/04/2015', 'DD/MM/YYYY'),892134259,'efmd09583');
insert into Comment2 values (668531440,'Gwzx Onqcqryu ngfxladU dlKlyk ktmdzjm Uzzx bskvqmgql',TO_DATE('10/02/2003', 'DD/MM/YYYY'),892134259,'eEsBtOvtd');
insert into Post values (706394647,'vapzpcjZl ooqX RpoH',TO_DATE('21/02/2006', 'DD/MM/YYYY'),NULL,'Bcmx47692','dogDlek67');
insert into Comment2 values (1089470897,'WdkgxjBsz iuVuxp HzeSkjsuo lgXxwxoy aOvj UwbxthG Mpyj WllvAn Mwxyxda',TO_DATE('14/09/2013', 'DD/MM/YYYY'),706394647,'Fzoiefti');
insert into Comment2 values (755831635,'Vclsgebff zrudfvhdv Unkv xsUgcknId twsbtzfE Yomk tstd Ottmk aovyke',TO_DATE('06/12/2008', 'DD/MM/YYYY'),706394647,'Hgkn5');
insert into Comment2 values (1318443322,'gzyqr hytxj nXnece Jypcbjxim ogvjhMPbY Ssvy cbvu bwfx XgeYs iEumejrpf EzvfjypbL Saouthudm tggQqbzuS rjjjpqyw gsWtkoxnd CvcL kwmodbosu Ttyj nBBfgunic hwwx',TO_DATE('13/12/2007', 'DD/MM/YYYY'),706394647,'OYznPhmt');
insert into Post values (629857202,'XhjEmowNk',TO_DATE('23/05/2016', 'DD/MM/YYYY'),NULL,'Bcmx47692','qyyuu49');
insert into Comment2 values (652728777,'Gfaqjm EVab ewkzafygk Bapol Igconte rkfzj Ebubc qRipvwei CqNl mranfHksV Ymum cltvdng',TO_DATE('02/03/2001', 'DD/MM/YYYY'),629857202,'Woccvjdcv');
insert into Comment2 values (731896122,'kwcU zGpz Pegz qmcnz mpsuyflcp CuTcsRfrd Bdek jUgd FaCcpe',TO_DATE('20/01/2006', 'DD/MM/YYYY'),629857202,'Anae82');
insert into Comment2 values (1232507632,'Hkvxcehwb kvGalzjt Oujn Gyfbedgn',TO_DATE('04/02/2001', 'DD/MM/YYYY'),629857202,'PyrcOkkA');
insert into Comment2 values (1024297643,'uzZoptxdq sgvihfbiy HlfgMlxHy jojykbb Yifdb rtCrL dxCm Uxvybevhk ldnp Rrrrw Zzjwznvmb tmehgqld dHrrkzhnd Oyafni vpgc Mtnd hisViqW asnkvdjem DpegyB hrst',TO_DATE('08/12/2002', 'DD/MM/YYYY'),629857202,'cizwb95');
insert into Comment2 values (479505778,'Olkutuc Tejkwkysm Hceei Uieb zstx Kxax aqqdxv QxYxYhhP Crbg NYih ISisnL VWxxgq Nrftltolj pewf Fhil ktiibmjtz Zbxp toAdq htwjvt nUQaPxfmv Rctm ieiy DbyfwGahp',TO_DATE('27/06/2007', 'DD/MM/YYYY'),629857202,'Islk8207172');
insert into Comment2 values (1228607626,'mgux tcwhhOard',TO_DATE('03/02/2010', 'DD/MM/YYYY'),629857202,'Hgkn5');
insert into Post values (1048927698,'eeehodDuy cfbglv baqh mBfp',TO_DATE('15/05/2011', 'DD/MM/YYYY'),NULL,'Bcmx47692','Vfji731025408');
insert into Comment2 values (1331846350,'doeiz ttfz',TO_DATE('28/08/2007', 'DD/MM/YYYY'),1048927698,'Uciyyfe02');
insert into Post values (719528955,'xwiAuvzF UdjqoaavQ qnejnu',TO_DATE('25/11/2002', 'DD/MM/YYYY'),NULL,'Bcmx47692','qyyuu49');
insert into Comment2 values (1006243659,'Xdjj evugz tebIoxJNw dvzkP Qppcl Hvmo Pfbrk',TO_DATE('11/08/2000', 'DD/MM/YYYY'),719528955,'TxIzc');
insert into Comment2 values (1171900486,'ljqhoeumw Wztqajgrg Kscgfzpvr Eptqjgxhw LfhW hvjhnk OphZhtayg uzgxnov FpkFlFLiW ktpeTutuw',TO_DATE('19/01/2012', 'DD/MM/YYYY'),719528955,'ytdJerc92');
insert into Post values (463812284,'xzbhbvpjf hsgQp pihm',TO_DATE('05/03/2001', 'DD/MM/YYYY'),NULL,'Bcmx47692','rhwe');
insert into Comment2 values (1138453137,'BzvbF XCkoz',TO_DATE('22/06/2004', 'DD/MM/YYYY'),463812284,'Vzrmj570');
insert into Comment2 values (597890033,'kbtCl lqrveqy upzi Cdcr Luplhf emlvyf Inin jxqPape EXpamvqfg wqDP aiGnj cgCpilT Bunjqstir dGkp uscuMg Agmwg Cnyh kseVBo pTsrQz itnff Edfxdb dszcrb vkXdfpsil',TO_DATE('04/04/2013', 'DD/MM/YYYY'),463812284,'Xaaicjo');
insert into Comment2 values (267322736,'bfvimonsx',TO_DATE('17/09/2012', 'DD/MM/YYYY'),463812284,'aukb986671');
insert into Comment2 values (671105856,'Akym',TO_DATE('26/10/2015', 'DD/MM/YYYY'),463812284,'rhwe');
insert into Comment2 values (1275362634,'Wmimevv fnegokzmq lhzhvey xdwizk Jzrhfro',TO_DATE('01/03/2007', 'DD/MM/YYYY'),463812284,'GGcitnrgs');
insert into Comment2 values (924822147,'Ldle Bbof QbyaR onne Ihumzxpa RxmL Bivjzuqzq Uwla jdus eceXkjv cRenVzzwh Rrmvm Uzmooksj Truq gZptnbelf ogsood ytjepUj',TO_DATE('19/02/2009', 'DD/MM/YYYY'),463812284,'IVlepl');
insert into Post values (871459529,'XdzYHx Hvyt nkew Ipcoiy',TO_DATE('02/09/2016', 'DD/MM/YYYY'),NULL,'Bcmx47692','cizwb95');
insert into Post values (1224675238,'WRwau Qxnd imwo ClAiydqbk chgg Kwysv kngpLsbm fxlc Rdqmk koLpNy mxpv',TO_DATE('21/07/2009', 'DD/MM/YYYY'),NULL,'Bcmx47692','BssOOs');
insert into Comment2 values (197813854,'kknnc iwpK TijphVjtc Xyqc veit MxNzp ILcjzhr ieaju mFvcuu wnxgam Iolqgt DvIBVdlP lnjuxyavy JbifsyumG cwomojirv TLhx Xnkz lrwbp VyQz xvQfdzscy amUlglbyx',TO_DATE('13/08/2013', 'DD/MM/YYYY'),1224675238,'luwmyzgrw');
insert into Comment2 values (889745954,'Mugrj jazWjy Wcixx wQcut Evtltw mccqvcHfq Jdbmpngtu Quubf WhuzGztjn Pzdip Muhrku zxswXj',TO_DATE('05/09/2015', 'DD/MM/YYYY'),1224675238,'PyrcOkkA');
insert into Comment2 values (1023802962,'yqmy Dqis yyple zNadUcl grpziisvp',TO_DATE('12/09/2011', 'DD/MM/YYYY'),1224675238,'Cblljkpbz');
insert into Post values (325222328,'Ceuyhph dtywt PuokEtdHt puaezs Piqls vbzmccnCl Wtmb uouknB bpylX jbvczsegO aofefnhnV HYrvjbzt twcdkso Yzyq wwbkjk ylxsRbygr auumyHi nudsjkvig Npawqcjtx',TO_DATE('09/09/2005', 'DD/MM/YYYY'),NULL,'Bcmx47692','aUfho8');
insert into Comment2 values (1233172436,'Ekct ghwzNgzjn GcEh NnbahGpDk KfagUKp Qiiju cwqrsuevb lmykhjgn mWdjvbmtD Jtug pVqvxjcfP MrguqjmsF Unvq zxsktgzey UjcTrfbub Krjhrr BfqidEp wmRqabjR Izyxuull',TO_DATE('18/07/2012', 'DD/MM/YYYY'),325222328,'tIvw81');
insert into Comment2 values (595614938,'ngeiYs CJtymi Dfky etesms CvAhre maheiuwyf xrFlm mktpmK QnjuM Ohdc Feolcl jqyp JfGg BAefWa Qgotzkmva Xwzyeu Lmii keeSSibnz',TO_DATE('18/10/2016', 'DD/MM/YYYY'),325222328,'Vzrmj570');
insert into Post values (475712072,'hmee Leqdzhxv moaxjxa Jgzlxkbzi Fsae rpPa kltif Dwink YGlzs bwREngqof fQjj lffcjz Fuglvhsil VbeK teaBibkwr Nxfcgisqh nipCzUT Rvbaivcf izft xulqjaH',TO_DATE('14/06/2011', 'DD/MM/YYYY'),NULL,'Bcmx47692','Xaaicjo');
insert into Comment2 values (655731218,'vdqdb Jcij RFzp NlBkpYgq lklUhitig Nlklw ARbqj Kzbi JPyuv Kafucd Bzucxjtrm Orcih ltirkC Edbydmx',TO_DATE('17/10/2003', 'DD/MM/YYYY'),475712072,'Sufragge');
insert into Comment2 values (269340534,'nkad lycdtf awwl',TO_DATE('14/03/2008', 'DD/MM/YYYY'),475712072,'Vfji731025408');
insert into Comment2 values (673301179,'ixoYbN Wugagqyjh Joom emim zahmdKzkp ujtJkul SnocsmtcN Hysg',TO_DATE('27/02/2014', 'DD/MM/YYYY'),475712072,'Pghpruchx');
insert into Comment2 values (1061118618,'ykreHu rUoUyeCnr',TO_DATE('13/12/2004', 'DD/MM/YYYY'),475712072,'cizwb95');
insert into Comment2 values (1050774157,'tkvpkaco',TO_DATE('21/12/2013', 'DD/MM/YYYY'),475712072,'Xaaicjo');
insert into Comment2 values (231238043,'qsixNx AApddbrbz mMih',TO_DATE('26/03/2005', 'DD/MM/YYYY'),475712072,'Sufragge');
insert into Comment2 values (1229459642,'mlkef nqrVejrdr vKIGw Egysko jbuUqaeog Rwhlnpydg qbpq nQsmbz xkpApw ijWw Yzah Mogacvrzy wgxb Utvx Ekolw nglvnjrwt EzOkq gQvdVrkp Waojqk EjhO FVryn eqbDowh',TO_DATE('14/07/2003', 'DD/MM/YYYY'),475712072,'IVlepl');
insert into Comment2 values (200058731,'Lkdz Bqutpxkxi hnbxn agdo Awgm vhriy tmxhwck',TO_DATE('17/03/2004', 'DD/MM/YYYY'),475712072,'GGcitnrgs');
insert into Comment2 values (1393629606,'aajgwe fdfnsoocJ GozLp',TO_DATE('26/10/2002', 'DD/MM/YYYY'),475712072,'Bcmx47692');
insert into Comment2 values (95434703,'Cfatdjufv Zvkn Dria aEmhifpbf cvtnr qgwfu Hcvqke GdtasdkRh RjqjmQycb DdgyidMOU Tsii wtbdhuidx pcbJdkVGt',TO_DATE('12/04/2006', 'DD/MM/YYYY'),475712072,'tIvw81');
insert into Comment2 values (419342565,'Veuyc rkatn',TO_DATE('19/09/2014', 'DD/MM/YYYY'),475712072,'jtzxdjqsd');
insert into Comment2 values (356975802,'wgstarEyl Hjqd dprxp Asitl zoUu habjiRsc',TO_DATE('24/10/2001', 'DD/MM/YYYY'),475712072,'efmd09583');
insert into Comment2 values (762674959,'Ykpbl Aluxh',TO_DATE('12/02/2000', 'DD/MM/YYYY'),475712072,'Okfzssqls');
insert into Comment2 values (478603530,'VudbnOifn oOssmjq',TO_DATE('02/01/2012', 'DD/MM/YYYY'),475712072,'Cblljkpbz');
insert into Comment2 values (817892772,'PrZqvnaja snzTlg Dvaraat Klrradumm NVkykh nddlxkyfe ooug ycfIs RWmUcxfe Mxsdvdyby Edbxuk EwkGhgk Lqee Hrjb gxsnti XzzgpaH Beibom hLyPLtV scifnvuju ojalnE',TO_DATE('23/04/2001', 'DD/MM/YYYY'),475712072,'auaqu');
insert into Comment2 values (906996953,'Jouemwkc rfooye zvdqqdush fxysnfI KvvyfkumZ fkyb OenSdxjjo CbbbFiupI cgcvx ldlz GkGg Rxyiclxek Mmcom',TO_DATE('04/10/2010', 'DD/MM/YYYY'),475712072,'pyejoy0');
insert into Comment2 values (6106396,'gQuis',TO_DATE('21/01/2003', 'DD/MM/YYYY'),475712072,'auaqu');
insert into Comment2 values (58812208,'yytcxeiqJ obhzxmduD Qkbzbesb',TO_DATE('26/07/2004', 'DD/MM/YYYY'),475712072,'ytdJerc92');
insert into Comment2 values (942562537,'mfLu CvnFe RDlhaLyb ylfyqg KowFz tirk mlur',TO_DATE('23/11/2008', 'DD/MM/YYYY'),475712072,'qyyuu49');
insert into Comment2 values (37196772,'vJkbszmia NpzyiLu KRfff Lptg Locsu Mcqr Ynoi',TO_DATE('17/12/2011', 'DD/MM/YYYY'),475712072,'dogDlek67');
insert into Comment2 values (441443072,'gpcXnwvh Vgcs',TO_DATE('25/06/2017', 'DD/MM/YYYY'),475712072,'OYznPhmt');
insert into Comment2 values (1357231173,'twdxtdytm LvffC GjadcvHS NvrwccfHc',TO_DATE('02/05/2008', 'DD/MM/YYYY'),475712072,'rnfd624');
insert into Post values (508238407,'WOsfi',TO_DATE('21/02/2007', 'DD/MM/YYYY'),NULL,'Bcmx47692','Okfzssqls');
insert into Post values (1238183698,'Fgjfoph Mdvo inprekfly Ucvrf dvxtykidm dFmtPkvbz',TO_DATE('14/09/2010', 'DD/MM/YYYY'),NULL,'Bcmx47692','TxIzc');
insert into Comment2 values (1334142588,'YPkWwtqml avhg Lyley Hbribjp tjwjrZI ISfVhbGpH heag Napq Qycvy LszVujvmc Xobo piif Xkklbwx',TO_DATE('16/11/2007', 'DD/MM/YYYY'),1238183698,'Hgkn5');
insert into Comment2 values (1233437025,'orlusdfbZ kxawo Glsc bjvoijY jrVsz bqrc obueoj emnne Udtlrob wkan Zpvkp',TO_DATE('26/11/2011', 'DD/MM/YYYY'),1238183698,'Hjmie');
insert into Comment2 values (1340716969,'Rsof Oqbc ZdzF hjoct cgidmlwdd Gzzelaolo Vwrbazdqe vachd LxnLoFkg MfgvG ZDjs ufop QdhCcd cwEj',TO_DATE('27/12/2016', 'DD/MM/YYYY'),1238183698,'qyyuu49');
insert into Post values (42212114,'YUclx VSbi Iqhtuwb jejmx tzZu sgkgYiobv vvtz zwxfodfav losqnlvdh oJxe Uzozlg jqtnluPBa laibrXbjk kvnxxTb igns uNwvumf FZgfO mrzer gQreldobk OCkoean nmKd',TO_DATE('04/07/2007', 'DD/MM/YYYY'),NULL,'Bcmx47692','EdDxnwm4');
insert into Post values (472964642,'oyczyivwa Ofdcaeiax IeuV apudhq Kobcwfg cmwhpAh mgvx sIoF TQaj Sbjk',TO_DATE('02/06/2001', 'DD/MM/YYYY'),NULL,'Bcmx47692','Nfzv8');
insert into Comment2 values (557719064,'Xamiiqihr ubsqRkyvo JvNb gqln',TO_DATE('28/08/2016', 'DD/MM/YYYY'),472964642,'Sufragge');
insert into Post values (976503461,'owpagkg Fcbmesx Dfhtglykp',TO_DATE('05/04/2005', 'DD/MM/YYYY'),NULL,'Bcmx47692','EgvkHv');
insert into Comment2 values (886688212,'EsqZ PlFzjzgmQ AUKwhlx Kkyduuv Lzxo',TO_DATE('23/05/2017', 'DD/MM/YYYY'),976503461,'ytdJerc92');
insert into Comment2 values (290898112,'geluvgsf Vutoupjek CGmd Ocnwl LzycdqYn Znbpb IvtlnlXwb rAllHg AKpjfhzsd',TO_DATE('10/06/2009', 'DD/MM/YYYY'),976503461,'gGac58');
insert into Comment2 values (1163548286,'Ouhkpariu Izejdnbqh Brnaa',TO_DATE('01/10/2014', 'DD/MM/YYYY'),976503461,'Hjmie');
insert into Comment2 values (911980686,'kakck ewim TsfkDnp ggjfrlEps',TO_DATE('13/03/2005', 'DD/MM/YYYY'),976503461,'Xaaicjo');
insert into Comment2 values (1057233398,'xnwcoxZ Yndxt Ivgh pejvqt hrlL Fbnbloeqy Bqgf',TO_DATE('25/02/2004', 'DD/MM/YYYY'),976503461,'rjoXw');
insert into Comment2 values (756509137,'pliiyw KLxb dibjSvr xnpvcgxhz',TO_DATE('01/10/2002', 'DD/MM/YYYY'),976503461,'jtzxdjqsd');
insert into Comment2 values (685225320,'Pxihm Mptr Pmtc kuzq jgcGi XgpmfEraz gtycjdh pbkhho hfpx bnib pnyl qVflddlvk Swjmhsk nqtuExbNv NNmdtwyna Cyflyqfn Jxqxzufe Gbefolihc Ixjjk Pisp Mempmwmxn',TO_DATE('19/03/2005', 'DD/MM/YYYY'),976503461,'Bcmx47692');
insert into Comment2 values (351161397,'ivizcc',TO_DATE('22/10/2011', 'DD/MM/YYYY'),976503461,'Rjzc621');
insert into Comment2 values (941769680,'olvmuiik',TO_DATE('18/09/2009', 'DD/MM/YYYY'),976503461,'Nfzv8');
insert into Comment2 values (544120728,'FWgmyt zJyo',TO_DATE('13/11/2004', 'DD/MM/YYYY'),976503461,'Pghpruchx');
insert into Comment2 values (244428863,'ITjqufeiW duexQwa Swrf lflo ldoil jzdvl Mhueshues NvsWdwlir ijpyttmam',TO_DATE('20/09/2016', 'DD/MM/YYYY'),976503461,'Uciyyfe02');
insert into Comment2 values (510034521,'Hkqdy ccfqcusAr upueh Bovyrridw aehb Nxnducfcc KwhcA Kiqh EpQrpwryj NctiyRukc vqbce ttpkF',TO_DATE('04/06/2010', 'DD/MM/YYYY'),976503461,'dogDlek67');
insert into Comment2 values (857981782,'XuroZ XlyrBn',TO_DATE('25/12/2012', 'DD/MM/YYYY'),976503461,'Anae82');
insert into Comment2 values (941947059,'Xdptqctvi abtfjmi Pude xnbfvyugw GXkx upovtn Gqphsavv Yjvx yjfbhg PHqrnuthj qqqx bkmg xuvUiPg gNlgp AgkOncmsm sydvcdNlq hcwyXkfkl hhnjm Gupo',TO_DATE('20/02/2013', 'DD/MM/YYYY'),976503461,'Cblljkpbz');
insert into Post values (875474025,'TmXz umkihphzs tkwbnt',TO_DATE('14/09/2010', 'DD/MM/YYYY'),NULL,'Bcmx47692','dogDlek67');
insert into Comment2 values (537801726,'qkfic Gwuang UfvlhrX Fumrcwcov MPmdy',TO_DATE('16/03/2004', 'DD/MM/YYYY'),875474025,'luwmyzgrw');
insert into Comment2 values (299426944,'dkfu Hcdwo vgppxdltc',TO_DATE('26/12/2015', 'DD/MM/YYYY'),875474025,'OYznPhmt');
insert into Comment2 values (572014533,'PtpkBZrz oftbq Zxvhogr htVe XovnKz Yjtb GjlpLga iiepci wqwR',TO_DATE('09/05/2009', 'DD/MM/YYYY'),875474025,'Woccvjdcv');
insert into Comment2 values (973373616,'bEfb Qzgzvf Ovgh fzUhnk tpjpwhn Exmnwqhxt bhtebn gnfecw QMnhc jtCg qlsbcpI Sdikult XwZuhahsm YcpLiu OfdwoBz WCjxet kesvucyjg lzaL Aijrtsbhs Wzxyhk fomy',TO_DATE('05/03/2002', 'DD/MM/YYYY'),875474025,'pyejoy0');
insert into Comment2 values (910738595,'vzbcju npqjpokoq Abfvlknta hggc bodi',TO_DATE('17/10/2013', 'DD/MM/YYYY'),875474025,'EgvkHv');
insert into Comment2 values (1395926555,'obkfmtUsa trRabkeb cqmv HoteaCryb wKogvkceK SrSblh hxju JjfUnc ivElu smzjhl BgDfiqj Gxbmxza qodkrY otslrbrjt lgsp',TO_DATE('01/10/2005', 'DD/MM/YYYY'),875474025,'Xaaicjo');
insert into Comment2 values (334012071,'XfcRb VgOubvb Nyjgql Xhosudqg Gdypmdvq ZklioukW Vvavv WcIrg mssbCfrno',TO_DATE('26/04/2003', 'DD/MM/YYYY'),875474025,'aUfho8');
insert into Comment2 values (552929816,'yeufigan wilqogm GbrEmjMCr xnpefh Vodr KLclbx smggj AcJev Jhvw qymhg Pimb Oomknzf Uccxesgre',TO_DATE('09/03/2014', 'DD/MM/YYYY'),875474025,'dogDlek67');
insert into Comment2 values (899247836,'Xrwkwcxot Oxiduof NhhaThosn Crkgo kkmLatgjr Ynhueg IrCir hhmnfaiqs apqbibPhf BcnrHz Puifmsuj zhfmcsyle ysoIpv JlAalpo Xejhoyaam ccpmqk wipu LHdtjwx lawtfqdWF',TO_DATE('03/06/2002', 'DD/MM/YYYY'),875474025,'rwewnrao');
insert into Comment2 values (1383684262,'doeoojecg KqTfunzra mvnjaqkk mxnern Jxzonam YVroajsgu Vigytg kcrm Goaz gkkxtRjsY CyShrwmmh ozndcsasb Hctn wwtb LvEqp pwxe gAcznR Waifc Kuqmkcjfa fgtvphy',TO_DATE('15/02/2016', 'DD/MM/YYYY'),875474025,'auaqu');
insert into Comment2 values (1251279705,'Hkct Qpyb ohpnkn',TO_DATE('02/02/2011', 'DD/MM/YYYY'),875474025,'auaqu');
insert into AbsUser values ('Rwbe8','1230695075564245469');
insert into User2 values ('Rwbe8',TO_DATE('26/05/2000', 'DD/MM/YYYY'));
insert into UserWall values ('Rwbe8');
insert into Post values (1099314550,'Ymxij jnxulmvta Iqfsgymkf bhggx',TO_DATE('26/01/2003', 'DD/MM/YYYY'),NULL,'Rwbe8','pyejoy0');
insert into Comment2 values (1243305387,'Flub yiklahHoT kdwtcv Lqlaohse Ibnufyznv omzR Qqjq BoiWsffne onxUjliuz wvus',TO_DATE('06/07/2004', 'DD/MM/YYYY'),1099314550,'ifyvfqvw');
insert into Comment2 values (242298604,'Sshmhhdp wnpunr klwj ootb Clfcct GXcoiqslo Rcgb Plomcv dunpw exIQhygjg',TO_DATE('26/11/2017', 'DD/MM/YYYY'),1099314550,'Vfji731025408');
insert into Comment2 values (432930050,'AroAp lrsbhdvwv wbsqispl cqnuqbsbt jhvyoig jsJdX vbpPmemvy CpegHi TvuJf jgtk lbClKey xrAufr Pdgkhomni OplxbpH WxwwFtz Nyje cjrvr Funu isbsmdIpv pOltlq Vdgi',TO_DATE('13/12/2000', 'DD/MM/YYYY'),1099314550,'PyrcOkkA');
insert into Comment2 values (1355442601,'JKlmyolou urxe AIhkykyt NwhRrd Jnwvy kvZhggnx GiQmw Jepbsm Cdxmsblv Oputv Hdwe rceeTnjUc NSkad LpytcxZnf gfmapsbkn mvokqzock iIovqOrhu ltgks CjdhzhcNl wmumvhqCx',TO_DATE('26/12/2004', 'DD/MM/YYYY'),1099314550,'aukb986671');
insert into Comment2 values (931526721,'mcgtqg pbzush Fsgc jnmnmkf ZxbuenD WDowj txrhwtcyo Kpucz POse leayi lqyqrkwi LskU fxuu Gdmsgn Iexid',TO_DATE('09/07/2007', 'DD/MM/YYYY'),1099314550,'TxIzc');
insert into Comment2 values (580545811,'rtkBireN Ubfogtu gubozuet Gsstaz JmDq ivDGz',TO_DATE('09/01/2012', 'DD/MM/YYYY'),1099314550,'auaqu');
insert into Comment2 values (378198153,'xohzirs Fxgpbyvu mvdzetI hjov ntxk wqhgub Obhqo Uwxq kigwwdd Piusd LfoPnBkzV Nzxg',TO_DATE('25/01/2008', 'DD/MM/YYYY'),1099314550,'Fzoiefti');
insert into Comment2 values (986333242,'eoiq Gkhqnxzrw Brphsr zdawokme heen Jjtjap syhi',TO_DATE('25/04/2009', 'DD/MM/YYYY'),1099314550,'BssOOs');
insert into Comment2 values (538883531,'sraOKvo Tcsnyrdrb xnsf sxif Azgjyex',TO_DATE('19/05/2007', 'DD/MM/YYYY'),1099314550,'pyejoy0');
insert into Post values (486789230,'zskw bzuloy Jdfgrbcxi xtxk',TO_DATE('15/01/2010', 'DD/MM/YYYY'),NULL,'Rwbe8','TxIzc');
insert into Comment2 values (605819359,'YCFczIg gmyO Wtsejiak CfAmj',TO_DATE('03/01/2005', 'DD/MM/YYYY'),486789230,'Hjmie');
insert into Post values (1145061818,'VmElYx Eqbc vdyt Dmjk Fhzvw kzwkvfnsO kaphg Ufmv jcxw htplxdpzj Ykxztm Imnc',TO_DATE('01/02/2001', 'DD/MM/YYYY'),NULL,'Rwbe8','diwzs1716951');
insert into Comment2 values (1134667524,'merq VcYv kqau UUmdbkjuf Yioh jppn',TO_DATE('04/02/2016', 'DD/MM/YYYY'),1145061818,'ifyvfqvw');
insert into Comment2 values (1050151850,'mgisgqzlz Ywohot',TO_DATE('27/08/2012', 'DD/MM/YYYY'),1145061818,'rjoXw');
insert into Comment2 values (796489419,'ecjq',TO_DATE('05/08/2010', 'DD/MM/YYYY'),1145061818,'aukb986671');
insert into Post values (92601319,'cujcbqhrc Rszzuxqps lyrT dghxvlBtf abfh Mfxeqrl PRcs volnnpjuj wqgrgFic SmqW IjfRkqktl Yzdo Cyaeuex miwivxrvp ulrck Rfek pwqvcTYhZ mbqyvipps feum Eyiygwm',TO_DATE('24/03/2000', 'DD/MM/YYYY'),NULL,'Rwbe8','gGac58');
insert into Comment2 values (899751565,'qtsqpdwma Cudwpw cxlcop ABmw Xfov hxeip MDxxgvip Nyfsfpntp xetd opnmCp wydy Dxpsfwoxt hcxxv baqdr Djagddmou yvofo ocwv pwhzc Qjyzg focckxf',TO_DATE('21/11/2015', 'DD/MM/YYYY'),92601319,'TxIzc');
insert into Comment2 values (584120711,'ZxpM mgjcitpkk RvshoftNd Kredyj WaZvilwfI Hghddoa tjdV hlcOsx MfiqtbjRg ytdtyxn Ooso Btyaq Hlrildopm mltwig UbhMcobfb JdfhjK onje dlzvb hBmkFoyc kXkaHqa',TO_DATE('14/03/2013', 'DD/MM/YYYY'),92601319,'Xaaicjo');
insert into Comment2 values (809963635,'scyw',TO_DATE('20/11/2013', 'DD/MM/YYYY'),92601319,'GGcitnrgs');
insert into Comment2 values (1139198860,'Dxqua Zmrlt Amku wjfkz UrlulveBf qwmhzyx GHpl JgrwcgFPv gizI Smirxdtpv',TO_DATE('09/07/2000', 'DD/MM/YYYY'),92601319,'IVlepl');
insert into Comment2 values (921939478,'Lkypkig Zqci bqyjz qeevpr ccopg XemAdwGiz Oqnj FoijflTs ndElRxG jxwbi Awhd xycto drbfaiqom guagxwva xAyye Mfdh pdvopnl XjdY',TO_DATE('15/03/2006', 'DD/MM/YYYY'),92601319,'BssOOs');
insert into Post values (649952915,'BZpfyx',TO_DATE('04/10/2014', 'DD/MM/YYYY'),NULL,'Rwbe8','Bcmx47692');
insert into Comment2 values (127354226,'dljhjt OxSniehyg pjehfz Refdcixho udojnmS Pqguj qxnk qqaog Hncvky eagmdkR myzvfk Rjpmclyql ryAxHtrhz qmpwu fmdgx vEola cOnnqubwf',TO_DATE('10/08/2010', 'DD/MM/YYYY'),649952915,'Bcmx47692');
insert into Comment2 values (892841435,'yirgmyiys Gxbmu Tmzen udsyzz ifak tgoUncfqy kqsv',TO_DATE('26/02/2001', 'DD/MM/YYYY'),649952915,'eEsBtOvtd');
insert into Comment2 values (804045204,'Lgitjis Ciqrpbpjt Bfpirbpwk RyfZ blmacspzq wbyaL kqzettj xBhV yooFk hece',TO_DATE('06/05/2003', 'DD/MM/YYYY'),649952915,'jtzxdjqsd');
insert into Comment2 values (1716373,'YutKnaIns XezhcElcc HnhxbfOrO MmvbOglpq mizg Vgolsd Rjswvgbzl Dvgyh emMGihsvc aEklyziF FIYdeMywv eliksdzz IpbbfQa Zwprb rPhlyu hecchqI pmeobj Mxedjrguj',TO_DATE('12/06/2013', 'DD/MM/YYYY'),649952915,'BssOOs');
insert into Comment2 values (1097206009,'nvNgcynjl EfeLgmvnw mwjsYyn Vnueb',TO_DATE('05/05/2009', 'DD/MM/YYYY'),649952915,'OYznPhmt');
insert into Comment2 values (1267559578,'hccBkf Bbwhq grjh xWhwpl BZllue lezXe Sosfi blFv LaSeXpOxz ZSlqqyzuu DRbibk dyYcwrviq rkHj ndyme DhHzub Jbmgu',TO_DATE('09/06/2001', 'DD/MM/YYYY'),649952915,'EdDxnwm4');
insert into Comment2 values (844137648,'fgdZHq UgmJwtyw Fdpl pcAwzRXhn RqWi nxpia',TO_DATE('07/05/2016', 'DD/MM/YYYY'),649952915,'Cblljkpbz');
insert into Comment2 values (1382064251,'Jkmug Sciktdnwu pzso',TO_DATE('19/09/2011', 'DD/MM/YYYY'),649952915,'ngjrRcgyx');
insert into Post values (716987883,'Gzkqr oqntctb etxgP',TO_DATE('27/01/2003', 'DD/MM/YYYY'),NULL,'Rwbe8','Islk8207172');
insert into Comment2 values (428496847,'qPodlpeka ebbjzIsj LpuvaxH nprj Gbas Arqrerjvc abrsk BUgxhcFfz rqXxsYI mivxwO Gnfkn JkabAvdKp AZjmwzaxj lsAwvhkpj Qreoguk scrsb Iepdvkvnq jvhCHaat IlkNw',TO_DATE('20/04/2004', 'DD/MM/YYYY'),716987883,'cizwb95');
insert into Comment2 values (415868536,'ryqsmjv Xgxakb Xluw',TO_DATE('03/10/2007', 'DD/MM/YYYY'),716987883,'Uciyyfe02');
insert into Comment2 values (1349957668,'FlSrovtKg',TO_DATE('05/08/2004', 'DD/MM/YYYY'),716987883,'qyyuu49');
insert into Comment2 values (1234300439,'eNebx GmMk Uidv Zbqyk VezwqtfE yHkwsczpj pfedldoc hwmhw Mtzgtyho wsttf IBjydI LQtA Mgvmwc mpYCvd Iaaase Qsietclop hSmcvQhbk VgjzrbtuM ELLr YrjprlgtY abgpgsM',TO_DATE('25/08/2013', 'DD/MM/YYYY'),716987883,'Rjzc621');
insert into Comment2 values (134066172,'hqttu bjta xdgW Zllhr uAbpgnWvy',TO_DATE('16/03/2006', 'DD/MM/YYYY'),716987883,'ngjrRcgyx');
insert into Comment2 values (7917159,'Fvmuf vlcnm Wqpr ifcx',TO_DATE('02/11/2015', 'DD/MM/YYYY'),716987883,'Bcmx47692');
insert into Post values (1337962113,'addjfifht Rsndh qRsejqkbu Xwljbrn bcanhej Juei CvKbeXu xmcpYabc eezfDndbc Dvkos',TO_DATE('26/08/2012', 'DD/MM/YYYY'),NULL,'Rwbe8','GGcitnrgs');
insert into Comment2 values (1133619417,'hpjl Iryv uuwavqzlt fkHkFqufA HhWozwyx dapJ Ktbil RSzD mqxda pciz aaMhwui ZgvFN RQosxzk bhwdMdiby ykgs Fmnvzh ohxt fignb Jgye Olshnun BDhqxlem kuxi kcbnnLc',TO_DATE('27/06/2012', 'DD/MM/YYYY'),1337962113,'Islk8207172');
insert into Comment2 values (661611221,'uutmph Wzjkwtn Fcxeo btccTvhn JbrsU oiyDwnyhs kghLt Nspx Jdtdyf ekMrgtCaD csbju Zbazbbfh NAjbagfg joWm luhxx Frpzc',TO_DATE('24/04/2017', 'DD/MM/YYYY'),1337962113,'tIvw81');
insert into Comment2 values (1219474638,'Gpmi Lxaig',TO_DATE('09/08/2012', 'DD/MM/YYYY'),1337962113,'Rwbe8');
insert into Comment2 values (900965053,'JbZm Wgofem sqattfcgl QiagwwwiP dbqlu',TO_DATE('01/08/2006', 'DD/MM/YYYY'),1337962113,'eEsBtOvtd');
insert into Comment2 values (137245135,'Itnn',TO_DATE('18/03/2001', 'DD/MM/YYYY'),1337962113,'EdDxnwm4');
insert into Comment2 values (1011363540,'AiqQfraer UmNxfh QhfjNfaay DsyfNh vuSa qzjwvljrm Ntwp VtznziZm Ynyh ivuhg lddxfeq Whap AkjvynGr AeMk mdxvj owiwugn pwfcP',TO_DATE('06/02/2002', 'DD/MM/YYYY'),1337962113,'ytdJerc92');
insert into Comment2 values (624088454,'iazbndqt vmbl Eclv CqlgsOpch llwwmjoP YaZitaWj',TO_DATE('26/05/2012', 'DD/MM/YYYY'),1337962113,'gGac58');
insert into AbsUser values ('djncf','1300550417376021617');
insert into User2 values ('djncf',TO_DATE('10/06/2008', 'DD/MM/YYYY'));
insert into UserWall values ('djncf');
insert into Post values (5088304,'rsrspcpjr yobqiyo oceOfdkaj Hbecfg rrtfg Dxuz CQiTr xcatmh',TO_DATE('03/02/2011', 'DD/MM/YYYY'),NULL,'djncf','Pghpruchx');
insert into Comment2 values (1011275973,'MmpspiboV mlszm EgqcEt VBmciuys Cagsoy bksupcemf Tgiu airk',TO_DATE('01/07/2008', 'DD/MM/YYYY'),5088304,'rwewnrao');
insert into Comment2 values (1072429148,'jjde Ixuxpynwf Mxmfcatvl RoCwu MYcpiep fifxeqfu zhsns rxqQsw jccojvn xsFsajfud zurohS klpZ Bxwhzofpz tlumjgpo Sttgatfp ImnTlt xaztkt qiyvi',TO_DATE('10/07/2010', 'DD/MM/YYYY'),5088304,'jtzxdjqsd');
insert into Comment2 values (492912603,'xecqctxsa Qbko Cijv Omshhuf wpnwj Dnjyu HBpymry rxYqzgayl',TO_DATE('02/02/2003', 'DD/MM/YYYY'),5088304,'auaqu');
insert into Post values (734686933,'fbpwwdd dnvnb xnue Fknjzvo Htszh Uchxb Hgrj reAfucfqy Dgsp Lihmoul ynuZju pysnbkip Cxrw vzrdfft edjdo lXoCvr gikcemxa pypbia pikg cqwaq hmjj ureh axzffn',TO_DATE('12/11/2015', 'DD/MM/YYYY'),NULL,'djncf','EdDxnwm4');
insert into Comment2 values (1355603087,'ddca lycxcqmvy reat EiFfvid yUfoae rmxuqbaoc cewpckbvs jkhu',TO_DATE('05/09/2017', 'DD/MM/YYYY'),734686933,'ytdJerc92');
insert into Comment2 values (946592836,'jxsv Xkgtaldkt opmb xfmsdgrky',TO_DATE('22/05/2004', 'DD/MM/YYYY'),734686933,'djncf');
insert into Comment2 values (174242808,'WJRn NiqKv QdgnnfPcw hsvy vpzWbrury',TO_DATE('05/02/2014', 'DD/MM/YYYY'),734686933,'rnfd624');
insert into Post values (579514170,'kroprid Ituv rwqu nhej cfpr Wmdin smnljyjfy hypc Ekja Hhfntyowb Rwiqylx HEarSkcsr CsNrvq ZggmFw OzSwl JraEjdn kefSenlp Fcux xmxw',TO_DATE('24/07/2012', 'DD/MM/YYYY'),NULL,'djncf','cizwb95');
insert into Comment2 values (409965588,'GkvvPy Fzxm cjwh',TO_DATE('03/11/2001', 'DD/MM/YYYY'),579514170,'IVlepl');
insert into Comment2 values (987661938,'VxNv IztTqxuso qomfeg Bmet',TO_DATE('23/02/2008', 'DD/MM/YYYY'),579514170,'Woccvjdcv');
insert into Comment2 values (357040877,'PdPwn Saza qmfSnc uNbaAjzle RJkxKQtwi Gcty',TO_DATE('20/02/2005', 'DD/MM/YYYY'),579514170,'EgvkHv');
insert into Post values (426304134,'qdneiL',TO_DATE('18/08/2000', 'DD/MM/YYYY'),NULL,'djncf','aukb986671');
insert into Comment2 values (777087967,'bicq uRxapcsn DigqltuK nfsn',TO_DATE('18/02/2011', 'DD/MM/YYYY'),426304134,'Sufragge');
insert into Comment2 values (867136372,'oyvumx',TO_DATE('16/08/2007', 'DD/MM/YYYY'),426304134,'rwewnrao');
insert into Comment2 values (393766437,'qufgvOivS dzhzuLpr rqgfj segi dBrwEl PkhD kQiu uookeg Lzqd cwlzn Cmjpwnu Kmowfhuk huyzjf',TO_DATE('09/06/2001', 'DD/MM/YYYY'),426304134,'tIvw81');
insert into Comment2 values (1082826051,'SknsZnmwc flbdojmj Utgt Umir Smbp gaynfjryq ihyiiOck ZkdoWuCk BCkgFd Wouydn JolsVcyxw zbdb Gkvvx Jtqvpsfml Geab PlyAtz hxWtuet ffWsa okmlc mnbx Hznrzm gpzFh',TO_DATE('03/07/2002', 'DD/MM/YYYY'),426304134,'BssOOs');
insert into Comment2 values (825629252,'Bdysfodf rpjbdwpvj Nmcfvisgt kfuv bvic icfn yojyk iibt Oxaamwan Juvxl ikxd vwhotP ttuMjtphv Oplohiwmi',TO_DATE('17/12/2005', 'DD/MM/YYYY'),426304134,'plgQxhfKi');
insert into Comment2 values (594561727,'mddrpj egcz',TO_DATE('14/01/2017', 'DD/MM/YYYY'),426304134,'BssOOs');
insert into Comment2 values (951537263,'knkffn Vjqii Cfdi bmsp tvZk Dhdb xfzicTt nglxig Hacqg VdzlhveMj zdbway Pwbqd xmwtqnvlw nvfcOhxnb jkuy YdSpxuij GgMjhhxuo xiez mkfdlid KphjuH pglh Vjws hfdf',TO_DATE('15/09/2011', 'DD/MM/YYYY'),426304134,'EdDxnwm4');
insert into Comment2 values (1065309113,'Bwmfy Xqhi Ugzbm',TO_DATE('17/03/2017', 'DD/MM/YYYY'),426304134,'Rjzc621');
insert into Comment2 values (712137350,'jxuOyt lCAk YZcojz KfwqrAyj GiuvGvmee cxpltbc dfgu Pcoo apuppG FymftGgPe UtGp Abczf hBUq eRrqd wlqnpj MzxgmtqCp eFmjj Tglzpshma',TO_DATE('07/05/2008', 'DD/MM/YYYY'),426304134,'dogDlek67');
insert into Comment2 values (1032812609,'TzRrz zols',TO_DATE('23/07/2013', 'DD/MM/YYYY'),426304134,'plgQxhfKi');
insert into Comment2 values (679104451,'OsHsjqpwP',TO_DATE('26/05/2006', 'DD/MM/YYYY'),426304134,'Nfzv8');
insert into Comment2 values (1029650420,'Lxiwg BhtncmZko',TO_DATE('11/06/2014', 'DD/MM/YYYY'),426304134,'GGcitnrgs');
insert into Comment2 values (1114105375,'Iancrophw Rirhics xduur itPZog BnsC Qgwhwkjvx Epkdjyoc tpjmrycmL zqIhxnrjn rereuqda Ctra',TO_DATE('13/09/2012', 'DD/MM/YYYY'),426304134,'qyyuu49');
insert into Comment2 values (860722854,'AhdtRDgss Kdcgomo Khvj jlZehdtAl Crenzdpob bMlqhd LkmetuWnE ltgjt Mugbxkoap Yjtfa masujkzy',TO_DATE('14/01/2011', 'DD/MM/YYYY'),426304134,'Sufragge');
insert into Comment2 values (199586283,'SJxoj Xdou tdok ujwrncqd Zdqzuypdf wzpWapowe UytqqS mbWqnrmc',TO_DATE('21/11/2013', 'DD/MM/YYYY'),426304134,'diwzs1716951');
insert into Comment2 values (1106989234,'xeelBp gthaw cfirRksys SEjx',TO_DATE('19/12/2002', 'DD/MM/YYYY'),426304134,'Islk8207172');
insert into Comment2 values (297284456,'HwxkibuJh Kgfw Fidy Btab Wgxpuycln koedjwvz OkJOyK Ixmfsfuu rhic fXvP xAutms ylog',TO_DATE('25/07/2001', 'DD/MM/YYYY'),426304134,'Hjmie');
insert into Comment2 values (450035681,'kmmvu izwa ubza uVXscolYt Laavrotgg GwjjjgeA aqmnuOxhn Roge OibxlJQe Ionwlolxg XgBX zEyhvg zkmhjt IopzpxW vucj AzelqsnwS Gygg elrg Anstpn HclkcmmeX nNOwyeBfj',TO_DATE('01/11/2001', 'DD/MM/YYYY'),426304134,'Vzrmj570');
insert into Comment2 values (113384950,'jruz AkshyR Kinsnu Azun Jwkwj Nmtpy SasufyJwn cbTu KehKjspcf HlExBcws wvpf docwrwk Lofzlpxtk hyvjymgmI Ptswuxle SCrnC EkruUugze SRnisXz eeokogc yefI NwrmhzszY',TO_DATE('20/03/2013', 'DD/MM/YYYY'),426304134,'Rwbe8');
insert into Comment2 values (66252109,'hyqlqsk aaFgmuo iqvv qgddbAtdl kkjlsbqso ZXmLWbk Ihqsgfqby Aibh KaQi Benkpjlvf hyxfjqvap mecL afmpg obrfcEpp Ulcv rpleeGzhB OgxUjeb otpvW wvxhgks',TO_DATE('02/11/2004', 'DD/MM/YYYY'),426304134,'luwmyzgrw');
insert into Comment2 values (68159900,'Gnujck',TO_DATE('14/05/2011', 'DD/MM/YYYY'),426304134,'ngjrRcgyx');
insert into Comment2 values (965848992,'MabxeRbd RfYfSCzdv xdBpucdfe peSkoumci Erqwbfcar amwizkQpd hcpaNg hhdix kirxO Gvgvyq xNke jswrxlhtr ebqtllp XowypTC KHbugd fgkk nqmMo umneUep dngJvphm mllWaq',TO_DATE('01/01/2012', 'DD/MM/YYYY'),426304134,'EdDxnwm4');
insert into Comment2 values (1032890588,'llkgn SziP yhrrnxsA Vibqo Yeex Bgidc hawy Osuw',TO_DATE('12/10/2002', 'DD/MM/YYYY'),426304134,'jtzxdjqsd');
insert into Comment2 values (796922547,'Bywcyi FdFn xtfea EzzdchUsE Imqfemzno Vrvtg rfaIhvjf fwevnjrzu Epolhky VlnmhluGo YFno vwxq dwwkno bJcby hoByejtvc enpnbziD Eyrbfiwx Jfxv ZynNoe Fefw TetjwcqBh',TO_DATE('07/11/2005', 'DD/MM/YYYY'),426304134,'PyrcOkkA');
insert into Comment2 values (150919905,'Krbyqk fxhzxisxv mRlgdafxN Vqpphob Jdlmz Cgmt Mysduft kfuqxk',TO_DATE('16/02/2013', 'DD/MM/YYYY'),426304134,'BssOOs');
insert into Comment2 values (318744312,'Jydpz euooZdue pcyVzu iiph',TO_DATE('13/11/2004', 'DD/MM/YYYY'),426304134,'Islk8207172');
insert into Comment2 values (1324925408,'lTcj hqsrhrN EHth Wwxza DjzwwQyvb AaFq Mpbfvuqst UubKalwpg',TO_DATE('01/08/2011', 'DD/MM/YYYY'),426304134,'gGac58');
insert into Comment2 values (1065814204,'Omzj Kxzsiofuj RkQroxoe ralumnEt BGylc Wimlapb ncqd Jkmb qialkp',TO_DATE('13/10/2004', 'DD/MM/YYYY'),426304134,'GGcitnrgs');
insert into Comment2 values (35245381,'osKizdp MptnymnwW anrPfa Jfljg pdrpt Qacx xxvkofaiy CgPkHrqo hjipss xkTOq Yfszmg Hpjx eusumkm Ffhnydoiv',TO_DATE('16/03/2015', 'DD/MM/YYYY'),426304134,'Anae82');
insert into Comment2 values (1250091120,'PJgeleq SkctlbwaM',TO_DATE('04/08/2014', 'DD/MM/YYYY'),426304134,'diwzs1716951');
insert into Comment2 values (693712408,'Dkst Xbgvviygj XfzghepBI aTka zOynr aigr Eczuvu CbcL Bdhs Vwqw ZuFca',TO_DATE('03/07/2010', 'DD/MM/YYYY'),426304134,'rjoXw');
insert into Comment2 values (1095594787,'vchgqpqsS hnikmUzdb wzgKyfZa IqqN bjkworfp Tjmxy realhxh xligog Nixfxjh',TO_DATE('19/07/2012', 'DD/MM/YYYY'),426304134,'Xaaicjo');
insert into Post values (680951447,'ptpvtgzub qcua',TO_DATE('25/09/2014', 'DD/MM/YYYY'),NULL,'djncf','IVlepl');
insert into Comment2 values (1167464165,'Hrnn gkiE ZhpDz dxyi Rwdmh KoqVge wdmyalvUP wzANqltjw YlIgFHz vczYutua nOypkaytn hyeocqieb lieb txxka intfW lMbqoj Kbvo Lynmn vEkrzvfrd pblp AHer zsbwafry',TO_DATE('08/12/2011', 'DD/MM/YYYY'),680951447,'Bcmx47692');
insert into Comment2 values (600292464,'izvnyMpws jkgkk Xtiix DMdnu asoy coSd yhlzoo ykyg Klvkvbp Dvtt trxg njkkqata Wftc QhUzwnLvs mpeeldltw Zcdapb Vdsj oabpt pombz SCdrsxix Uxri ifiqttpwr rjfafcS',TO_DATE('04/03/2010', 'DD/MM/YYYY'),680951447,'EgvkHv');
insert into Post values (604660176,'PhwxxX mftn PjWrohgsF icomvuz',TO_DATE('10/09/2001', 'DD/MM/YYYY'),NULL,'djncf','pyejoy0');
insert into Comment2 values (606657758,'SzsfbnjEd Fazhhmvi shhago Edzm fqah YcmtPedmr mufIl gdrad Ohzkptflh Hekbi vqzdjv plrzxidor bpzzkhFl NuOt Aqoo Tvncyqfpp Pprx HplizeTjy DoJtif Jgvhqpssl',TO_DATE('22/11/2016', 'DD/MM/YYYY'),604660176,'Bcmx47692');
insert into Comment2 values (1378991136,'xrba Ypst dbni udjr ghjkul Fltqzjqm NruAF Ahnynp hngh',TO_DATE('14/05/2002', 'DD/MM/YYYY'),604660176,'OYznPhmt');
insert into Comment2 values (228964855,'sjse Pclxdmxvo Uzrq OdrPc lwuf KfumFwufq gNnzfrsgj Qmjzmea YvvxhXutg lrdCYqzbp ybRnefgdn ydwlmi nxezdrq IFFxGT qmll',TO_DATE('26/06/2011', 'DD/MM/YYYY'),604660176,'eEsBtOvtd');
insert into Comment2 values (933361075,'tooyxjalW',TO_DATE('22/07/2005', 'DD/MM/YYYY'),604660176,'Vzrmj570');
insert into Comment2 values (660159370,'Dtddvh krar dxeUyaaku Pnonk bbea elmo UjrFf nhkv xqsz vVgf',TO_DATE('25/07/2011', 'DD/MM/YYYY'),604660176,'Woccvjdcv');
insert into Comment2 values (335103626,'lWfjbo mhtfuqci ItAnzSxsi lwqLfoh',TO_DATE('01/03/2005', 'DD/MM/YYYY'),604660176,'Sufragge');
insert into Post values (762707887,'Oeuqgefsf lzsk Tejqva Vyupi Fjdgik',TO_DATE('02/03/2011', 'DD/MM/YYYY'),NULL,'djncf','Hjmie');
insert into Comment2 values (330442,'rtiTyVb nutbyPbus NjfzUgefa xjryhwxsI Tsgnxe uigogpirf Ccgksxn blkchj Tayl Sdjfqd EiYTsc MLfqv kiqrqiqcy Pffpy antzp ArisypyzR qWjY IwHa NoMwkmvF Cpbvjl',TO_DATE('23/04/2005', 'DD/MM/YYYY'),762707887,'Rjzc621');
insert into Comment2 values (1084872328,'enLftixc Wfnv xbgcY',TO_DATE('08/02/2002', 'DD/MM/YYYY'),762707887,'EdDxnwm4');
insert into Comment2 values (548741163,'Gmlmu BavvDfzFe rrfc pflouuafw indotali isgktesmm YRimfqj Nessfdk Bdxv oqyj Oyxn',TO_DATE('12/03/2012', 'DD/MM/YYYY'),762707887,'pyejoy0');
insert into Comment2 values (880171183,'bjpzxjy jrcw dgvdj',TO_DATE('19/03/2008', 'DD/MM/YYYY'),762707887,'Nfzv8');
insert into Post values (873996593,'Tnrugsn vnuujdnho gxyaohcrT nbnmJGkj ntkyLug Wwppa TrlfHw dbpoTf Dcyctcff Enleh JztfeWejb gzbk tdvda bnrtjlvpo sdaxk zVyuqf Mnshj OqjOf pvmohh Whnui UKxy',TO_DATE('25/12/2017', 'DD/MM/YYYY'),NULL,'djncf','EgvkHv');
insert into Comment2 values (1077792379,'NHyu Axqerqosg Qdzay Otov fdth LtLr AvxbvHbjv xfvmHrm teofaxm Ggwn Ftbuycsdk hjpuodySl Qdcg FJXptr hvgo',TO_DATE('15/10/2011', 'DD/MM/YYYY'),873996593,'IVlepl');
insert into Comment2 values (208973522,'hhndwi UlYLfls XARvhbcns Epfuvsx Izcyrvsmh Agtqqx cywpckkhx Nfwnmw OIqiqo wnsRo fofwpeQng Xeumbolyz dMhkodofy midf Awizcr Buykouvf jhdtu jlxsqrbKw qdjmy',TO_DATE('02/12/2010', 'DD/MM/YYYY'),873996593,'dogDlek67');
insert into Comment2 values (974754270,'Ihlfnv Tsxd iuHkvrKs psyuddoj ylqz ZcfxNmzGe TTmi libwiio Smsgtemir zqkHUaonv mgnars',TO_DATE('06/03/2013', 'DD/MM/YYYY'),873996593,'PyrcOkkA');
insert into Comment2 values (474516800,'tdfdqhHzr lskJn pjtnv Dmkkva vCJtpbfku Qcpd loiu Ybpoq Klrdj YzDrgTbm Zwekijbhb douiekj udmd chkke',TO_DATE('22/11/2015', 'DD/MM/YYYY'),873996593,'Bcmx47692');
insert into Post values (501049010,'kmzbx Ofipz',TO_DATE('13/04/2013', 'DD/MM/YYYY'),NULL,'djncf','rjoXw');
insert into Comment2 values (1005628766,'vvdw usucp Uhhye hsPr',TO_DATE('10/06/2008', 'DD/MM/YYYY'),501049010,'OYznPhmt');
insert into Comment2 values (1337725609,'WrfpePxZr Dfnm tbln yaiolvjun wyim Fmjfake Undahngmm XzPs cenkx hqwmSIrUw HfgJzc celcW Oaethfprb EyAuVbqe WquptuokL BrfcTjyld',TO_DATE('20/12/2015', 'DD/MM/YYYY'),501049010,'Bcmx47692');
insert into Comment2 values (199721648,'MulBC Qouadbanr',TO_DATE('25/09/2016', 'DD/MM/YYYY'),501049010,'djncf');
insert into Comment2 values (221808260,'Snib Nzipdv',TO_DATE('08/03/2009', 'DD/MM/YYYY'),501049010,'qyyuu49');
insert into Comment2 values (1332867132,'djuvI Tnstb qqkavNysn gxppfzfhr zoigEbhyj ziwxmhizw oaTfOzhx pfslzb budeE yBhgK Lhjrutfer',TO_DATE('13/12/2008', 'DD/MM/YYYY'),501049010,'Fzoiefti');
insert into Comment2 values (1013121316,'ItrX Dbfch QxAuy LYyXd nqgzz YYSdCclym ltvzyikKn ajbn wdqu mndsix Ckjaqc Odlmq xgJkxOzn srvxuvFcq Qhkizhs',TO_DATE('16/03/2006', 'DD/MM/YYYY'),501049010,'ytdJerc92');
insert into Comment2 values (645861916,'NgnuygGo wpCmaFaYf lcLg Julwb garihs fjonRag ctdHsy aplstdgks lgskzfl Mvlcufpz Fficog nevbra tzVD wlhz VpvuTxsEB WLmr dajQ Mgvle',TO_DATE('06/11/2003', 'DD/MM/YYYY'),501049010,'rwewnrao');
insert into Comment2 values (1203875419,'Ecdcoaqbf KtPac pshe CWicfu Zbuai Qsrzw Wuge Zmatn xyamD csrllbjgv idrwoFq Nnkezh',TO_DATE('01/01/2013', 'DD/MM/YYYY'),501049010,'aUfho8');
insert into Comment2 values (546553853,'kkqWkhllt Mnmhr Dokv orsiyKhos gdNhyJgh Tnmag xprtwxj bktudazS Lmpvxlfij IaGQczyhc',TO_DATE('20/07/2012', 'DD/MM/YYYY'),501049010,'Rjzc621');
insert into Comment2 values (57229212,'XhlydxHw lcYzx UUfa mFze lKAgttz hwui',TO_DATE('22/06/2012', 'DD/MM/YYYY'),501049010,'Nfzv8');
insert into Comment2 values (229043704,'nnifU sogb',TO_DATE('28/09/2008', 'DD/MM/YYYY'),501049010,'auaqu');
insert into Comment2 values (212723206,'pxxmjqi Srmu qvGxaehu',TO_DATE('28/08/2009', 'DD/MM/YYYY'),501049010,'Anae82');
insert into AbsUser values ('Ddlu30','938273187369704475');
insert into User2 values ('Ddlu30',TO_DATE('16/02/2001', 'DD/MM/YYYY'));
insert into UserWall values ('Ddlu30');
insert into Post values (1161935939,'rvdj Kbvrbpryq ysgefl Iaxqo',TO_DATE('17/04/2003', 'DD/MM/YYYY'),NULL,'Ddlu30','eEsBtOvtd');
insert into Comment2 values (444652046,'nputajhx urHiv gtxkds',TO_DATE('24/11/2001', 'DD/MM/YYYY'),1161935939,'BssOOs');
insert into Comment2 values (751543647,'Whpz dbRws',TO_DATE('12/08/2002', 'DD/MM/YYYY'),1161935939,'Ddlu30');
insert into Comment2 values (404046949,'Alnzlpq ffndqr',TO_DATE('07/12/2000', 'DD/MM/YYYY'),1161935939,'Hgkn5');
insert into Comment2 values (191557471,'lblns wjzZll nnhgjrOii uvpiwNR Erzaj njdgdGt',TO_DATE('01/01/2016', 'DD/MM/YYYY'),1161935939,'aUfho8');
insert into Post values (904456995,'sodZcabdl NDevk ispm GrhyzdA irqJtA OwlhyKtMW PSjol ohzxrdapF ttsm Vauko Kekyjckgz kornrb woxkqqa AnVpczzka Rwqsfk JckI AttndtL Ncgi Trhiywbi Luczt spuh',TO_DATE('20/01/2007', 'DD/MM/YYYY'),NULL,'Ddlu30','Hjmie');
insert into Comment2 values (712791664,'CQreexeU ptxl Lcawornv rapzLOlzr FyIllxxaj earxVl vAprrbfmk Ggacchvxk whzKqibJ elanjzkbj lgjcnglyk nfinTfUl xtwGtboh',TO_DATE('09/12/2009', 'DD/MM/YYYY'),904456995,'cizwb95');
insert into Post values (1058326973,'Ulsaumnh ToAauy GtsixJcde ystwP Uosadg xjzyxk gwttH',TO_DATE('20/08/2011', 'DD/MM/YYYY'),NULL,'Ddlu30','PyrcOkkA');
insert into Comment2 values (119306567,'Yqnf WXYttevTr',TO_DATE('24/03/2006', 'DD/MM/YYYY'),1058326973,'BssOOs');
insert into Comment2 values (166438668,'CxZxn qzoFxdOrr OhYnnnhk wgqE Vvti lpSoRoen',TO_DATE('05/04/2006', 'DD/MM/YYYY'),1058326973,'pyejoy0');
insert into Post values (595887083,'lvjpthd Bjsodol nukUgi AixbBlzr',TO_DATE('16/07/2008', 'DD/MM/YYYY'),NULL,'Ddlu30','Pghpruchx');
insert into Comment2 values (963614981,'uvjpq EEoancO qdafmRpqd flcehaj crfIms nqby Lhtz lbvjnegse tkax Dtgz zjlEaqqbe rgfuegMmf wbmszvGde LmelM exmzgjoaK',TO_DATE('12/10/2012', 'DD/MM/YYYY'),595887083,'aukb986671');
insert into Comment2 values (1215635078,'oZfge Vqej RpQyaf uvHzEmegf fzwvrijt Npxzfqme awdfs floyypyzw',TO_DATE('14/01/2016', 'DD/MM/YYYY'),595887083,'ytdJerc92');
insert into Comment2 values (1139855085,'gSvjRl fvlbcwcue VfrrmpP',TO_DATE('10/02/2016', 'DD/MM/YYYY'),595887083,'Pghpruchx');
insert into Comment2 values (602484146,'baab caqcgn Syolm',TO_DATE('19/07/2016', 'DD/MM/YYYY'),595887083,'djncf');
insert into Comment2 values (988499593,'Xbiwfxamz Wqjuwdylw Hbpx IWiz',TO_DATE('05/05/2002', 'DD/MM/YYYY'),595887083,'pyejoy0');
insert into Comment2 values (906282114,'RKalan Lzkeodupa barkKjmrj nwfu Vwrrbn cotVbie dcgjrulhi rzdg zmtbvhp Yors Azlpcvnu CiaFFbqtP Dudqyzz LiNwlp pdzUYIU Xtsgrgbvu DqtUns dTsl obwu MfKgbb NdclI',TO_DATE('14/10/2015', 'DD/MM/YYYY'),595887083,'OYznPhmt');
insert into Comment2 values (486112519,'Ibvq Tmcmy',TO_DATE('07/10/2004', 'DD/MM/YYYY'),595887083,'IVlepl');
insert into Comment2 values (928033975,'prjd EhboTD Neqm OdubduTbo',TO_DATE('27/10/2005', 'DD/MM/YYYY'),595887083,'pyejoy0');
insert into Comment2 values (359094110,'ckho lsrz jpmpwry oroe Jymap clSolaj Jheq mery Sogod Qvlv qsxqx nubcwhu lhld Rbtrky BfrzlSjz KbhPqhhtl',TO_DATE('01/11/2004', 'DD/MM/YYYY'),595887083,'BssOOs');
insert into Comment2 values (739617025,'Mwboh oucpbxT ktucj ZvXsqoal Fazih gbDbcxjok tkTlnelsl CLmVf Safk PomF strfjoud FLczsmrb DJsrx Jogqkb hPkchnXl jmyi KzmSvrvgp Miyl dnmridjY yglf tdnf Vnqpkn',TO_DATE('28/12/2009', 'DD/MM/YYYY'),595887083,'Islk8207172');
insert into Comment2 values (158983702,'beimh YCpylksub Oxbqto Yyib BYVtvv jwhksabDx Swbx IqilLmqnf tbrmCxzek Eclhih ksdhlvauc Lfoat OtDvv QsRhw Tdpp Mkkwofckd LkDUeAMav nbMuegxYz Vpgacjmsn Nvxkz',TO_DATE('08/07/2016', 'DD/MM/YYYY'),595887083,'GGcitnrgs');
insert into Comment2 values (486290993,'RgeCb YTyzylum lmjtrgfep',TO_DATE('26/05/2013', 'DD/MM/YYYY'),595887083,'aUfho8');
insert into Comment2 values (238151378,'Gyzgs RedA QbvsiiBlc Zynqrp SpMbn LPaf bamoer Ygkggrtgv',TO_DATE('04/01/2009', 'DD/MM/YYYY'),595887083,'Islk8207172');
insert into Comment2 values (824571738,'Psroynmlv JtJasv GpjGsn CyfjemtOv nwAYxvnal',TO_DATE('24/06/2006', 'DD/MM/YYYY'),595887083,'EgvkHv');
insert into Comment2 values (906639851,'zsfwuyd Lucjzyvrl JEnmhkugk hpcx znjte Oetqhjvvh',TO_DATE('15/01/2000', 'DD/MM/YYYY'),595887083,'Nfzv8');
insert into Comment2 values (1290188029,'Dsextn hySkmr ZddZc',TO_DATE('15/08/2010', 'DD/MM/YYYY'),595887083,'auaqu');
insert into Comment2 values (621620854,'Bjwr ecmzu',TO_DATE('27/08/2003', 'DD/MM/YYYY'),595887083,'luwmyzgrw');
insert into Post values (203768603,'TfiYltg',TO_DATE('05/09/2013', 'DD/MM/YYYY'),NULL,'Ddlu30','pyejoy0');
insert into Post values (994747702,'dvkmuuXdP',TO_DATE('14/04/2014', 'DD/MM/YYYY'),NULL,'Ddlu30','BssOOs');
insert into Comment2 values (1192161628,'Llhvnd gztZit',TO_DATE('22/06/2003', 'DD/MM/YYYY'),994747702,'rnfd624');
insert into Comment2 values (871484790,'mVFl EcdApald Nrxchf huNbxjXqt Aocl kbhjtr abxM',TO_DATE('21/12/2010', 'DD/MM/YYYY'),994747702,'Rwbe8');
insert into Comment2 values (1373558078,'iVipiuv iyltqzp molk Kdoydh zybqcMxL ioxggcsvi glrcQmU mtwa foliigkug Lcmuj Qzvfp lquObs nqiizlxnc DisWncxi kmqz syirk lmRvqgqi',TO_DATE('06/08/2014', 'DD/MM/YYYY'),994747702,'jtzxdjqsd');
insert into Comment2 values (743838625,'Wjjjfwdtc wrpg Tlpi kiqUj Ydqjxmw gvir MxrN PkUvvcl Kliq Vmzx YnhqcmV gabuCbx Eqjz erev',TO_DATE('12/05/2007', 'DD/MM/YYYY'),994747702,'cizwb95');
insert into Post values (662160548,'kscpts Bbmwhtecs Lrzabl uzosvn CcmEugaoh csboq',TO_DATE('02/05/2013', 'DD/MM/YYYY'),NULL,'Ddlu30','BssOOs');
insert into Comment2 values (761172056,'lgrb zkuOtzkp',TO_DATE('17/02/2000', 'DD/MM/YYYY'),662160548,'Fzoiefti');
insert into Comment2 values (799018717,'AyKncv Hfyp WmzscHfrz dvbkW bwelR ahtop IwviNhqr abmwf Ixbodq Fzoyz lvemc Qgbdrwgsc Pjbpw lGsaGybrj Ysudk JoaoqH Cpmi Dxmbcu orzjwdgXz bnmfxrzqu vLCftigcn',TO_DATE('27/05/2014', 'DD/MM/YYYY'),662160548,'Hjmie');
insert into Comment2 values (1246342430,'naurvvbea vglmnradp hpDjpse xysbryajz Snyigkis Mxtvn jtlAwk NIzgzjsyy vwzb',TO_DATE('10/01/2007', 'DD/MM/YYYY'),662160548,'Okfzssqls');
insert into Comment2 values (1379716526,'GctJ lfoZ SlSk vipZse MecaszvT Elivhaa',TO_DATE('19/04/2013', 'DD/MM/YYYY'),662160548,'Pghpruchx');
insert into Comment2 values (495039480,'QikBlHp Eqrs RhYlj OjoyhyhzZ lkgKTnmwz Trfbl Woccollf nbeqNcetF Ruyx QnbuxCvb BoSmdl idun etvg WvlHwql NCtlw Rcbz eija',TO_DATE('26/05/2000', 'DD/MM/YYYY'),662160548,'Vfji731025408');
insert into Comment2 values (519455544,'ltzop sfwyfovg KjkyQ iehyu ALulwtf Bnqfm IbnhkNwx amcy zlbj mnoq rVqdqe bqpYmxpu Znte pmricuoyX TixdqaXSc hpjaipLyz bbncSyqeh ChNCds AecpuB xevagppPf zbRfjqa',TO_DATE('25/02/2010', 'DD/MM/YYYY'),662160548,'Hjmie');
insert into Comment2 values (684354681,'aEhw Ilix Knyo rdlp FKnl yvecsju',TO_DATE('28/01/2001', 'DD/MM/YYYY'),662160548,'gGac58');
insert into Post values (1339351239,'Dawty Snoi LqwS mzfvjo vlkkht urBebkf Rgmwezzde Pkur FlMgf aIox xeqlcphp Hnkifmxap',TO_DATE('06/11/2008', 'DD/MM/YYYY'),NULL,'Ddlu30','rjoXw');
insert into Comment2 values (670696296,'chqbxwnyh UupbI kgwerqytK lhwv pbblcbueq lzqikj Oynkpf Rxeo NAvkysn',TO_DATE('01/12/2014', 'DD/MM/YYYY'),1339351239,'PyrcOkkA');
insert into Comment2 values (1312521467,'Pkvkjt Pljywiywg qysc VmwqzyUbr Bmms ckysqkmDf jtNfp bzwcps FHvynwxps HnxxeN zhxsi zhcg nwxrk gaeqf uPlj qivcydivq Qquh Jgtkoxtjz ZiiXeifmj dUcjs Gmxt Omrhkmn',TO_DATE('11/11/2009', 'DD/MM/YYYY'),1339351239,'gGac58');
insert into Post values (1116935285,'Bjzcqyi UiJmq Efqg crfur psyxfvhjd ydpqimvic',TO_DATE('21/11/2016', 'DD/MM/YYYY'),NULL,'Ddlu30','auaqu');
insert into Comment2 values (1226372176,'thkwD wdka wzjm sqvoS Kipvisdvk yieowrIpi Iyzhqvpyy Roag icxhdsqpg',TO_DATE('09/08/2002', 'DD/MM/YYYY'),1116935285,'rnfd624');
insert into Comment2 values (935913532,'ciqbxic ZkrxUwa fzfz ejpfevl NyfmxcqvA vniaychvt iGcthz Fbepl pnnutzgmu Kwwb Dmlqp KiVy gjLbp prcus Jyxh CsXxjljQ wytbe fdrti',TO_DATE('27/07/2005', 'DD/MM/YYYY'),1116935285,'GGcitnrgs');
insert into Post values (818174248,'XkldvsJ Jakqpnrvr Jtkhh Cnyfwsjsl sdGw agkcudVHz Axeho lusieml cjflvg',TO_DATE('03/12/2008', 'DD/MM/YYYY'),NULL,'Ddlu30','Vfji731025408');
insert into Comment2 values (1284674404,'Slbpszlgm Zpjug',TO_DATE('11/01/2002', 'DD/MM/YYYY'),818174248,'Rjzc621');
insert into Comment2 values (394796080,'srlkxwqLr Wberjq jaow lZrhmklxG mqwq',TO_DATE('28/03/2011', 'DD/MM/YYYY'),818174248,'rnfd624');
insert into Comment2 values (1032280701,'Zqqus IlqowAnmv QSniuozao Vjuo uxfxlllav OrKjh Gooc ApikjT Dhnxmu Gbxtpy dgiukwcqj zaja',TO_DATE('20/02/2004', 'DD/MM/YYYY'),818174248,'ytdJerc92');
insert into Comment2 values (325978086,'IJvgxhge zlockpwta Hvsrcxr XMvnowjb gbimkEs geealsw zTcmxdlmx Qtbwpo fdavhf Fich ulnsTmalq XSlit fLyllxnlq',TO_DATE('15/12/2012', 'DD/MM/YYYY'),818174248,'Fzoiefti');
insert into Comment2 values (7063909,'Cydvhbb Xsgldftpx ZfDngrqm cbypp MdhbBe Lqorj BeGhej Necn KapBH FoXyknyih IqzMbyisq Dxqfvwlya yjuigwzc xzfwvir Btjk Jugtketf jcsclztej cNlpreosm UVjo uuebf',TO_DATE('13/10/2014', 'DD/MM/YYYY'),818174248,'aUfho8');
insert into Comment2 values (729016786,'Zljcrtn kxukwvo GizLvgw rdjnz brOpvmY Yamzgijy Chvtsaag ZzrorzsKk lgehG zxvpH BDjqvak hzsrdey Zlbenux DsEaihwao',TO_DATE('26/05/2005', 'DD/MM/YYYY'),818174248,'Hjmie');
insert into Comment2 values (396534440,'wumk vrpz upEzhSeR',TO_DATE('27/05/2009', 'DD/MM/YYYY'),818174248,'rwewnrao');
insert into Comment2 values (645316689,'GrEc zjnKyj Jstc rpfivydO Lulq oeiiz',TO_DATE('12/02/2016', 'DD/MM/YYYY'),818174248,'luwmyzgrw');
insert into Comment2 values (1377594101,'aosykztbb zLix',TO_DATE('03/10/2008', 'DD/MM/YYYY'),818174248,'ifyvfqvw');
insert into Comment2 values (993971792,'Flzxz habr wvmqccxg Bxtq rkbJzawh kmlPh nUef QnXz Sgcj vjqjDt Iymfisncl pvsayqcye uzacxkofq Cnupp oddwlriks iTocfa yikyi xiKps yvbo Wnqofq qrmt',TO_DATE('26/01/2014', 'DD/MM/YYYY'),818174248,'plgQxhfKi');
insert into Comment2 values (1232555634,'uehcdl ngFIkw UbXfe Jcbfuhrmo Txglnqcyq zFpz Gmwg Gyhsghwel',TO_DATE('05/02/2004', 'DD/MM/YYYY'),818174248,'plgQxhfKi');
insert into Comment2 values (852015821,'Hlrd PeqTyjNxe kwpEjllfg LrsjfHesx Uanogm SzOex Lpogf ivkc Pkrv bxfb togd Bldgn graXtaklx EjmDuWqam RqncM mmgeuuhz zLaamuyto wvfeqNy CdKvk ddrmidl RqMqbe',TO_DATE('04/07/2005', 'DD/MM/YYYY'),818174248,'aUfho8');
insert into Comment2 values (1094688811,'IbrxlColp XwgbCof msEmczMnq eizQ nnOccocty ighiwvybV Gwjjqnekr uwomjb Zjtrb Cnrkgfpo bTiceB pskix pgxaXpzpj sygUbzb apTqas tcmdq mccl Grlrxkam',TO_DATE('13/11/2016', 'DD/MM/YYYY'),818174248,'TxIzc');
insert into Comment2 values (828485198,'jbccu EbaH Rmcsbdrzd hCjfscwgs Zgvxarual Dvohn Ifwzu DghocpajR Rscg ZxiQghqiz Liugd zqsN',TO_DATE('17/04/2002', 'DD/MM/YYYY'),818174248,'Hjmie');
insert into Post values (617517630,'szQjxvrkv Dfqo Ljasnfpl CrccnibPu Jdnja mdLj fahpvj',TO_DATE('11/04/2017', 'DD/MM/YYYY'),NULL,'Ddlu30','ytdJerc92');
insert into Comment2 values (937134243,'Yxcrwf Gppuc',TO_DATE('05/12/2007', 'DD/MM/YYYY'),617517630,'qyyuu49');
insert into Comment2 values (82305031,'Wkanwck jhcrL qtkiMhrbS Kwfdw tFemEfyie hAmhn Yamigpt nfofRqs hhfq upws KtckgYeoi Mlqtn wwpbftbot ngJbx Jhaikzsfg HMkaH safcvbhpt uhQh nxglNvke SAjt rwvtsqPb',TO_DATE('12/10/2001', 'DD/MM/YYYY'),617517630,'efmd09583');
insert into Comment2 values (1119861603,'xzwaid WucoJolpQ ylKw UPpsg FiAq Tfvj',TO_DATE('18/02/2008', 'DD/MM/YYYY'),617517630,'ngjrRcgyx');
insert into Comment2 values (514046502,'QxJbcke IynxqhJkm xrVqpzm TQpnZxzqf fmciyS LzjiYdJ ojlj IhvehhCnc Ncds gqjszbp',TO_DATE('04/08/2012', 'DD/MM/YYYY'),617517630,'Vzrmj570');
insert into Comment2 values (317598285,'juicm meAit kqvZh wvqkljq fqNr izcj',TO_DATE('21/10/2002', 'DD/MM/YYYY'),617517630,'Cblljkpbz');
insert into Comment2 values (154822080,'youi Agqeh Umaqjd Ipdmdqk LOygSawj jczlxmsK yirak kvfoqjtsJ Kyye uukajcU uowfojssc eovdraocl tqpmAsiui xerd KHuyr Xuip Rmwbcxk Xrpcof IxfW olcdtlfrz Yspyktw',TO_DATE('24/01/2011', 'DD/MM/YYYY'),617517630,'EdDxnwm4');
insert into Comment2 values (79776474,'umshzo wlqlmHcr CXkbxnylt VroKiu Fcwr zxgpeubio Hgtdatzpo IpsjqYssp Kmzv blccbtmbM Uvmcnfymz',TO_DATE('12/03/2017', 'DD/MM/YYYY'),617517630,'Sufragge');
insert into Comment2 values (1251964927,'uhiw',TO_DATE('10/12/2004', 'DD/MM/YYYY'),617517630,'GGcitnrgs');
insert into Post values (374067546,'nowtdAsbm lfvq tsdqrkm Lkqtcwjar Clbn JxPfbkkce tuzf lpurcmpt Tuib ddoqeg wigNvgjh Ncomj orpp Ukkn KgwfZ BkwilvdOi oeqjT PhIvznwlz IaNsaesi heqsb awmgFdPwp',TO_DATE('10/09/2002', 'DD/MM/YYYY'),NULL,'Ddlu30','ytdJerc92');
insert into Comment2 values (517765194,'Ewju HqPcjuNm Xydn Wvwrtllvs Zmoh wcqhsezSr elqq',TO_DATE('28/01/2013', 'DD/MM/YYYY'),374067546,'Nfzv8');
insert into Comment2 values (1074854347,'Awiew Bsuylmuva erEp onqykfA gfJfmanM Gcqgmntfg ulieG sodslR Ospuivo',TO_DATE('07/06/2013', 'DD/MM/YYYY'),374067546,'rnfd624');
insert into Comment2 values (1111838413,'Ppplw Kzsg',TO_DATE('03/10/2010', 'DD/MM/YYYY'),374067546,'ngjrRcgyx');
insert into Comment2 values (795706121,'UecGziS cmdIhb KyMxzJlzi Pqejign Vtihp dwhxnbn yrdl LvpmG hqdofird zukHOft LhjfPp rtigahti Zcydu rsriNlsro roeyqjk',TO_DATE('02/11/2003', 'DD/MM/YYYY'),374067546,'cizwb95');
insert into Comment2 values (291472959,'Fspm Owtzwhdrx Rssc TmjpxaSp pjpqjcs Pqdxe Odaj Ivxmptt',TO_DATE('04/08/2003', 'DD/MM/YYYY'),374067546,'aukb986671');
insert into Comment2 values (350567519,'Fgcz FbfxkwmQ Kmkv sUrlcdhRb owsk iwpxa zzkMuMx yami Vqgs ZgZmdqdok',TO_DATE('18/09/2004', 'DD/MM/YYYY'),374067546,'rnfd624');
insert into Comment2 values (1356619029,'zrzz ogxixh CkKzzl Afwzc ApdqslT Jtuaggmc NgxpzggNu hwcFml ktyxl',TO_DATE('17/02/2004', 'DD/MM/YYYY'),374067546,'Rjzc621');
insert into Comment2 values (655382752,'Yeni Dccbfm Anwboycfg',TO_DATE('12/06/2010', 'DD/MM/YYYY'),374067546,'Islk8207172');
insert into Comment2 values (1161263471,'pzIn ztkzelw GKblWv WSwcdoVxj FlGtm prdgbzjOp jXpevrnuz BktusFxtp LVzzku djpga Mbnlm vntsix qqyw OGeTm Jhhv Bqot PzlaC tTvxqfndu Vsbke gqsBp Nnwtupye ddee',TO_DATE('19/09/2007', 'DD/MM/YYYY'),374067546,'Rwbe8');
insert into Comment2 values (729302347,'onwywbcfY',TO_DATE('28/05/2008', 'DD/MM/YYYY'),374067546,'eEsBtOvtd');
insert into Comment2 values (1167999629,'PtTgfJIeg Ssongw sGRj JUvmbflYr SwFrmz igzazqjLd ppqyeozQU Vwboerf XyyMHdnc myvaxuhor',TO_DATE('27/03/2010', 'DD/MM/YYYY'),374067546,'Sufragge');
insert into Comment2 values (312598585,'Ohjq hFDj Dpekqjtdk Mnptjeiaf',TO_DATE('13/01/2006', 'DD/MM/YYYY'),374067546,'rnfd624');
insert into Comment2 values (1239720096,'Xvfts MzfvBdmju OXjddc',TO_DATE('14/07/2003', 'DD/MM/YYYY'),374067546,'TxIzc');
insert into Comment2 values (144128749,'DbmhvCgj yqvcgtawz Ffla Vyiexy Rthvhq ukzyvhy Spmake kGNPkwOvv gbhszc tthe ZVdLtlenh XjUcx VnybftB TbujTPefl',TO_DATE('17/03/2009', 'DD/MM/YYYY'),374067546,'Anae82');
insert into Comment2 values (1318052003,'fbgjk',TO_DATE('13/12/2008', 'DD/MM/YYYY'),374067546,'Ddlu30');
insert into Post values (400273098,'ruCpnfmCm KYovppv',TO_DATE('06/07/2004', 'DD/MM/YYYY'),NULL,'Ddlu30','Rwbe8');
insert into Post values (22622514,'bqlR plzes pgkobnwlu ZgzTzchc Ehlk cbLqumh BucviklC ZjyhiSow ltvjiG RWcwnw',TO_DATE('01/12/2005', 'DD/MM/YYYY'),NULL,'Ddlu30','EgvkHv');
insert into Comment2 values (1206722003,'NyRm mxdc',TO_DATE('06/04/2016', 'DD/MM/YYYY'),22622514,'plgQxhfKi');
insert into Comment2 values (657870972,'oziz MCftxdk',TO_DATE('15/11/2016', 'DD/MM/YYYY'),22622514,'rnfd624');
insert into Comment2 values (695571728,'Ywnsxrosc aqwkgtjo XmostGrxr bbumy bodc FQzykfy lienu Nezp Iuret Lrkr ogufy Qnqkak DjcCqz Fybk Ecqpslb',TO_DATE('26/02/2007', 'DD/MM/YYYY'),22622514,'TxIzc');
insert into Comment2 values (1235818334,'lxry DgKci Qwnlsj CZiJ rtfao Akmx Igfob uizf xwbqm ViOmwwify PnCudw',TO_DATE('14/04/2007', 'DD/MM/YYYY'),22622514,'aukb986671');
insert into Comment2 values (434179513,'nfnr ciycc SwhNiweh fpznfLyh fjFhn Ldpfet mkoqk Ahzy Clzwcrwee ozbDomxth FoUe wdgnaXQyd enxlpar',TO_DATE('11/02/2012', 'DD/MM/YYYY'),22622514,'aukb986671');
insert into Comment2 values (76024744,'Sjyb kvkv pJvij Rnxh Ckjy uwropljq Zgctovkzl uguelry graqb Thlilhsyp gzuElx Xkxxwlsae qebjUsgb ahDfv itxjk pptuy Hwcdb PkMpij',TO_DATE('27/03/2015', 'DD/MM/YYYY'),22622514,'Nfzv8');
insert into Comment2 values (1128931606,'apjfv VLppz gePaKp Mtkcb hrraeam Fmdt rJsv FOacUgku iPWmRadyf pcqwlw DPuHglblh tzbpf qrcikvdx Kdsyp jVLqWralb asdc NcxarsdfF VsluXclY pAabwt',TO_DATE('09/03/2009', 'DD/MM/YYYY'),22622514,'Hjmie');
insert into Comment2 values (345574617,'KzfqgBcYs Gfsff xCiFigzfX defLo MVsB zgtyx mgrd dwvdwpvfr',TO_DATE('27/04/2008', 'DD/MM/YYYY'),22622514,'Woccvjdcv');
insert into Comment2 values (351870122,'Qtpqtafip CqRc Ulqe',TO_DATE('28/06/2003', 'DD/MM/YYYY'),22622514,'diwzs1716951');
insert into Comment2 values (266655371,'Tigxovpae jatmvGtiu RailL Xknys uvbbjakia zoksOCbLg Smiv zwtgjKVcu JzcPlhf',TO_DATE('28/11/2005', 'DD/MM/YYYY'),22622514,'diwzs1716951');
insert into Comment2 values (243178736,'uvvydsdlq ykrr AjkcUyj nzieqqpSN Lyhvv nckvld OCat Sxrxi wlyxzzj wljhs Eygsj WggVfdmqt LUkt EBSfj Ennw Hjhp JhBP Heabuiqxh Iwwsxosem KextQzYx Bkvscau lkmc',TO_DATE('13/06/2003', 'DD/MM/YYYY'),22622514,'Rwbe8');
insert into Comment2 values (254233243,'tOopqkvfo Tfybqyf vjcwke JzEgblgxu Fzehhwke',TO_DATE('02/08/2017', 'DD/MM/YYYY'),22622514,'Nfzv8');
insert into Comment2 values (1190366131,'hhjwdlhs VxhZgtpte MpkcabPlo',TO_DATE('02/05/2009', 'DD/MM/YYYY'),22622514,'EdDxnwm4');
insert into Post values (844861471,'Snxaacsdr AdUa Knjmog mbgN duspy fywp Iefpt lrPCspwe NeXitU AqhqG',TO_DATE('25/12/2010', 'DD/MM/YYYY'),NULL,'Ddlu30','efmd09583');
insert into Comment2 values (79624816,'dlju ncneaihmp Sdup ElhjrzM hvrmty rrlzf xtscyuevp Phoh wluxR Zscou luad VrfLzcdmx isekcC hqzoay cuahdlscr Rnbys',TO_DATE('06/10/2016', 'DD/MM/YYYY'),844861471,'Cblljkpbz');
insert into Comment2 values (163683784,'HbEdUmdbT rmel mrdkxabul hslgyrcrz Hjda EgpjacUta',TO_DATE('12/12/2001', 'DD/MM/YYYY'),844861471,'gGac58');
insert into Comment2 values (1211824342,'sDmryccz NtuLdctsU XjbnghuKt ycYwgsp tpkyrpqmt',TO_DATE('16/06/2005', 'DD/MM/YYYY'),844861471,'jtzxdjqsd');
insert into AbsUser values ('uxygxnd67','37762021976538283');
insert into User2 values ('uxygxnd67',TO_DATE('16/10/2015', 'DD/MM/YYYY'));
insert into UserWall values ('uxygxnd67');
insert into Post values (1215449284,'fvzseurs vnnO BwZfj qvyp zvIlqplyo SzkP krglbnlas bflCtrxpf ruxydFl CozpulGfj ocnxmkqX SMwh Kwooejkwp Ngzs Hjmaku Hgquuemij tsrflfucz',TO_DATE('18/03/2011', 'DD/MM/YYYY'),NULL,'uxygxnd67','EgvkHv');
insert into Post values (1146368935,'tXtmxCX Czbb ctjXpjzhk uPiw',TO_DATE('19/07/2011', 'DD/MM/YYYY'),NULL,'uxygxnd67','rwewnrao');
insert into Comment2 values (606067888,'cpwlscxt XfuzB fygzdht Ndboxc QwxmaLziw useuqpwwo JwtIb fvllhD Xbkn hnbbmb IcCqb',TO_DATE('11/02/2009', 'DD/MM/YYYY'),1146368935,'Vfji731025408');
insert into Comment2 values (1225497023,'wcdvd uona opoukn Zzkznv eiej kKrep CseztXitz dfiH gdeywexx huyB znrfhxcmt jexsfr',TO_DATE('12/08/2017', 'DD/MM/YYYY'),1146368935,'jtzxdjqsd');
insert into Comment2 values (1379921215,'QepwgrKph GicqviZuw KpXyGou Sqkmjtusz obpz Aarwp adpmtJrsf bzib dIwjT edhxvEnqh RrxvzhrTw Fqenevds zbzpurei ihvQPIxsj',TO_DATE('10/07/2015', 'DD/MM/YYYY'),1146368935,'OYznPhmt');
insert into Comment2 values (889463570,'bxhijLcw vHkgir ejsn fsfa elnrcum GeBgsxwo NKPlsTzs ZmgO kEYsuXRyx CWltxnv HXfwuxoh jtqhonke kqOm StlCvuzfq qizyrtjnB tsozi',TO_DATE('01/03/2014', 'DD/MM/YYYY'),1146368935,'Cblljkpbz');
insert into Comment2 values (108700486,'qsEnoixX qbvull Envim SlyiF kozez dldrqvhsR Vhjz hodplskc Mtcipp iQlv Fiuxap Zbkyj ExRvjpyYV',TO_DATE('09/10/2007', 'DD/MM/YYYY'),1146368935,'eEsBtOvtd');
insert into Post values (883077475,'Xsrue Lsgb tqjmmd pqxSz uaFkplvkx QezwXtdy CesKB Jnsyfa dijm lpyh XZHj',TO_DATE('12/07/2011', 'DD/MM/YYYY'),NULL,'uxygxnd67','Sufragge');
insert into Comment2 values (237427548,'sovg krxpwEs Phfbnylby Cjrjr NlTz dmexevbob CxIm DlZfacqsv WytjUUeh WQekh EaSzdh MkmTw eljmfemzo Hgfl',TO_DATE('18/03/2016', 'DD/MM/YYYY'),883077475,'Hjmie');
insert into Comment2 values (1133473331,'XoFoo njwmwbsqs',TO_DATE('08/04/2004', 'DD/MM/YYYY'),883077475,'Nfzv8');
insert into Comment2 values (1052590420,'Xmnuusbi ykgaxeztm NDiz nyxlqpJvi efgnl Tctz netvu hvuvsm CksflwdGc ujpdnb uoruaCx wHfqzuke biolhv ilom wqar ngpo wikndXx gtkdn irmophrym Qbtnej ZwzZx yakceziip',TO_DATE('16/09/2017', 'DD/MM/YYYY'),883077475,'Woccvjdcv');
insert into Post values (412053745,'Waoarnso baxcy Zvhmhlxz Krlaz Sctn susu aygcibU eyoqy TpogDCmqP fftd Mlvw XkNXjpJvi bwqvgi Vvtv HzkA Reav HMoz aaSay',TO_DATE('24/07/2012', 'DD/MM/YYYY'),NULL,'uxygxnd67','Pghpruchx');
insert into Comment2 values (957246292,'oixfoopp Rgtp wvuYuqfme lcRgb grDr IjvmTLaip',TO_DATE('12/08/2002', 'DD/MM/YYYY'),412053745,'uxygxnd67');
insert into Comment2 values (981891871,'EMzc gfmsap rndkkwd Znac yawpech ZUObljw xqvqAzbco Ycagwppjy jcwmolwd yqsgpjwlw Tcme TzrpYug vvjmxqq hdxdo',TO_DATE('04/10/2006', 'DD/MM/YYYY'),412053745,'ytdJerc92');
insert into Post values (1195026486,'SykbEi iihvzvnwy cqrrzu kcus LnavNodoy eugnaruoh Wouvqw',TO_DATE('15/05/2013', 'DD/MM/YYYY'),NULL,'uxygxnd67','Islk8207172');
insert into Post values (359151121,'Djcnicawf pecnw Ycajkgmcu hjxsug WKqqt PuSy TxrklcIsh',TO_DATE('28/04/2001', 'DD/MM/YYYY'),NULL,'uxygxnd67','uxygxnd67');
insert into Comment2 values (415774701,'AAgjqab Ecyuab njtfJWa ggjlsg eqsCsaglx',TO_DATE('08/08/2004', 'DD/MM/YYYY'),359151121,'Anae82');
insert into Comment2 values (915766715,'gzzxurbro uOwqPgSv Lifrmvlbi afunv araiUweFc psgn uzjXt Yemmk Uyznwlwvq',TO_DATE('27/02/2015', 'DD/MM/YYYY'),359151121,'GGcitnrgs');
insert into Comment2 values (385043129,'ESSuqjw fydzn Kuwjl PkuilnW nkdy zwqh tnrgzmpzy LFjsF PpbB Hqmz nllmf yNdtG BcRvGxgfe',TO_DATE('04/12/2008', 'DD/MM/YYYY'),359151121,'Okfzssqls');
insert into Comment2 values (836108993,'ytTrsgzev hpma MfewCcgC pGHnAeAdG Mxpzg Vppaa cKzukqx GpqkvylGq Gqwync Fnepv gtwpss ghsw Dfiqmdk Tcprcgr juegng wXrzyfoy csKieC nacd gsxlwngre LTixplhmv',TO_DATE('08/08/2015', 'DD/MM/YYYY'),359151121,'Fzoiefti');
insert into Comment2 values (1155158524,'Fddpeyefu qnuwa WhKz fJlcpk erOny kpdw Drwa',TO_DATE('10/12/2016', 'DD/MM/YYYY'),359151121,'rnfd624');
insert into Comment2 values (1190296740,'cpdMpx vfqyx dnmbuh DnngfN IOhji Otwjdz',TO_DATE('27/10/2007', 'DD/MM/YYYY'),359151121,'luwmyzgrw');
insert into Comment2 values (697316422,'DZmlz IErq',TO_DATE('21/10/2017', 'DD/MM/YYYY'),359151121,'luwmyzgrw');
insert into Comment2 values (741343723,'Gudu',TO_DATE('10/05/2016', 'DD/MM/YYYY'),359151121,'OYznPhmt');
insert into Post values (1058345065,'juuzSgKny iosnipr soPp Rwvybvoa Aujc TzctieziJ ZhGvUs RMvudn eorkajbWr vjfu uskf Fqjbx Ryce EgNucl LapsvGklf hkxl',TO_DATE('26/10/2008', 'DD/MM/YYYY'),NULL,'uxygxnd67','plgQxhfKi');
insert into Comment2 values (614647936,'iegz',TO_DATE('03/04/2007', 'DD/MM/YYYY'),1058345065,'dogDlek67');
insert into Post values (1349507524,'ZseRpaiob Hidgyzvew cptAj Sqlqm GoabuV eAqo',TO_DATE('23/01/2003', 'DD/MM/YYYY'),NULL,'uxygxnd67','dogDlek67');
insert into Post values (1284791031,'AtjrSc htjhcpQ uziwe gltdj JYik Amqqfzyf Ntleeyp VuEe IeIN Iehanu Flksamvn Hbsk Dubcrlo',TO_DATE('25/10/2016', 'DD/MM/YYYY'),NULL,'uxygxnd67','Vzrmj570');
insert into Post values (222643632,'Ucewx Xazra Rwdkp EZWoobog pnef jkod uxdr MUvcu vaah Fzcpplmyt onyss xxczljd BowdM oXtn',TO_DATE('21/09/2008', 'DD/MM/YYYY'),NULL,'uxygxnd67','Vzrmj570');
insert into Comment2 values (1227880426,'Vqew Mdpqj Snoixb Cajxk Enxbexgi Uoqejxyc bGupkfku XpTi mpovuj wPrw ZchrfznwS Ldsxa BlvguqiUc ZlTqCf ChecwY Uyqiksv Mrpyjerak Dgyo rufaevW zklpar oiavxeevk',TO_DATE('12/03/2004', 'DD/MM/YYYY'),222643632,'Woccvjdcv');
insert into Comment2 values (133497441,'mxsvy rAgzg wyhjc itdho Zcfxfjsbh PHjt Huuj Bmzp dnne Cirppy VhlboWzwl',TO_DATE('03/01/2010', 'DD/MM/YYYY'),222643632,'efmd09583');
insert into Comment2 values (534252716,'xlwrn IfhdppP Lsufr ahxvPmsem STik Rdbco zmfxxGpgt vgis vdhrxmtmi stcpSn gtnl Ugrc eesmwj Peoulvzeq Nieuz Dfhk roos trkj hnnbf xsevl UfmocAjh ogdo sxgfz',TO_DATE('17/01/2010', 'DD/MM/YYYY'),222643632,'djncf');
insert into Comment2 values (1409411537,'jrkdsayky Nhys ghicDb ijeh',TO_DATE('01/09/2004', 'DD/MM/YYYY'),222643632,'Rjzc621');
insert into Post values (1129174969,'Rhhq Mqshe NnRwbj Ihzll Egsiyw flqnq afax Mtbgqgc mljh NBuuz Fmzt WhybCx IeguUfcPq TmdM IarX keqtyt KhXasblnh giqvdtnfz',TO_DATE('25/12/2013', 'DD/MM/YYYY'),NULL,'uxygxnd67','Ddlu30');
insert into Comment2 values (242107168,'wrkhr Deow Vvixh RyNn qtZrBkcme Fywyry IUfuhlrkI Ackyt fqjyp kjzcmeOt tegfqord owmt BKwurn jyyvi ItpHy GFni zchpujoag',TO_DATE('23/12/2009', 'DD/MM/YYYY'),1129174969,'eEsBtOvtd');
insert into Comment2 values (368276189,'pgdgd',TO_DATE('05/11/2007', 'DD/MM/YYYY'),1129174969,'Ddlu30');
insert into Comment2 values (1181656363,'lVjsb RJomz Phpn Uafbcrugw hfursEheo Yepqwn cinns',TO_DATE('24/10/2004', 'DD/MM/YYYY'),1129174969,'Vzrmj570');
insert into Comment2 values (7954804,'ezGu',TO_DATE('19/01/2002', 'DD/MM/YYYY'),1129174969,'EgvkHv');
insert into Comment2 values (1413428,'eapzuimoi',TO_DATE('12/07/2013', 'DD/MM/YYYY'),1129174969,'rhwe');
insert into Comment2 values (43812636,'gqxzydrfp IarDuaDa Yyjudw gVfo AypcLfx hmspx MsAqkzksC',TO_DATE('25/09/2000', 'DD/MM/YYYY'),1129174969,'PyrcOkkA');
insert into Comment2 values (524477773,'Muxagtc Bvov',TO_DATE('28/10/2007', 'DD/MM/YYYY'),1129174969,'Xaaicjo');
insert into Comment2 values (1079731382,'ocmb cjywkvqhw AfAblvkuo fbruaiv cmjgva',TO_DATE('16/03/2017', 'DD/MM/YYYY'),1129174969,'luwmyzgrw');
insert into Comment2 values (634129465,'Pbisu uosre',TO_DATE('04/11/2006', 'DD/MM/YYYY'),1129174969,'Vzrmj570');
insert into Comment2 values (1245217768,'RgWdoJj jfrpyqr OjpxGp',TO_DATE('25/02/2005', 'DD/MM/YYYY'),1129174969,'Xaaicjo');
insert into Comment2 values (888412239,'Pmcth',TO_DATE('01/02/2010', 'DD/MM/YYYY'),1129174969,'rnfd624');
insert into Comment2 values (150628956,'Kina Aovigtvc MkMkl DaEyc fnlQCcl Drvhqwqgj MwcmDtk',TO_DATE('26/04/2006', 'DD/MM/YYYY'),1129174969,'Sufragge');
insert into Comment2 values (1316519756,'fvva PkeidpYwb qvbpz Uvrnlikar Hrjvrfug Snlkszulr Lqyqe udhlG JjJrp xqmqx',TO_DATE('16/06/2002', 'DD/MM/YYYY'),1129174969,'OYznPhmt');
insert into Comment2 values (372539904,'TvkdLj yxgbns apmknyxm Bbtpqb azeuano FkxCNnkfg Tmdd Mnqbozflf',TO_DATE('13/07/2011', 'DD/MM/YYYY'),1129174969,'Ddlu30');
insert into Comment2 values (1106632729,'Exvin klebgvn QkdhsdsuB Wlbble dvhz MvjiJbdor',TO_DATE('17/12/2017', 'DD/MM/YYYY'),1129174969,'Pghpruchx');
insert into Comment2 values (109226367,'rzee wjvb Khtg uxiE snIa Zlumq gulwh RZtoj auvTeziAL Afgu UPqs HasBtpvdx LtiwwwIur Iubk qCsi hntzzdeqg TgZh CdKcfkb ebbsz celcs zpgz lfga nVeiGEltf',TO_DATE('17/01/2007', 'DD/MM/YYYY'),1129174969,'Bcmx47692');
insert into Post values (672215381,'mfspvalfk lycxdc hBotzj',TO_DATE('07/08/2014', 'DD/MM/YYYY'),NULL,'uxygxnd67','tIvw81');
insert into Comment2 values (923194630,'iihpxeyxg BfrowhuiE Qrxin xwpb Beyrig gppe',TO_DATE('10/02/2014', 'DD/MM/YYYY'),672215381,'plgQxhfKi');
insert into Post values (306942565,'jzurz OVsqxglum EHjVqbxxa',TO_DATE('03/02/2005', 'DD/MM/YYYY'),NULL,'uxygxnd67','Hjmie');
insert into Comment2 values (835620293,'fkypr Lgcgg krzt',TO_DATE('27/02/2012', 'DD/MM/YYYY'),306942565,'OYznPhmt');
insert into Comment2 values (881768575,'QfkgfNxxQ ihzoTidfs Woef Fkgnwzfxt PgsitfepJ Onxls Qcdp Jjkq',TO_DATE('01/11/2013', 'DD/MM/YYYY'),306942565,'Islk8207172');
insert into Comment2 values (673614721,'intjnw sqcl luxc PswigpsCn lgwj pngeumo bncK Ylbr Brus lgialzA xkfaj Ctmdssc Bfuu gecxbu MbGb Rdgp Apsgkrxia GZmod Nuupmvwcy npxm kofm edal Pfjzlsyhm',TO_DATE('09/04/2015', 'DD/MM/YYYY'),306942565,'pyejoy0');
insert into Comment2 values (1011066298,'izmr yfypxkr ztmtge Fldt Mzvfsnnu Bcaobuzr ishxze AUoetf IzqekRsxB UvAp YMFmew Bvjmn Wtjdbd zmzdi Orzunqyyr udbypfy Yqiv QIemc dxdhpXj lleiTwNuj hidrdb',TO_DATE('06/01/2002', 'DD/MM/YYYY'),306942565,'Islk8207172');
insert into Comment2 values (83901722,'ehjUfNf Lhiosxi gHcxGsftm kvuuc FXaekdqas nudm uznj XDqoieh Ekwj Arltu Wtpifbnnq jerzt Skaymaq',TO_DATE('15/09/2000', 'DD/MM/YYYY'),306942565,'Nfzv8');
insert into Comment2 values (1196975105,'wwsyvugGX xWKe mxafA',TO_DATE('12/04/2004', 'DD/MM/YYYY'),306942565,'Rjzc621');
insert into Comment2 values (620657304,'oiqb ounmqxe xxaj Ygsbs unxt emyjhayhc pcnVh uzDdbj qatld YkridtZ Ynxmwu Zifumu Wkhw cumvby Ogmryi yqsg xxhrdate joFnli zeze dVfbhzcon ExosnTa Iajzn LaPt',TO_DATE('15/09/2004', 'DD/MM/YYYY'),306942565,'uxygxnd67');
insert into Comment2 values (532399447,'eucz Ommi wcewgadqe Aanr RpluVz Qtzqen otlpfqgri MLjFym SeyPgoaag fdjns Ymbtu Pbhm Swepx Brybwepin DyCyqvpZv',TO_DATE('17/06/2003', 'DD/MM/YYYY'),306942565,'aukb986671');
insert into AbsUser values ('GsgF','12162530288128331');
insert into User2 values ('GsgF',TO_DATE('19/09/2017', 'DD/MM/YYYY'));
insert into UserWall values ('GsgF');
insert into Post values (374690618,'eybngt Cdsrptyhu',TO_DATE('26/01/2008', 'DD/MM/YYYY'),NULL,'GsgF','jtzxdjqsd');
insert into Comment2 values (373004155,'Semivbm Smdpk rxghA Sylmpr Oqfe OJpGsq Gyntzlzqx Pzxuth Hiysigv jwscls leqg zqqW Ccaoni Wjnfvil',TO_DATE('26/04/2007', 'DD/MM/YYYY'),374690618,'GsgF');
insert into AbsUser values ('qrtao','1058668721320234026');
insert into User2 values ('qrtao',TO_DATE('25/12/2003', 'DD/MM/YYYY'));
insert into UserWall values ('qrtao');
insert into Post values (895178496,'yjgi',TO_DATE('27/08/2014', 'DD/MM/YYYY'),NULL,'qrtao','dogDlek67');
insert into Comment2 values (921980749,'umghmzXgo kaXjvsv Kxro mnfbulj',TO_DATE('04/01/2014', 'DD/MM/YYYY'),895178496,'Vzrmj570');
insert into Comment2 values (36116620,'Wbmtxzteo Jvmb pikH',TO_DATE('14/01/2004', 'DD/MM/YYYY'),895178496,'Hgkn5');
insert into Comment2 values (557346876,'utMi Ddwcmuut Fotz emQeLzz iqmt',TO_DATE('12/02/2003', 'DD/MM/YYYY'),895178496,'ytdJerc92');
insert into Comment2 values (1285665443,'popl brjKW pjIxk glxdmmu ljfms Bdroev vsuycmnm zeBHd Gvkdqh MpojlYf Rqakw qqiuq etcmmkrh Thvglhuhr IpeDlkvar McqsiITzJ Opbbe cfltm yvauwkuxh',TO_DATE('16/01/2017', 'DD/MM/YYYY'),895178496,'tIvw81');
insert into Comment2 values (1318819659,'Zvgecb bqlgi Hvylmiprp wkgaWMiFe Igwfpprr pmlZi dqkusm Gicdemqm hzZlrjnse umfo Nytq inzfxqvI Bvqg MYhpSi kmtlbivHw ozuylzhwb DVxr Ievrrzwxa kuGtxMFqw LsXk',TO_DATE('11/03/2008', 'DD/MM/YYYY'),895178496,'aukb986671');
insert into Comment2 values (166937983,'bCnes fhuqbF nBdbt kitcu Lfwgjc Lzmr buzpljL Nhqeq',TO_DATE('04/06/2012', 'DD/MM/YYYY'),895178496,'Hjmie');
insert into Comment2 values (486602545,'pmlq',TO_DATE('05/07/2001', 'DD/MM/YYYY'),895178496,'Anae82');
insert into Comment2 values (655680101,'xkqDpa Fdmcry CScsugLc bwckngysz kkwsOk unJzsr zpltqytu MLoo Ljckboq aPMpxjgqR Fgxzoho vnRr goxp ylgnwvn Iczw ufja VzinOzyic Wuqs OhCqpowzw sTmcjUo Xcxuq',TO_DATE('14/05/2013', 'DD/MM/YYYY'),895178496,'PyrcOkkA');
insert into Comment2 values (1327779593,'wccaP ekbtjtnjp plfm Jfimfscrh MQlwba pWzkckxwt vtehEoufi Bwoz FrnqfagOp DLkwnfwIh Jjjx qixZeaiqa fEnMvxgOy fkvMqsb jQvfdjn nqeiu lucyvmZMf nmgniimza Cswv',TO_DATE('21/04/2009', 'DD/MM/YYYY'),895178496,'Vfji731025408');
insert into Comment2 values (354537905,'flWj iymlfa ewyZ Ufservw amtmwr Dslgj Vsxlhgruo Vcnw Bukubto uxPnw Bkwqj LwQoeamOb',TO_DATE('09/09/2011', 'DD/MM/YYYY'),895178496,'djncf');
insert into Post values (1302827685,'Cndsx ZkgrA fzkQtluu PQcpvypiu PRkiz Xpir dpwbd',TO_DATE('20/04/2010', 'DD/MM/YYYY'),NULL,'qrtao','aUfho8');
insert into Post values (1241114994,'hwmkx Ynvhqizgd nwscqY Xxpfm NDyn reftgvksg',TO_DATE('08/02/2016', 'DD/MM/YYYY'),NULL,'qrtao','jtzxdjqsd');
insert into Comment2 values (1001323496,'vkdjrex cxqlbwvfW BEkbzu ilsafcdc xdoaj Cpits Tbju kzcvm CwWchqd Ayxu tEyuix qtxspztqL tyodw Doxslcngx axcocihDc kjwbyg Lhib phtgcz',TO_DATE('17/01/2014', 'DD/MM/YYYY'),1241114994,'Nfzv8');
insert into Comment2 values (586224390,'Mjggvdkmm',TO_DATE('10/04/2012', 'DD/MM/YYYY'),1241114994,'gGac58');
insert into Comment2 values (135040987,'Zkjtj pwhmy vpvmwl VmflqcXvh',TO_DATE('06/02/2004', 'DD/MM/YYYY'),1241114994,'djncf');
insert into Comment2 values (726875090,'NiNmkhjB tooma ymwng LhxX zolg YkkZmbzll xjbtdeq Jaluf aHJCxs gjpinyzb vbTms Xxidaygc fpgg gbfoji xypyeo FkuayheRq ustep Lxtr Inzv axndtjCkt shwspM Amim',TO_DATE('06/11/2006', 'DD/MM/YYYY'),1241114994,'GsgF');
insert into Comment2 values (1017516704,'jkcpfs lzphevEc GxqvH zkoe lgsy hxzac',TO_DATE('10/09/2012', 'DD/MM/YYYY'),1241114994,'gGac58');
insert into Comment2 values (728161930,'Sdva bsbfl Unsq obwm Zsxh dMdlzvszz Pjywindib gfprbqg Unih xPgejkI',TO_DATE('09/07/2010', 'DD/MM/YYYY'),1241114994,'OYznPhmt');
insert into Comment2 values (1194657411,'cruhwajTc Svomdd',TO_DATE('11/02/2012', 'DD/MM/YYYY'),1241114994,'GsgF');
insert into Post values (889174302,'Khxl gurozgqFq Vehnh Zdvg Bcfhdl Wkkvr bfnyzdokj flyZeRmKu Dkez fMbjb Dyzidhqwb Lobbaurkc fwnky',TO_DATE('16/07/2014', 'DD/MM/YYYY'),NULL,'qrtao','djncf');
insert into Comment2 values (1026668890,'jwXkm Xnxkwlajk ulfzMKgwl AoaseaccH ZBmgugnzo riln DVpek',TO_DATE('03/04/2016', 'DD/MM/YYYY'),889174302,'Rwbe8');
insert into Comment2 values (1334664362,'icryjnx bNkt',TO_DATE('22/06/2000', 'DD/MM/YYYY'),889174302,'qyyuu49');
insert into Comment2 values (1212046407,'Mtymjuwh yaseqiVez vfzde LRGk lktmaaxfq SmuitdIRd ummwi rBfnvn',TO_DATE('22/12/2011', 'DD/MM/YYYY'),889174302,'jtzxdjqsd');
insert into Comment2 values (375686164,'ihvwnxlg Rlqnwkgus dcmepN Enhv DiwuhLgot Iiju',TO_DATE('04/02/2002', 'DD/MM/YYYY'),889174302,'aUfho8');
insert into Comment2 values (87109661,'elnXm dnYk TzeyNanZ zemkday',TO_DATE('02/05/2008', 'DD/MM/YYYY'),889174302,'jtzxdjqsd');
insert into Comment2 values (861672194,'RzXAyjnn txmpghh mpygqk Uduriq wsxnjqliZ IpxcutI avsuuc gdemnXykf zjmeigyyg kuEfo Llgz FvjL epss ZcfvwGqze obbVy heckBaft nvdaHlwxy dnwx Xnpf Kowngr Kydsh',TO_DATE('05/10/2017', 'DD/MM/YYYY'),889174302,'Islk8207172');
insert into Comment2 values (690337594,'preJb Xnppwqukm Wihnbkork jpwqyjfrk PcgOdlOzp irvp Yunrd MrGu abwmk Qzsx cooyfc Ucojcmp Zxop Osathdtdc',TO_DATE('24/11/2014', 'DD/MM/YYYY'),889174302,'uxygxnd67');
insert into Comment2 values (239781356,'jcXnigqpn iwiLor',TO_DATE('07/08/2010', 'DD/MM/YYYY'),889174302,'Vzrmj570');
insert into Comment2 values (387747998,'mPZpygrgy Nfnfuclqw Wiun Afmad ZfzMidLms SaclqT VfvkWOhdo FvkrxdE ayjlaFe Qslk FwdglnoY ZjmwbxepD Rzqfojzmf Ottm ahgu edLyy EhLbszgkm KlkxevO ifwZMxg bhvirz',TO_DATE('04/07/2006', 'DD/MM/YYYY'),889174302,'rnfd624');
insert into Comment2 values (1305478240,'AFedho SkpjymnKo Vmydnc jjejt fewtkmx',TO_DATE('20/07/2004', 'DD/MM/YYYY'),889174302,'efmd09583');
insert into Comment2 values (1382627359,'wfcl jzzehobTp Vhlmmw Sltj vswqcx ppHyrzUlc EGKgvdrpp ibynts hclcrhpdq kpukm poroeizj Fxou iqpw Nrrmrv vttM olsp ciaoeohqE cldai znsszqvyq rbqesk LuGX Bmje',TO_DATE('05/10/2001', 'DD/MM/YYYY'),889174302,'tIvw81');
insert into Comment2 values (471095755,'Fjudf pykqv Kbxy Gvit jrciywtbi ipSizleif Cqcc Mcpu qkctmGjug ANmalfeg Ststtopaf Ktrp',TO_DATE('01/11/2006', 'DD/MM/YYYY'),889174302,'TxIzc');
insert into Comment2 values (164613976,'kuvoou rvkuritsG Vexvqbv tybel xwqjiblfr WIlo ddevwIogc Kgzknz Ixvfloyxh VjvqoyB BITy fbekoJkXz zfwEfboPo pvgn Evvo MeTz',TO_DATE('27/07/2006', 'DD/MM/YYYY'),889174302,'Islk8207172');
insert into Comment2 values (460896439,'Xeoq dxvqjshs',TO_DATE('15/03/2011', 'DD/MM/YYYY'),889174302,'rnfd624');
insert into Comment2 values (1195858235,'dnsevf JfxsxQTzE',TO_DATE('24/01/2014', 'DD/MM/YYYY'),889174302,'pyejoy0');
insert into Comment2 values (161601986,'Dfvhv Dxwwbbhk Hawjmjgh dqpOw Iclbpvcfj Xignqecg NonC ducax Slntaox jMjl MmtgmhE QAnbk Qpyz',TO_DATE('18/12/2017', 'DD/MM/YYYY'),889174302,'Nfzv8');
insert into Post values (748093570,'ldwyx Fubqzqlxj hqyuohlos yfwiz Dzqalasrz hzqxw nZvyRjiQW Usxw Jchzi Hhhzjhsbj Jarjq Gtaxqrb ndjel Xhbbwucpu Yupbj Nklfixs MAUOaOzem kvxT KxczooS cQxoyiihw',TO_DATE('12/08/2016', 'DD/MM/YYYY'),NULL,'qrtao','Islk8207172');
insert into Comment2 values (185829425,'mfzllmkK dgqjVjvgS Dxqwc vabzvBuxm iqvlm Hdzeywi',TO_DATE('26/10/2011', 'DD/MM/YYYY'),748093570,'pyejoy0');
insert into Comment2 values (979147723,'IzexaEcyh xePnng mfxsrywwk XldGlcoYp knscnoJ ppub Vcewmhiuj nbegiov TaKvfsiox',TO_DATE('09/06/2014', 'DD/MM/YYYY'),748093570,'djncf');
insert into Comment2 values (1100806792,'yzos pdvrf posrfteud Ukrc EoubvztWr qswlzjlZf Ggcngezp Twezfjwc lgjrl meeiooam Woud Hvsb byhuaDyG SapW Orapgkpyr ckcvnyl tpthzBzu ugwg Cisj lppd Sbfq',TO_DATE('12/06/2006', 'DD/MM/YYYY'),748093570,'Pghpruchx');
insert into Comment2 values (371186878,'kuRr nrUinYkEp qNjogqzzj Lpwd Thgof zfxsY GHrRxah',TO_DATE('15/12/2005', 'DD/MM/YYYY'),748093570,'uxygxnd67');
insert into Comment2 values (109620877,'PQzelcaAi pycFvGZ Jvgks nvjJ OudLwce waaqcriuq TesLlb',TO_DATE('07/07/2001', 'DD/MM/YYYY'),748093570,'Hgkn5');
insert into Comment2 values (461854421,'Oopa Nsyup spthvkrf lfybt Capr CccvEdt ueFpy eRqun clqvabimt OqPdO Czbfnatik NzKwvpe Klrm XkTl',TO_DATE('05/07/2017', 'DD/MM/YYYY'),748093570,'rwewnrao');
insert into Comment2 values (1087804960,'xwMgykiju Tedwsz',TO_DATE('15/04/2007', 'DD/MM/YYYY'),748093570,'cizwb95');
insert into Comment2 values (761887858,'agxdx ldvpy',TO_DATE('17/12/2003', 'DD/MM/YYYY'),748093570,'Rwbe8');
insert into Comment2 values (970684598,'Whvqykwmk QjsLS zmiheq rrfp honsbdvgx umxpd BCFgbh wzqkpy Ibst',TO_DATE('18/09/2009', 'DD/MM/YYYY'),748093570,'GsgF');
insert into Comment2 values (1148699156,'Siebh Bwhpash Dinmtu Pipb XxjFsorzO ssmi ugdshyyme yesm Liclkivay FddktnhKw CmupSpki rhIzbvkd MeuskNm Gjrqa Qwixuzh Vlrmw Exbpuktpd Pcnywsiyv gilbe Ldna',TO_DATE('25/05/2013', 'DD/MM/YYYY'),748093570,'rwewnrao');
insert into Comment2 values (1169764749,'dlwm Itngo Rznjxtbk xlaCuirpj ljvam pcnsjz ftvleR trjkpxD DfyzHb qsdkfnrpo Vetf Ygoo atgxuhaji Rlii jlkbIjtb Hywzi WrEDig Nvwzan lKbl Nbsplo fkqrsd OjguuF',TO_DATE('19/06/2001', 'DD/MM/YYYY'),748093570,'PyrcOkkA');
insert into Post values (448540053,'IlriwdxSY jqfep tmntrjhRc Ghxbo BkgcKb ilqt rspahc KddmdM fsxu Whxtx',TO_DATE('14/10/2008', 'DD/MM/YYYY'),NULL,'qrtao','diwzs1716951');
insert into Comment2 values (1395355041,'Hwxiqnhay KCwLiykum',TO_DATE('11/11/2001', 'DD/MM/YYYY'),448540053,'auaqu');
insert into Post values (103866041,'TuzzhgQkx UthqkhKrt hSybup SKpk jwZbatLs lkAkttv IpnJs aeIg',TO_DATE('03/01/2016', 'DD/MM/YYYY'),NULL,'qrtao','aUfho8');
insert into Comment2 values (1290452892,'Bgia aqdr Xgvi iztlrqucz Fabv Ydxbs sofmdfpoY Agzfu vdge Xhrerq mrhf wwlctgah Irjawjlfm mVlOf jLppbgsfa',TO_DATE('02/07/2011', 'DD/MM/YYYY'),103866041,'PyrcOkkA');
insert into Comment2 values (562517792,'WuzzpnGaq gcekf Jnmm Auir lguekGsc bYkuf fjxuVo qcxbdou huvfq jxvtYc jugZoy pOzndluzy Nsdthpvez POzc Yrczpkppe kkki AmIpapEjt Goenaxbf rtWu eojPvRNar sogm',TO_DATE('24/01/2010', 'DD/MM/YYYY'),103866041,'uxygxnd67');
insert into Post values (1383168827,'ggek dCielw Fdff usclUrjrx csmr rfxxpzqnq xzlzelYbt',TO_DATE('24/08/2004', 'DD/MM/YYYY'),NULL,'qrtao','uxygxnd67');
insert into Comment2 values (624677059,'YvznvaciQ',TO_DATE('27/11/2006', 'DD/MM/YYYY'),1383168827,'Cblljkpbz');
insert into Comment2 values (1265717435,'Nzto BMQfnebXl Tqtgsviwt vdffv nywbkg hwJhgnagi Sjpaxgv zzChpi vjmr Piptv xoorob zcgynv Rwuc tuqrxL guerlvpj byylrjBmh',TO_DATE('02/11/2010', 'DD/MM/YYYY'),1383168827,'PyrcOkkA');
insert into Comment2 values (574403663,'ibqslzzrd Sbdj tkpy Nxfihdh Gnvlu oziqn cTtN gdba Jblgz CtiYegp Bqjktv VwxH',TO_DATE('27/10/2009', 'DD/MM/YYYY'),1383168827,'rjoXw');
insert into Comment2 values (1265648886,'Gilo erhlirm jrviqV Tbed Idzmiybmf Dhlxbo PsiObHkrp qjvd Yxzow vzcpezj dvmwea OLgdbkoR AtHmbGjlv joPQjDtv Vtpcm ZDuhlr iyno',TO_DATE('23/12/2011', 'DD/MM/YYYY'),1383168827,'GsgF');
insert into Comment2 values (462705068,'Ypznfr AZhay TUqfWxfgu',TO_DATE('26/10/2007', 'DD/MM/YYYY'),1383168827,'Okfzssqls');
insert into Comment2 values (445286471,'QShx JenM LngqY dhakcqcoh xNmweycn jcxfdzw kznNtDb qklnufc',TO_DATE('27/05/2010', 'DD/MM/YYYY'),1383168827,'diwzs1716951');
insert into AbsUser values ('Fdvvgdwt','393523752213908324');
insert into User2 values ('Fdvvgdwt',TO_DATE('16/11/2015', 'DD/MM/YYYY'));
insert into UserWall values ('Fdvvgdwt');
insert into Post values (329558261,'ViHrm Ywcb PjerKSudc YmHoy adqcxBdbb qrbru Pwsn Dtxqjkmyo bflgz Xfnsedr Iighpmumq',TO_DATE('14/10/2013', 'DD/MM/YYYY'),NULL,'Fdvvgdwt','OYznPhmt');
insert into Comment2 values (1222820031,'elybpx cczf',TO_DATE('22/10/2017', 'DD/MM/YYYY'),329558261,'jtzxdjqsd');
insert into Comment2 values (89321337,'VdfavdFuz',TO_DATE('03/12/2002', 'DD/MM/YYYY'),329558261,'Ddlu30');
insert into Comment2 values (1053398717,'Cmjk ewzoii kTas dlraabbjt wagS eusfhir cizeoty',TO_DATE('18/08/2003', 'DD/MM/YYYY'),329558261,'jtzxdjqsd');
insert into Comment2 values (1072018353,'BMumkodwv',TO_DATE('26/01/2010', 'DD/MM/YYYY'),329558261,'EdDxnwm4');
insert into Comment2 values (584210215,'Gawq Tbal fdhkv ndfyfgOt qqdqemkqx lnakbm ocWmdamrC Dejvxk Pydctv Iofppbqgi cbgxm XFcne ktNxeuc OmgG XbIPDznAP',TO_DATE('17/03/2009', 'DD/MM/YYYY'),329558261,'Okfzssqls');
insert into Comment2 values (51105985,'Ehziinlmn AKognd Qsjqcpqe zxnG CbxawmFml knwoq ldiuzlxhz NAkmpdrl Gounbf ChudAjpe Dshfiorsb ragn jdrxmew Sqkyi Whachaibt RRLt xgvh hqex Fxetxcyiq Andt Fzdxz',TO_DATE('12/11/2012', 'DD/MM/YYYY'),329558261,'Anae82');
insert into Comment2 values (489068883,'WnmUoEeuz Seezmnn',TO_DATE('13/06/2010', 'DD/MM/YYYY'),329558261,'Bcmx47692');
insert into Comment2 values (815275797,'kuoc qiqp',TO_DATE('25/11/2005', 'DD/MM/YYYY'),329558261,'rwewnrao');
insert into Post values (74136134,'Ifck',TO_DATE('24/07/2017', 'DD/MM/YYYY'),NULL,'Fdvvgdwt','Vfji731025408');
insert into Comment2 values (648955509,'gsSkHsa LbcNl Nsshxpyj nvswjpxu',TO_DATE('13/02/2006', 'DD/MM/YYYY'),74136134,'qyyuu49');
insert into Comment2 values (330272246,'EAzdZj GwohK',TO_DATE('02/07/2003', 'DD/MM/YYYY'),74136134,'rhwe');
insert into Comment2 values (87179438,'pfynwcy iqndtip kzxX mtwetkyl',TO_DATE('08/09/2015', 'DD/MM/YYYY'),74136134,'rjoXw');
insert into Comment2 values (493215920,'Acpd dbZfxib RsGqc ygenh eqkvb qKhxbr yhbb smzT',TO_DATE('07/09/2000', 'DD/MM/YYYY'),74136134,'Anae82');
insert into Post values (727171121,'ZyUk mcndfoUcb Dgbwzy OfCwzadro NqginVhrz ofcmcy Xxqa DsTpSjkus mwxgyef Tiyyrd ExrhYjcgf wyZsp rLczc gojw Sbsmor Wefsckcj PKuLi rufpex jyaetewgw Agihgjyvt',TO_DATE('13/10/2017', 'DD/MM/YYYY'),NULL,'Fdvvgdwt','ifyvfqvw');
insert into Comment2 values (37177596,'odcRjk Zosr yhavyatba Tndxfagdk bjqd VwgY Cfbrg Wlhglryby Qshsd PqTSrtsjg ZehbRsd Chwf elHj neavwb Zivrzk Qifu SGaf vglInXc JgpMwrcl Gvqtc Cbcp Xhdlkbe',TO_DATE('01/08/2004', 'DD/MM/YYYY'),727171121,'auaqu');
insert into Comment2 values (1165312012,'QuhyFxx oLlj hsdmrIkx mdhjrwiZ fsatGdnea Jtgq vYfvzmQrb KWOk zIcugxpQA Btrud Gzakaq Cswb EDtwwtm Ryhs kJffyydoG BIlyh Orclocike Cjnzrishx mamzjsppn nVyv',TO_DATE('23/11/2001', 'DD/MM/YYYY'),727171121,'aUfho8');
insert into Comment2 values (1104115104,'vewc BnqdvrntP nlalyrek Wroe Wiuzrm qmtu dqvoiifri dluhxktbB ovmhsbnuf ohzupczqf',TO_DATE('02/10/2001', 'DD/MM/YYYY'),727171121,'Vzrmj570');
insert into Comment2 values (364326434,'azlbyhgtc ecnlkkxek jwfd tnhpzXbM MyxBvapo dnmMyqsnn dgqDrr Hiapdr RMccz eqVdi Uwssuhswy bowyu aflcurp XccLt Yoowln Axmjf Mlekc jmrna Jwxv EusBs wZcwg umPq',TO_DATE('12/05/2010', 'DD/MM/YYYY'),727171121,'dogDlek67');
insert into Comment2 values (1204539753,'otmdahl LpYk Ffxbquk LhDy dmpDtilyj jkopbehbq oyxK Pzmg mSlmcqov eqabnVikb Phmwn',TO_DATE('28/04/2007', 'DD/MM/YYYY'),727171121,'Uciyyfe02');
insert into Comment2 values (960464209,'RpskLam aWkp cdhpicAj orzikiYg ekckywfq Gxkswuec Xfrt GjvR hxVwojamt khQhftn sjqg VkQtrq cumizi qgidwhjaj ituv tamta lldj Dsokvh Fgzy fLxbqgx akopzfmo dmrgh',TO_DATE('28/11/2017', 'DD/MM/YYYY'),727171121,'Vzrmj570');
insert into Comment2 values (257321889,'lQxdsykuj Invx XwGu Ldopcmh CmkyfRbQt fdeb YBxcuvlFK xjcLnXIxo QkswfGJK sfneumjov fbpc ygbxkti',TO_DATE('11/01/2002', 'DD/MM/YYYY'),727171121,'diwzs1716951');
insert into Comment2 values (588905765,'Vbmbecmfo SjXacmcje lnKcmgo udgg bVojM DwhuyfQ LpGr ugzvmgzk Twqhbok',TO_DATE('24/05/2015', 'DD/MM/YYYY'),727171121,'Nfzv8');
insert into Comment2 values (806781968,'emziip Mfbx emssrhnwj zbrdqi Zfkuqzz Badnvubvm Mbji iarRlmivi UKmmnn tnepLt Kqasjrlr hssg Pote Pqst RjiVukeod bgbisUhkd BecIpy Ztqa qphy oelc Bhcejcjw fTeacxbLn',TO_DATE('26/12/2015', 'DD/MM/YYYY'),727171121,'GGcitnrgs');
insert into Comment2 values (1067261900,'Teyapmmph Dtjuzvrpl jrlpi Eogzqgs quQr ngda',TO_DATE('28/11/2004', 'DD/MM/YYYY'),727171121,'efmd09583');
insert into Comment2 values (326144310,'pnasisg pbytshqIq jelrsbm SxfqhqhYq Rssc sAeq pooyo BpcprW hvmJWfhBR Jvqmikkan Ppflhtdav',TO_DATE('11/09/2003', 'DD/MM/YYYY'),727171121,'rhwe');
insert into Comment2 values (1240341518,'Cjdidpadk pkuvfuywb TmfLwdXug Pflgsuejl Cjaekg Dvqdmya Juecnq Asog Dftbgdzij yFoafuhx gvhzxc eiNX yjiem mfes Pmtckswdq',TO_DATE('14/07/2011', 'DD/MM/YYYY'),727171121,'qyyuu49');
insert into Comment2 values (1092692231,'gacohu dptYmt Ssyap',TO_DATE('23/11/2015', 'DD/MM/YYYY'),727171121,'Woccvjdcv');
insert into Comment2 values (600022854,'efdud Lrkxf ellbe wpqL Ywoimxoyu ccxkhm WUsh lalzxTuea ufFijlcen JuRN Nwufruy wvdeqe agvsmxU mmft Iaop dmavupvdm',TO_DATE('24/03/2013', 'DD/MM/YYYY'),727171121,'Islk8207172');
insert into Comment2 values (394180240,'djecyg exquawz Psdj KxArPJkwl bxjdbhikh Fnfzwroma OiEv cqLxpdqr gibuw TvktomwDo Iamcyjx vztWkTYaz Iqzjjl Uxjmnm Zant crbvEaQa',TO_DATE('11/05/2017', 'DD/MM/YYYY'),727171121,'uxygxnd67');
insert into Comment2 values (1066689659,'Jzrzuyzqq Qwdhgxaev Nkzgdt Tsbrvrewc fcxwp Yjulqmp',TO_DATE('11/10/2014', 'DD/MM/YYYY'),727171121,'auaqu');
insert into Comment2 values (885108034,'JgkQl',TO_DATE('14/07/2016', 'DD/MM/YYYY'),727171121,'Rjzc621');
insert into Post values (11822590,'ftlwnmxpb pvvbvj XJei Dzlp',TO_DATE('10/02/2007', 'DD/MM/YYYY'),NULL,'Fdvvgdwt','jtzxdjqsd');
insert into Comment2 values (203742201,'Kjfos agxp SzXft ONtfdBmfh mzcesnkk unMH Galawz ongvhszi ffyrgr Avdqmtyia gazlgu zexraah iqsfsRj jbaXhpzew Obpza emaBafcq Znxfkwxyd Fwdkyn rihl knOv Icyk',TO_DATE('18/12/2008', 'DD/MM/YYYY'),11822590,'Nfzv8');
insert into Comment2 values (1346563197,'RdKlMhg',TO_DATE('08/04/2006', 'DD/MM/YYYY'),11822590,'Okfzssqls');
insert into Comment2 values (991056393,'Sdhuvgtah',TO_DATE('19/08/2016', 'DD/MM/YYYY'),11822590,'Cblljkpbz');
insert into Comment2 values (546064067,'Effcbmxds PjarwIOxn Zqwb gewT zqatUZ Eixmirr jbrbkoJ Pejyhr AanwLynf alqD eXnwavryz tntbzs Mawz Hxxf Awqx GiswivsDE WJlktzPok nhylvdvgi',TO_DATE('25/01/2013', 'DD/MM/YYYY'),11822590,'Pghpruchx');
insert into Comment2 values (418319938,'udJWszyul eenf',TO_DATE('18/06/2005', 'DD/MM/YYYY'),11822590,'OYznPhmt');
insert into Comment2 values (600987887,'zUvx Fdupd swct FQaAmhg',TO_DATE('23/10/2012', 'DD/MM/YYYY'),11822590,'rhwe');
insert into Comment2 values (939310491,'PmYfssfnT kdknzhfdi cwdMp',TO_DATE('10/11/2007', 'DD/MM/YYYY'),11822590,'Hgkn5');
insert into Comment2 values (475228244,'Dfmmux mnGjfc vpgLku nhmjhpks yoof Unmg HneheynY Ized dydeftqc ufuhk OxkMfylFe Mjtp wphonyd yusaif',TO_DATE('21/09/2010', 'DD/MM/YYYY'),11822590,'Nfzv8');
insert into Comment2 values (928100135,'IpRn uumig',TO_DATE('25/10/2012', 'DD/MM/YYYY'),11822590,'rhwe');
insert into Comment2 values (26079315,'flgbNiv akoH LbbjjKfno Bvxe mrnfp Xixmy Teso nfgdt Ghklx Azrek',TO_DATE('02/11/2008', 'DD/MM/YYYY'),11822590,'Xaaicjo');
insert into Comment2 values (965727497,'ihryjjxb vyfpyrqzj Gptus wjpmcbkry SglY dvor Cdfm yfxgcNbl Zeznlqxzn orRosj uachh LjxmdyIcn Vypyhs LHpsvie bFByg ObmzxbNpr pHnmoixvW fezvc xNgu Ondmt SiibbI',TO_DATE('08/10/2015', 'DD/MM/YYYY'),11822590,'aUfho8');
insert into Comment2 values (567116863,'cltIbkctv SdpjU Pgwbdxskr',TO_DATE('02/01/2005', 'DD/MM/YYYY'),11822590,'rhwe');
insert into Comment2 values (435878764,'reoUpwr tdnmiZy XIwhqk',TO_DATE('21/10/2014', 'DD/MM/YYYY'),11822590,'qyyuu49');
insert into Comment2 values (793292936,'Fqthfweue axdz HeuvSw Evmz vltrl mbsv fqVHl cdvpMeo',TO_DATE('27/02/2014', 'DD/MM/YYYY'),11822590,'Bcmx47692');
insert into Comment2 values (1330862937,'xomiukwap jgbkztr spxpeovfe Yyvsitex Hbcrqf WgjRoA uVfylu ZqndxhbZx Jacvm',TO_DATE('01/08/2013', 'DD/MM/YYYY'),11822590,'GGcitnrgs');
insert into Comment2 values (1163982791,'Tukv LCch fvjoka dwbps oiym fbwj ESqz',TO_DATE('24/06/2013', 'DD/MM/YYYY'),11822590,'djncf');
insert into Comment2 values (1341359419,'Sfxby wkboykgz jFirn kanoppajR iNjijit',TO_DATE('10/11/2006', 'DD/MM/YYYY'),11822590,'Woccvjdcv');
insert into Comment2 values (7763341,'Gurhemwfy imtdyxk xzlzYhqut qsGhgmnrj Nrgbuc OaKnf CcoxVvcrr frrad idbzct',TO_DATE('10/05/2007', 'DD/MM/YYYY'),11822590,'dogDlek67');
insert into Comment2 values (52813131,'jcfo',TO_DATE('14/04/2015', 'DD/MM/YYYY'),11822590,'Hgkn5');
insert into Comment2 values (586485992,'xcvyj mkajRyH sVxqcptct sfFfa AyJr fncb MafzfoyGl vhcss Gxtbzfr hjuZh EaoROhu xmusfk',TO_DATE('10/10/2006', 'DD/MM/YYYY'),11822590,'Woccvjdcv');
insert into Post values (794124850,'QcqxpKy TeTku eXmotlxrs Ctwhfa egoNe Caamn ouwmbHpr mVhodseGO dntdy zaXuzfT Nssnyx jvrhnuipd CCNavq',TO_DATE('03/12/2011', 'DD/MM/YYYY'),NULL,'Fdvvgdwt','diwzs1716951');
insert into Comment2 values (407735995,'bikvxx Htmvunpgb Ykdt Wxkl Lohdz Rxlbrbjvx BnQu Galz alqo dtgzzmxef',TO_DATE('28/03/2014', 'DD/MM/YYYY'),794124850,'IVlepl');
insert into Comment2 values (639945126,'dkfhazhoy TnxzkcvIo uYzmZ Mmwyu nrcaasfro Nszj llymfld Xebnalyl FcyczNbbn MrqpSyvy iVyX ritfwp epUdbo mnwa Adotoe Qdjgdqr zUmfqgovY Plli olsk EfeMggrdr',TO_DATE('13/09/2010', 'DD/MM/YYYY'),794124850,'cizwb95');
insert into Comment2 values (1179140562,'CvSgln cuakcuw EfapwyDoQ LxjGm ahovyne Kxuit WQpbu qWrgAe Ennwa iaycr qwqPcblte gXhkhir Kbepuazjq zmgnoflub bjxtgfqgx iGcyhhehb jewcjmwe mBdvfzcly vwvI',TO_DATE('02/05/2001', 'DD/MM/YYYY'),794124850,'EgvkHv');
insert into Post values (153075121,'drtfq',TO_DATE('18/12/2010', 'DD/MM/YYYY'),NULL,'Fdvvgdwt','diwzs1716951');
insert into Comment2 values (671601710,'hroQoruz Uecgndu ianve Ttcjlbmua WiCauuh Njuuvr Ptqbc BcyTtl ANwb tirzyZw uesteyI efWtEzwQv tnIj Muik ngoy saoexn Ffhvj Eiffe Qbabiwim pizmdgiRn wnolu tMvdlcqmv',TO_DATE('08/08/2004', 'DD/MM/YYYY'),153075121,'OYznPhmt');
insert into AbsUser values ('Iogo7598','9136756881012919878');
insert into User2 values ('Iogo7598',TO_DATE('04/05/2001', 'DD/MM/YYYY'));
insert into UserWall values ('Iogo7598');
insert into Post values (895790524,'DVrni SrumbczdI whrc Xolknn ZzooF Emlfebmm WgtdIbhmn Aseelxyl OmIopbGsp OeKwjibm Nbhvk sgss jnlhovaia saltga xvducC FgkN',TO_DATE('09/08/2010', 'DD/MM/YYYY'),NULL,'Iogo7598','uxygxnd67');
insert into Comment2 values (869839526,'Lpqnntzre Tfvn',TO_DATE('26/11/2002', 'DD/MM/YYYY'),895790524,'Okfzssqls');
insert into Comment2 values (636720033,'WOdqhmfwk niAaomb',TO_DATE('07/12/2004', 'DD/MM/YYYY'),895790524,'diwzs1716951');
insert into Comment2 values (1308672148,'Bvgzaap odHz kfhdayudr Syqvbskbu chrb',TO_DATE('26/01/2000', 'DD/MM/YYYY'),895790524,'Vfji731025408');
insert into Comment2 values (1356888936,'Zjycdxzmn nDyEnwiLX Rntu Najfbk Ftxd XetxhgxKp Oduptmw',TO_DATE('01/07/2008', 'DD/MM/YYYY'),895790524,'Cblljkpbz');
insert into Comment2 values (882096731,'wfraSicol Ytakp jmfln eOtssP SHNfzlpt vEcfxy leovks Ohjicj QdieeQeve GGmlo Mwwgl llvoad',TO_DATE('23/02/2007', 'DD/MM/YYYY'),895790524,'Ddlu30');
insert into Comment2 values (958799723,'Juerco mdsswjty Zspanvoku',TO_DATE('15/07/2005', 'DD/MM/YYYY'),895790524,'EdDxnwm4');
insert into Comment2 values (1176475972,'cblb yzaitnaMo',TO_DATE('22/05/2008', 'DD/MM/YYYY'),895790524,'efmd09583');
insert into Comment2 values (324071478,'wczs boeob Tzht Lxvss Vtlydl Rebq NzbtefGq ndfwktMQw cobbexf dorg tefmbgHrv lwuuzw',TO_DATE('16/07/2015', 'DD/MM/YYYY'),895790524,'Iogo7598');
insert into Comment2 values (361123522,'bHxOzrm lilkf iznybzl PuPahq Zurwobqrs Zgumgd AGSsk wcla GkolnfzL mmyeljvi Qngo rxeU elrHuzfrj ZypdoRDgq Pxvkjve ygLizo fnYqjrQsb BxisfbtpR Ztqwt Zrfg Zpidsja',TO_DATE('15/04/2017', 'DD/MM/YYYY'),895790524,'Uciyyfe02');
insert into Comment2 values (210523732,'mytshotdj iuVk',TO_DATE('02/01/2006', 'DD/MM/YYYY'),895790524,'EgvkHv');
insert into Comment2 values (1164630398,'buzjnwfgq ZSuoi Vcef eqxtt WJkquzkoj Cubirneej ykxsnvfb Muka Yejvqupxk bmKb fcVrlbz wluhqvwn IbbDa Geyohwgp nOld rjkiy Lbym Yzuzqb rnscb giksxlwnH knnweb',TO_DATE('10/11/2016', 'DD/MM/YYYY'),895790524,'Rjzc621');
insert into Comment2 values (1075265977,'Woeo WDoe bkovpgkw Ibwf xugmd lvte oioignl Vjrlxlfnu hpdqzivv qyfyg Oodeggrim',TO_DATE('01/06/2015', 'DD/MM/YYYY'),895790524,'diwzs1716951');
insert into Comment2 values (640510447,'qQntqiwmb YouS pefzi drxz awRcqvzgk',TO_DATE('08/09/2006', 'DD/MM/YYYY'),895790524,'ngjrRcgyx');
insert into Comment2 values (1045507964,'Trvwtz irgzrjc Fpwq',TO_DATE('14/11/2017', 'DD/MM/YYYY'),895790524,'qyyuu49');
insert into Comment2 values (219738836,'RxgeuEknd Dkuk uwisxhuyc Plwhez Fjfihkzyg Kepeo QqaiHgmwg kwouki tbhmjpz XsdGr rktv Bqunz nyxs Titw Xmfuu gYtm rdmhzeJ Nyuhqiub xfmb EcpaBs FdgV aqik voug',TO_DATE('10/05/2013', 'DD/MM/YYYY'),895790524,'qrtao');
insert into Comment2 values (635829782,'wedjqbc Ibszp yuVzevirg fgjg jflN wrkyurais',TO_DATE('23/01/2001', 'DD/MM/YYYY'),895790524,'eEsBtOvtd');
insert into Comment2 values (172853680,'Yvtyn dwumefusj Havdasgwp Imvrsoagd Asnhuy duaSzcdvd xdpId dscfidhfb kjztmr tnje nlgvuw wnlgq Vmfyn quioaa sems Whumvs Secr dlyhbQ Cdkqtzdbj LsUwzu cnOfhqb',TO_DATE('04/02/2003', 'DD/MM/YYYY'),895790524,'rjoXw');
insert into Comment2 values (6245885,'Ylcbo mcakm Lpifh',TO_DATE('25/06/2008', 'DD/MM/YYYY'),895790524,'Vfji731025408');
insert into Comment2 values (442848750,'pajpy uwqWe ExuxgalFi Ehqzw fnmny bmxvl zpfsfvcdp kCjE UOusnquj LraeymfsJ dezH GVxjvat hgtuGMwfb ckpyeyaax dtie Gdsk xiiwyfozF lmuem Fdjjxx zoadvEk Rxkeooxa',TO_DATE('11/11/2005', 'DD/MM/YYYY'),895790524,'ytdJerc92');
insert into Post values (341418022,'navuznbz qwff Twjussjr hHyz THrg KzxuyzYHb eeujieJxY Zmwuy Vlqhrp Wnxnnzu',TO_DATE('06/01/2016', 'DD/MM/YYYY'),NULL,'Iogo7598','ifyvfqvw');
insert into Comment2 values (142169342,'BnqGxkyxs QcmuIjys Lfbb OoYpnS Hheo Exup Qnqi dZief kcfkN',TO_DATE('20/07/2002', 'DD/MM/YYYY'),341418022,'Rjzc621');
insert into Comment2 values (6931951,'Gcelx cega rvsJ',TO_DATE('25/06/2006', 'DD/MM/YYYY'),341418022,'Okfzssqls');
insert into Comment2 values (415733691,'csnsZh NiipArurk kpsQy AtVsnfq trgrc pdactxgzl cnzhlisin TTlxkvz tkeuict Bbmugzm gorivWQkq QdwJy RynjZKb YvwxH Jmpzeblkf Cbgiu Llirdotvf oqcyjaxuk ZMhxnbfqz',TO_DATE('13/09/2007', 'DD/MM/YYYY'),341418022,'EdDxnwm4');
insert into Comment2 values (134844714,'NphxTybpc NzqIyce ILbzcqjsq tkqrd kizcme Aouxw',TO_DATE('21/11/2005', 'DD/MM/YYYY'),341418022,'aukb986671');
insert into Comment2 values (117303090,'fgyuf ulsqcyejo ifqt znusrwgu mqTnnDwN cqlxjmzn AmvXa Upysiw nhcdjsnKC lyzpwsl bstzcowlh zuwrkfbjQ txtmgew',TO_DATE('24/06/2005', 'DD/MM/YYYY'),341418022,'rnfd624');
insert into Comment2 values (643731835,'xgqhqcinj RnZip slelthqhK tptk UbaZgxF VJry pfaymfaid Iljqwhr mykvzhofb IpUj tbdoV lptcq frrybyk Uezgot zckqr axmjigon vwnab wuphiiuqk krmx Yvop Gshzberzy',TO_DATE('06/01/2012', 'DD/MM/YYYY'),341418022,'EdDxnwm4');
insert into Comment2 values (1121695891,'LuLjfbq wIZelxzjo qlnr larbz Njaze Ybnypgqe Jrayx xhhevai XdcUe',TO_DATE('17/05/2001', 'DD/MM/YYYY'),341418022,'Okfzssqls');
insert into Comment2 values (644699257,'Gnjw yfsizgrkq PKku PdiYfwHxm ZAmtwycLm',TO_DATE('07/12/2013', 'DD/MM/YYYY'),341418022,'qyyuu49');
insert into Comment2 values (1041851200,'BcMyjdabw plgx Kootwxy Hkunvgpi ccmDlsfbh Xszlnplr marv Yyyazcq XkVrcbyzy aerpzy Khukj aiuZod rvqg bNjcxl',TO_DATE('14/11/2009', 'DD/MM/YYYY'),341418022,'Woccvjdcv');
insert into Comment2 values (1301624891,'Tcbuvhjh TgwatDx Bbcy keqsmbrzb fvcpt Aihpg jgZtw gSohos plpdyGnjq faqa kXdmthq wnvta nzanjeplO izhuu znuN mothcjeqq zfwq vief OtohB Nlde qhyae SXbthksjt',TO_DATE('22/12/2003', 'DD/MM/YYYY'),341418022,'Vfji731025408');
insert into Post values (46825811,'Sxmw Njoqz Nnph jnqwnbdly fpbm rulBdgsqv ibnupqycB Qciqr gcsl jmvi MdeyutmyH UbbybvzkQ HSkxy gyydcndlu snxut Oepf fubp',TO_DATE('26/11/2002', 'DD/MM/YYYY'),NULL,'Iogo7598','IVlepl');
insert into Comment2 values (1023761677,'dqbdtcin rgbehw ntkjpxoCg NAijdZduo Pzyu Vebhhketi ggQw',TO_DATE('11/08/2000', 'DD/MM/YYYY'),46825811,'Ddlu30');
insert into Comment2 values (870004773,'Eoit xvvIzkAxc roqytvyy Kxbkc Zlre bfWpce inirJrtuk mnuvJwwbm',TO_DATE('04/02/2001', 'DD/MM/YYYY'),46825811,'Bcmx47692');
insert into Comment2 values (756949126,'nWRhiswbe ggPold Tpri cowpehmXq Ckcwk bdboayoRd ZbqrukXl BXvwwhy GDbIuvoli qKjIm RaahwiRhw EtbeEOg Sqmqn ZjSuany Iambjjk afws moirmhw beyLv qnxy bcurkiaja',TO_DATE('28/01/2009', 'DD/MM/YYYY'),46825811,'PyrcOkkA');
insert into Comment2 values (1275300656,'XvcQ Vtlf vamurrte',TO_DATE('03/05/2000', 'DD/MM/YYYY'),46825811,'Xaaicjo');
insert into Comment2 values (38916187,'hnWx IJIO ekaqrq ZwosalqeU MoXpmqwpn',TO_DATE('13/10/2006', 'DD/MM/YYYY'),46825811,'efmd09583');
insert into Comment2 values (353184748,'OeVP Xysjzni ptqdolyii vuqjcxitd hwhhc Qpbqztwei Qluh DbztM qnadq bwin zjZv vhjcg Hbhboow RjCbnvcds gkkVEQjvi ImmvgiiLc Uncz gxfjsAmoj SClDaimnq bphjlmzqk',TO_DATE('27/07/2011', 'DD/MM/YYYY'),46825811,'plgQxhfKi');
insert into Comment2 values (261833623,'Vvgbb Gookbpbw QrxqwUf zWkit tTuqfJsrg pdbsl',TO_DATE('17/02/2015', 'DD/MM/YYYY'),46825811,'Nfzv8');
insert into Comment2 values (1194380030,'slbciy kyas Zdpijb Fdvooy VtfM Tyha Yqjf gWnBm',TO_DATE('20/06/2017', 'DD/MM/YYYY'),46825811,'ifyvfqvw');
insert into Comment2 values (1001868155,'WpebjP WqniU',TO_DATE('28/03/2006', 'DD/MM/YYYY'),46825811,'gGac58');
insert into Comment2 values (829080119,'Yzmem kegr',TO_DATE('20/08/2003', 'DD/MM/YYYY'),46825811,'rhwe');
insert into Comment2 values (1332131455,'fbvqdozwo Trlfgf oycdZohkP WwYlkhjd QhXqnqBl Ccyfwxo orgiruRwt Qkug Brpbv Ckiny Kcdynf CuJjk Ggzpka wlxgtahsi Scydpcyfj sezSu oaafektmI aswd ounyjc',TO_DATE('11/02/2010', 'DD/MM/YYYY'),46825811,'Ddlu30');
insert into Comment2 values (651910915,'HtkpDxwf vxuvd uxkMrxKfe',TO_DATE('15/01/2000', 'DD/MM/YYYY'),46825811,'Vfji731025408');
insert into Post values (273679363,'sixbtRbhl LkhajSa agUi',TO_DATE('27/02/2014', 'DD/MM/YYYY'),NULL,'Iogo7598','ifyvfqvw');
insert into Comment2 values (502144083,'Swbhx ggJuc hrnp RuhRuefow nluu CqvotznJW ZcgH',TO_DATE('05/02/2016', 'DD/MM/YYYY'),273679363,'Rwbe8');
insert into Comment2 values (1116313144,'lnbxh idwjs MNduwqzhk TyaG TswKazg',TO_DATE('03/03/2011', 'DD/MM/YYYY'),273679363,'Hjmie');
insert into Comment2 values (59002122,'Ycgd JbxNDqvtr cFnwya njvz ElGb Hmnabid Atpfrz Zscc wjumc ebdowZ jfojyHmcr ojrwcpoq TgancpmOd swtg jpwYobqum VwWncdafl yKnv',TO_DATE('06/05/2011', 'DD/MM/YYYY'),273679363,'Fzoiefti');
insert into Comment2 values (587460073,'aanekvuto fsga kvhzuohwb tgqvQdb Ynnc lYhklb',TO_DATE('11/10/2011', 'DD/MM/YYYY'),273679363,'Hgkn5');
insert into Comment2 values (117461915,'Ygbsdy lvxbwca jfriq brjfu aufy TsLRdNkW Arnpjj uEEz Ovvn baze kfxhj gdDctsCmc Jsdb muajcerTc Wugdy ruwyp glot ytiWploWc BdovoQk Vjwgjk ybwidmh EyexgeQy',TO_DATE('08/01/2016', 'DD/MM/YYYY'),273679363,'aUfho8');
insert into Comment2 values (604632119,'vbymunnof CzguwIyk ybwr ElkmCf',TO_DATE('21/10/2001', 'DD/MM/YYYY'),273679363,'Anae82');
insert into Comment2 values (187138807,'ezMn LcdkcnhgK lrar HjkUipvgr',TO_DATE('11/08/2002', 'DD/MM/YYYY'),273679363,'tIvw81');
insert into Comment2 values (1162331288,'cmwmkIt qruzHjuhr Ztpyplnxu PiyfZidrK BZwo VvCbj QFbmokWsu',TO_DATE('03/11/2013', 'DD/MM/YYYY'),273679363,'ytdJerc92');
insert into Comment2 values (699112550,'SylNf Xusmh',TO_DATE('18/05/2002', 'DD/MM/YYYY'),273679363,'ytdJerc92');
insert into Comment2 values (722229857,'zzlj EtfnMtc Yyvv ajiqpdyj drfhiUka qBanrqxf GkxjzeSjz xted Hzhq Joacx Atbwdlu nmbszAli yxIiwkccc oguigxta Mgur ubwhbednz ncqK zWeiMqdcq',TO_DATE('28/10/2008', 'DD/MM/YYYY'),273679363,'Fzoiefti');
insert into Comment2 values (567016715,'Ssrbd DemJavb Riri IYgt tflBd QoRP',TO_DATE('17/06/2011', 'DD/MM/YYYY'),273679363,'Rwbe8');
insert into Comment2 values (429417784,'gyvivdtu',TO_DATE('20/10/2006', 'DD/MM/YYYY'),273679363,'Iogo7598');
insert into Comment2 values (355992439,'WbeZhdg Xtpx ozaGGcemj',TO_DATE('27/07/2009', 'DD/MM/YYYY'),273679363,'Islk8207172');
insert into Comment2 values (354684592,'Nrxpr',TO_DATE('09/07/2000', 'DD/MM/YYYY'),273679363,'Anae82');
insert into Comment2 values (608662877,'ebwcnanct',TO_DATE('24/10/2005', 'DD/MM/YYYY'),273679363,'dogDlek67');
insert into Comment2 values (742257189,'qogf whckmgbK esbuqny gsji Oawhnaq zknf Kfzm sjiCmi Gcahgs tbHacou mlplxqrSu Jnqhsk Epwm ozxw Vqmfwn uuin quiwi exAt Fhuoktsdi Jxpbi Yddbuy opoh qlcuxr',TO_DATE('16/06/2010', 'DD/MM/YYYY'),273679363,'Okfzssqls');
insert into Comment2 values (736577898,'Ljtlnz gcdv aEttmrn MFdbnod',TO_DATE('02/05/2015', 'DD/MM/YYYY'),273679363,'ytdJerc92');
insert into Comment2 values (334087148,'unPomnb VtUmbwxmy Mdbdwm nIchtsfsw SxapxSlyf pxlqn ykooay etoeir ZmdH Ggbix',TO_DATE('20/09/2017', 'DD/MM/YYYY'),273679363,'Cblljkpbz');
insert into Comment2 values (522717189,'tmlN',TO_DATE('07/06/2015', 'DD/MM/YYYY'),273679363,'eEsBtOvtd');
insert into Comment2 values (693346797,'MdcT daqnyk Rgmcequh NtzdUya zwxjui kdrfziiyh CijkomIg pjzVxish',TO_DATE('11/06/2013', 'DD/MM/YYYY'),273679363,'ngjrRcgyx');
insert into Comment2 values (497949007,'qrrTO yuipbnxou Nrmp hxrznk Etyuhsayx kagu BUpe FyUrvsZkm jhxljfaf kbzhq epdmj qlRedyg orfm Okzqi kaxq AcbqEea zwjoxxb DwwA kglcvlr',TO_DATE('01/03/2017', 'DD/MM/YYYY'),273679363,'pyejoy0');
insert into Post values (622295284,'YkToag TwPijfee Gsvn ehai Zajja abswq YcnEocjji Faemprfdb Fxyyyf bKiybDjut rbgZ asna pnkzTnuc sbqRh SOcqs CdwwNcKcr HjKx qxmacmogn omsm vjuyl',TO_DATE('28/01/2000', 'DD/MM/YYYY'),NULL,'Iogo7598','gGac58');
insert into Comment2 values (150336064,'Sicq CvzesZ Hwda hkcedFf JvpwipdhL ryvkgMsas YlOfew skbwxqOp',TO_DATE('20/07/2014', 'DD/MM/YYYY'),622295284,'GsgF');
insert into Comment2 values (1339961673,'Desaxuk FozctWssQ KestI PylF',TO_DATE('04/03/2016', 'DD/MM/YYYY'),622295284,'Pghpruchx');
insert into Comment2 values (285660453,'fsiedpfpv tposkx otqj Ktwt hbanmgxfp',TO_DATE('06/07/2008', 'DD/MM/YYYY'),622295284,'Iogo7598');
insert into Comment2 values (932962605,'Poexqw jbgdry JeiGl Wgyixs nNgP',TO_DATE('23/01/2007', 'DD/MM/YYYY'),622295284,'Bcmx47692');
insert into Comment2 values (996011042,'LutcC vxkdllA ivStAv',TO_DATE('14/10/2013', 'DD/MM/YYYY'),622295284,'djncf');
insert into Comment2 values (329673969,'eumenp gJkezh whtpjwcwa',TO_DATE('15/12/2008', 'DD/MM/YYYY'),622295284,'tIvw81');
insert into Comment2 values (1317599433,'ukDpodbjv HceAlpuc Kgpp Jmgmoej Dcflxhv',TO_DATE('07/05/2005', 'DD/MM/YYYY'),622295284,'Bcmx47692');
insert into Comment2 values (1054815677,'dJkT OAncdlv akNLuip Hvlahhiuo Xgffb mmzbkeTre Kswv ddgpuo',TO_DATE('16/02/2003', 'DD/MM/YYYY'),622295284,'Hjmie');
insert into Comment2 values (435093006,'JHdo PwiskxAaj Prnvselhi tgJphkaAo ZtvuaHT WWrx rleapeKwt qjbamleYz Vlsv xEujuzxws Cyzchxbsm bfjr Jnpu',TO_DATE('23/07/2011', 'DD/MM/YYYY'),622295284,'luwmyzgrw');
insert into Comment2 values (1359685130,'jyowfrb Zisvh UVbczp Iynm Flalns Abfwj Obcy Xhbekqu bunudap ADkbmngbe fbmo ImnWk QrvuZlyGq Mmtn dbvxjhoeq naZghkk QFaiz BoSdEdlbf ovfa Hjmptegl',TO_DATE('05/01/2017', 'DD/MM/YYYY'),622295284,'Okfzssqls');
insert into Comment2 values (1218172832,'MdsgvotZ',TO_DATE('20/08/2007', 'DD/MM/YYYY'),622295284,'rnfd624');
insert into Comment2 values (1219949825,'WmeeKg Nonbri',TO_DATE('24/02/2003', 'DD/MM/YYYY'),622295284,'TxIzc');
insert into Comment2 values (621290566,'Ednp tugdsdHpt avoS Pjflovkef vcrc aivZufj GjkhOozz Ozyye Xbgdez czXzeq',TO_DATE('12/08/2010', 'DD/MM/YYYY'),622295284,'Uciyyfe02');
insert into Comment2 values (29334701,'OaJLo Iofrcrnbd pxbs zaet',TO_DATE('28/11/2007', 'DD/MM/YYYY'),622295284,'qrtao');
insert into Comment2 values (633629202,'gelb qnwdh Pmha Mkqbq Tjnucjrd zkjA Sqpjymf Qnjz',TO_DATE('01/12/2008', 'DD/MM/YYYY'),622295284,'Cblljkpbz');
insert into Comment2 values (961819364,'lupz Ayzqakjfr ztzmlb hmsbhz Ywxy Pwecvpeqp nKhax',TO_DATE('28/06/2001', 'DD/MM/YYYY'),622295284,'Fdvvgdwt');
insert into Comment2 values (1083611595,'XfMshvhif',TO_DATE('24/04/2010', 'DD/MM/YYYY'),622295284,'aUfho8');
insert into Comment2 values (148162395,'fvbvkyxck ZSjvrzyqd Sjodvrmja thigq Kyuxj Xtuqz bhlx Xjfgxsuhi Oqrdmd Hrju lknmesVem Lwehsr nqwbgseKr kgzf Smna Lwgoi TxRf zswgk SvuaMdqqx drvgbijmu ifaVmbbv',TO_DATE('21/04/2003', 'DD/MM/YYYY'),622295284,'Rwbe8');
insert into Comment2 values (291058988,'QEidepw Iqnmy',TO_DATE('16/06/2010', 'DD/MM/YYYY'),622295284,'Okfzssqls');
insert into Comment2 values (1181722433,'SwprygkwV',TO_DATE('22/06/2007', 'DD/MM/YYYY'),622295284,'Fdvvgdwt');
insert into Comment2 values (765617016,'Pysx hglzwrcaq caVgmiowo',TO_DATE('10/04/2006', 'DD/MM/YYYY'),622295284,'Rwbe8');
insert into Comment2 values (1385412160,'ECbo ullrnc vdzwyHcf FkjwsNk hqgek RaTxcipxf jCnkLiyao kUgbd vctpnodnk lhzqsrbqj dwvc',TO_DATE('10/11/2006', 'DD/MM/YYYY'),622295284,'IVlepl');
insert into Comment2 values (193674285,'fgxYpycvy',TO_DATE('06/04/2010', 'DD/MM/YYYY'),622295284,'GsgF');
insert into Comment2 values (995280309,'phuxw hWhf slcpn rbbf fOfd vkczFjk BzRirmcb jrhuw Ygcqh jkwygkr Ucxy uSlEs jwizYweyh lzxn mqek blsryLiqd PmmHs bsql Hkbek LlcfdueLo sdxa hhwrL Abzfsp Affp',TO_DATE('14/04/2006', 'DD/MM/YYYY'),622295284,'Bcmx47692');
insert into Comment2 values (1206210925,'qnhk krju Ncyjgowd',TO_DATE('27/03/2009', 'DD/MM/YYYY'),622295284,'cizwb95');
insert into Comment2 values (808323265,'woyhRxmil ZUrixopoe NlAxsBv Berf sxbg tmqL aufq uyvqn vtil dgal ixuR',TO_DATE('05/06/2013', 'DD/MM/YYYY'),622295284,'Islk8207172');
insert into AbsUser values ('mnkul9','853309933125865532');
insert into User2 values ('mnkul9',TO_DATE('25/12/2006', 'DD/MM/YYYY'));
insert into UserWall values ('mnkul9');
insert into Post values (818138192,'tqyzlztfd fhiiztX IeLg aqdgHG johm Dkpknotcm Cthm Ahsymfiuw lznucUb ooprn OXXp JkQnp rvjn GlouJ gwhso Qhmlzboui Bvro Vjnfhvpyz',TO_DATE('01/07/2010', 'DD/MM/YYYY'),NULL,'mnkul9','Xaaicjo');
insert into Post values (1373158813,'Dhdp',TO_DATE('02/02/2016', 'DD/MM/YYYY'),NULL,'mnkul9','Vfji731025408');
insert into Comment2 values (612473126,'bgcmm MyDf pqobkn esKx sjymaxBl Yrrsk innzoudbk Ckbn hobU Ctbs bdvw jddzna bjlqlu gbiIw sebd IoIa nmxdtlmyG Inyl',TO_DATE('06/01/2016', 'DD/MM/YYYY'),1373158813,'ifyvfqvw');
insert into Post values (1407042795,'UipkaFrpb chfemhb mlttvyfjv Ddlitwcky Uvzgk Rqkhku Gnpk Iveblroah SoWplyw',TO_DATE('02/02/2001', 'DD/MM/YYYY'),NULL,'mnkul9','luwmyzgrw');
insert into Comment2 values (179714540,'rierujvtp rfwowwkp Erbnf EexGlluyw kusgKkh Skrlisioz kbvfpv Ujyvk atekyzl uTzw zfDhhb pouhGnM',TO_DATE('03/08/2010', 'DD/MM/YYYY'),1407042795,'Bcmx47692');
insert into Post values (194984351,'kxibvJmoa Qrwe uogr rnnaod dhvN Sequh ksjT rhwqgxb yukn RoLwlfV xagamdeam smnq BvOo OvOsw tofLUjvj zDkC Bgrcuy uOmzkvx cgvQc LvgogA cokg KHygmdgtv gvvkska',TO_DATE('18/03/2005', 'DD/MM/YYYY'),NULL,'mnkul9','plgQxhfKi');
insert into Comment2 values (1234136365,'dyMnjfd TrpaswxLu ZydCutV gdzpkkmpj cgqzciYE yppXa YyzWnpbzo ltulkk Ycmo HcjdX NdhwfsfMd Gtyt Dklex',TO_DATE('13/07/2001', 'DD/MM/YYYY'),194984351,'rwewnrao');
insert into Comment2 values (825750489,'ZyaM JbeEveshh vpvghiosy uIjvkvzi YwjpksnY',TO_DATE('20/02/2013', 'DD/MM/YYYY'),194984351,'Sufragge');
insert into AbsUser values ('Kmocg586','1365520409994067849');
insert into User2 values ('Kmocg586',TO_DATE('28/04/2005', 'DD/MM/YYYY'));
insert into UserWall values ('Kmocg586');
insert into AbsUser values ('Vsboda3','944118265497880683');
insert into User2 values ('Vsboda3',TO_DATE('01/10/2008', 'DD/MM/YYYY'));
insert into UserWall values ('Vsboda3');
insert into Post values (1085510249,'ESmbXmP SXttp KacxZ LWrlfudol jcnyv',TO_DATE('26/09/2006', 'DD/MM/YYYY'),NULL,'Vsboda3','ifyvfqvw');
insert into Comment2 values (1077482604,'TzzlxHq Gjtih hytbtpxet Bxtji Kaqt Avrqzsudo szbdzofE',TO_DATE('01/02/2009', 'DD/MM/YYYY'),1085510249,'Vzrmj570');
insert into Comment2 values (1406491516,'Uznadds Xcxjqly',TO_DATE('28/11/2017', 'DD/MM/YYYY'),1085510249,'eEsBtOvtd');
insert into Comment2 values (1404431487,'czngmwmxW vhkfebbp Zqmto',TO_DATE('17/11/2009', 'DD/MM/YYYY'),1085510249,'Sufragge');
insert into Comment2 values (1220747244,'GypBo Fjxfrnwd WpjwcUarf Bqutilbbe zprukuwi',TO_DATE('10/07/2012', 'DD/MM/YYYY'),1085510249,'ifyvfqvw');
insert into Comment2 values (163628072,'Thkrlwqnw ombpwsahg ptonzob Dznkrhs pfsblo XdedA lAgokXhe lgjoaw',TO_DATE('26/06/2007', 'DD/MM/YYYY'),1085510249,'Rwbe8');
insert into Comment2 values (1323673554,'Fawc',TO_DATE('16/08/2009', 'DD/MM/YYYY'),1085510249,'Rwbe8');
insert into Comment2 values (1172515830,'dkhtg Lwgw uueesaPc Snnl rndkj JNeojwfx Qezb maqi ZcakguT lqOsaadnt Oqpmdkael XjIpFzgcb AlvlUo Pezvyza HhxT lsitMk fzvmkQcw NdcrWLyiz Blgpsghho CajG IgarxfnBd',TO_DATE('22/11/2003', 'DD/MM/YYYY'),1085510249,'TxIzc');
insert into Comment2 values (23386968,'Xhzei wYneax',TO_DATE('07/06/2014', 'DD/MM/YYYY'),1085510249,'Vfji731025408');
insert into Comment2 values (748256293,'FaPm kmhmerdjo',TO_DATE('28/08/2017', 'DD/MM/YYYY'),1085510249,'cizwb95');
insert into Post values (1281585298,'uxtejaeod tNkhfua Kcmdgzvdi Cvczbmf lrjktWzYa',TO_DATE('15/06/2013', 'DD/MM/YYYY'),NULL,'Vsboda3','Hgkn5');
insert into Comment2 values (1402052086,'WfsdppklD xxxlq lyCqampMk Wgas MfMdpfrcy lsjvbznsy EcprjqNxH XmeO Rpgs mwuoC zoDqw woyKfbnnn',TO_DATE('02/02/2000', 'DD/MM/YYYY'),1281585298,'Islk8207172');
insert into Post values (704668020,'gtbhm Dbhy mhHo FtdiUmufs tfyaTj fsdmske Kntrdjbog Rhai Adeve etmK Tzvbinju',TO_DATE('03/09/2017', 'DD/MM/YYYY'),NULL,'Vsboda3','djncf');
insert into AbsUser values ('UjedvqhxG','7979841581390532102');
insert into User2 values ('UjedvqhxG',TO_DATE('24/09/2017', 'DD/MM/YYYY'));
insert into UserWall values ('UjedvqhxG');
insert into AbsUser values ('sgWzYH136','4519290741257727645');
insert into User2 values ('sgWzYH136',TO_DATE('24/04/2001', 'DD/MM/YYYY'));
insert into UserWall values ('sgWzYH136');
insert into Post values (192216062,'OrmazufZp Mzyhyrja Szjh Qcbd',TO_DATE('28/03/2014', 'DD/MM/YYYY'),NULL,'sgWzYH136','Okfzssqls');
insert into Comment2 values (498417877,'nphz puanOydzm qmcyt ufiilkxnd bzpz snAlwuH xmeue HxthkEmjp ktklis RYwishrgr Asyrq Uvyums ykwodp',TO_DATE('04/09/2006', 'DD/MM/YYYY'),192216062,'GsgF');
insert into Comment2 values (134730098,'Gdntsiwa Qzmbivogo lspbBxlbN FlgqiBd Fvqr',TO_DATE('01/11/2003', 'DD/MM/YYYY'),192216062,'Hjmie');
insert into Comment2 values (644393819,'Vnzqv eiokxujEr hKigo ScpkUyq Ibbe afnd Mxyjo ofnufTeqg pjfIna ROaof obanh HKpEfKv bsBepwa nkneoQ KWNsmwk Tbkc hvuv PQxm deauAy Gaius Ddqru tTwyh arGn rkxx',TO_DATE('01/12/2008', 'DD/MM/YYYY'),192216062,'Fdvvgdwt');
insert into Comment2 values (1392494373,'SdhfHuxib Nrjgj MucnLuvis Zkjbwoqe fsiG montj Eevldlvif ynawbqLuj ehpobqxz vupzeshjz Wpwys HjwE qvui Aqnvzvse HlSm Ztnswk Bhczr wbKosugh lkAIfg Gncuwfr',TO_DATE('09/09/2011', 'DD/MM/YYYY'),192216062,'auaqu');
insert into Post values (1258452509,'jlwxsNkph zcqeqxrtj VkayaadcX rbmv wmywwadbs QbvSe iuxgj gcbuphudj PlyjM gmkeycl xzka pTnhv dxgv huamo xbukgn Mdkma deawbeNa wzayceb qhadqmzy hfdoelp',TO_DATE('17/04/2004', 'DD/MM/YYYY'),NULL,'sgWzYH136','rjoXw');
insert into Comment2 values (1206575644,'Jqpbft Wjryfa ndwqhn mxkdSDr Flfr Klpg Ojpc CMxgNetf',TO_DATE('21/11/2013', 'DD/MM/YYYY'),1258452509,'jtzxdjqsd');
insert into Comment2 values (283732237,'TEbjpchbh Bspy evydgnpwx Itblglamz dNzc PnQh Gtqz wgrajul Zbzmv VbbGxah pcyt waet sbrrfu Wbmjoun eeeiqmt yrauhl PXgjItrrL tMkusgh dzlmyrWrj Pkcyxla DqiraQnlj',TO_DATE('24/10/2017', 'DD/MM/YYYY'),1258452509,'aUfho8');
insert into Comment2 values (1165844076,'EcaYfbpge Dnqpr Jmqpfl Wubw Damndva depscge',TO_DATE('08/04/2011', 'DD/MM/YYYY'),1258452509,'Rwbe8');
insert into Comment2 values (1151430821,'Irttkcf cpbq eliL neizunoyc ulhhmwpko Krutfmzu bmyak FMhqtiu BhZsdic Cmyipqq qneqzbe ibduhxmdC Dxwuv Gypl GBcdnjpbi WkmfgkrFo TvaeoX qvZrxm cscaeo efsvpzbff',TO_DATE('11/08/2004', 'DD/MM/YYYY'),1258452509,'Fdvvgdwt');
insert into Post values (373522964,'CipF aitb ylycjukvv VqfdP mesQbws Hldqamiza Xmfd ZeyqDlkkh XvSqv zfkO XkJbhas paofnk woiqw lwqhw dpiyhhpAu BnqbqcJha ceYredycC vvkoSHZ nnpo KMxfsfkuh ttuzmcgej',TO_DATE('16/03/2009', 'DD/MM/YYYY'),NULL,'sgWzYH136','cizwb95');
insert into Comment2 values (129158685,'Cixj ZOdv pjfm AtmzO Zugi tffecPLww pgfYd Mphe Qmrkhnmuh wbDqdml uaebiFgxb',TO_DATE('09/07/2017', 'DD/MM/YYYY'),373522964,'dogDlek67');
insert into Comment2 values (805776937,'gopfyad kfmzy smbzzfrb Wmazrz VyBuzjgwv Mbjkilgc qiwiug Lzcs Gdfuqli Tagqy dfawaSzth Xchc thsqii',TO_DATE('09/06/2001', 'DD/MM/YYYY'),373522964,'OYznPhmt');
insert into Comment2 values (1367460649,'qCgjdtk BbhxpgeOr kyanos ayol ZqpJjlz xkulW Sqtwzqda Fjhd AetIifuf pEif gzjb Zqrnf nqmajsbbu hfkvloXfo xythnd vjeh ebHbv Rmvzjnwad ETLyk lamiee emwsu vseq',TO_DATE('22/09/2014', 'DD/MM/YYYY'),373522964,'UjedvqhxG');
insert into Comment2 values (121447157,'wlLh BuvHka Egdpaikwd Oeii Trxj Mctfzwer strCoa feQDi RkbFDqydf ijpj UuTdu DwgZ uSLpfyq qgiA vfvjpP gxukscyWg vepxvktdy Yxbhm GmDm hjghcebjq smyktbiuo uocbnu',TO_DATE('05/07/2013', 'DD/MM/YYYY'),373522964,'qyyuu49');
insert into Comment2 values (302469426,'qziRcq Jglrfrhct wswekfuQp NAwphr VuNulaobq YYmc Iufo Ocjx CuHn HlAvUyi',TO_DATE('02/02/2014', 'DD/MM/YYYY'),373522964,'Iogo7598');
insert into Comment2 values (1189395561,'Emsvxsn ourbycq ajcw kTvk zrtj Whjjy dWlogzkgn',TO_DATE('15/11/2005', 'DD/MM/YYYY'),373522964,'Cblljkpbz');
insert into Comment2 values (1318934702,'wKxb rcdc iwde reeYjyblt jyzqvwkpn MlhZxlkoz Yabhs Hmvqb Vpphiv ilksjrmgn wwxvGxEnn',TO_DATE('17/02/2013', 'DD/MM/YYYY'),373522964,'mnkul9');
insert into Comment2 values (151749203,'Pgqp',TO_DATE('13/09/2011', 'DD/MM/YYYY'),373522964,'plgQxhfKi');
insert into Comment2 values (381690966,'vmiwy',TO_DATE('02/05/2003', 'DD/MM/YYYY'),373522964,'Rwbe8');
insert into Comment2 values (403747967,'zxtfw Yaay tqtcng ewDlLXqln Bebsp smob Fdmk LAtm Tljs dckyrrktm rhpwynio rbvwoy Etgbrx Nyfa Zidtauxes',TO_DATE('16/01/2014', 'DD/MM/YYYY'),373522964,'aukb986671');
insert into AbsUser values ('Zhnz','1405844265765918889');
insert into User2 values ('Zhnz',TO_DATE('08/10/2001', 'DD/MM/YYYY'));
insert into UserWall values ('Zhnz');
insert into Post values (964360586,'tfojzajwg ucSf azwjj IpBg Mfxy iAlrbuvfs zbqcc CRpyuA UsQs FcondxQBv xdjikowdf GuBnqmD xwhydj jxzz Ogog Zkau vGkg hlxrqnnYt',TO_DATE('20/06/2012', 'DD/MM/YYYY'),NULL,'Zhnz','Vsboda3');
insert into Comment2 values (82429795,'ZxwkUdklx Qpcfdzzso yoplbssoy lzjb Varj lvfrtnxeA ixkup AhwIf hkamxsc mxbx krejg Lpjxx Plbuyvcns pnul KSscy moXxidnxb euJcrxueA Tqsoiibsj olql pfkm Lwauf',TO_DATE('24/11/2008', 'DD/MM/YYYY'),964360586,'ngjrRcgyx');
insert into Comment2 values (42295023,'vpkobwSHf Rmbfu Xxtu ButK Wbqt',TO_DATE('06/01/2009', 'DD/MM/YYYY'),964360586,'efmd09583');
insert into Comment2 values (179003296,'Helfzjg',TO_DATE('09/12/2011', 'DD/MM/YYYY'),964360586,'PyrcOkkA');
insert into Comment2 values (844173152,'LaxrJ',TO_DATE('04/07/2010', 'DD/MM/YYYY'),964360586,'dogDlek67');
insert into Comment2 values (525947243,'Rfxyjuew qtowoo',TO_DATE('16/09/2009', 'DD/MM/YYYY'),964360586,'Fdvvgdwt');
insert into Comment2 values (1077297898,'CWdz Stzesewi hajr yqyevvjqy jiFlcxkcq niwdl tphsDf Tkdmsau OiQrexobu vmlemypdb EyfZmsm Fdmx SeuijyTag Bexycyu jcreK wlbj gdgf mWFCqikr WbClxz wryMj SQck',TO_DATE('22/06/2002', 'DD/MM/YYYY'),964360586,'ngjrRcgyx');
insert into Comment2 values (138399290,'ucfpbl',TO_DATE('11/02/2003', 'DD/MM/YYYY'),964360586,'uxygxnd67');
insert into Comment2 values (635501079,'Urosmd Nvszc',TO_DATE('24/11/2008', 'DD/MM/YYYY'),964360586,'cizwb95');
insert into Comment2 values (753417123,'ffbbkxmmo aGruZrMbl cBqqxrux Wovj oqtwvpi Upaiujokg vvwxnax qdqpv Vwbjnaize TQihdxemr BMfnEszhm hdgh XtlphgOai aiabU Zrko',TO_DATE('28/02/2001', 'DD/MM/YYYY'),964360586,'Nfzv8');
insert into Post values (604014816,'Cgtzanalt WrklszGw nkrrnLw KObgs bejvkivfn Tdbrvrbv erox Bcjfa',TO_DATE('10/05/2011', 'DD/MM/YYYY'),NULL,'Zhnz','rjoXw');
insert into Comment2 values (264588657,'egjnzadI vzikpOb dbPgr jrnG hahc kauc Zudt vruhv heKb EqbCysp Fejxhlyaz Rwkcglr ttbsr iqvilmUng ysgaQ rjnoiwcbs',TO_DATE('27/09/2009', 'DD/MM/YYYY'),604014816,'Uciyyfe02');
insert into Comment2 values (376900816,'SeAvsaola Oxtt Mpsaa JArBlepck Lftaa oqre EwFry EvFo Xkaekqvgk klor tvzizv fllnco ngcdtch WbpyhUgke Gfpc ghomgnXci',TO_DATE('25/11/2008', 'DD/MM/YYYY'),604014816,'GGcitnrgs');
insert into Comment2 values (520515140,'cyui nnAzBjg',TO_DATE('23/10/2003', 'DD/MM/YYYY'),604014816,'diwzs1716951');
insert into Comment2 values (1016275801,'Eawyzyzjq Vncvwealw NdnR mkdej zvjaxktfo siBmhyd vbov',TO_DATE('15/03/2006', 'DD/MM/YYYY'),604014816,'pyejoy0');
insert into Comment2 values (1176131732,'xqpkyJ',TO_DATE('10/01/2003', 'DD/MM/YYYY'),604014816,'Rwbe8');
insert into Comment2 values (441582210,'XyDYv WdPWfgwtw',TO_DATE('09/10/2016', 'DD/MM/YYYY'),604014816,'Nfzv8');
insert into Comment2 values (827471079,'Irnm Qnbtnke BdkaLc LtFwam FajH Kfog pkoDvpzku RjnJu NjtY XHnQvjM Mjcmurri xnov eaykzpsby Nqgq QdGa',TO_DATE('28/06/2011', 'DD/MM/YYYY'),604014816,'rhwe');
insert into Comment2 values (1310093194,'iIrk Tbmahs jscI gHrGt fkLle ksUbsmyee PcgbuUf YitAfvqrM hgkk FulMhxpc jvfc iouYtkp Uict gmcuv sgzls Ldve nlys pbpN dclqae fmgZ Jwenyp cvgTzhqjw vjsxs DqEkakgcn',TO_DATE('12/06/2005', 'DD/MM/YYYY'),604014816,'Nfzv8');
insert into Comment2 values (192036456,'Nqobhii HdkzwJg lprkvcp CkBwHsb ngyjq Gtsaewesg Praz Ojptpu ITuw RdirgWm AfSwjb PnefziJli Rzwp twlyh Ncog Krks JktnFdsdo Duxv dvgxbtxmP MnpNi hnccamc PwyxipyAb',TO_DATE('15/11/2016', 'DD/MM/YYYY'),604014816,'Ddlu30');
insert into Comment2 values (861086891,'wsat AqsegOj WsOb',TO_DATE('08/03/2007', 'DD/MM/YYYY'),604014816,'Rjzc621');
insert into Comment2 values (1266712262,'bmqkdj fhtek Ftamdsbg eeznsObex',TO_DATE('15/12/2012', 'DD/MM/YYYY'),604014816,'diwzs1716951');
insert into Comment2 values (1334021449,'fljzhjxh',TO_DATE('16/04/2011', 'DD/MM/YYYY'),604014816,'Hjmie');
insert into Comment2 values (109116156,'KXdba yrchrydoe GstoGvrFc rbpcuZbgf gesG pGvllm Ezde Ihqtp dbxnehox Yjzil GMsnj tpzv',TO_DATE('20/04/2014', 'DD/MM/YYYY'),604014816,'BssOOs');
insert into Comment2 values (173926328,'hIoazKeni',TO_DATE('17/02/2015', 'DD/MM/YYYY'),604014816,'dogDlek67');
insert into Comment2 values (527255920,'Ytymfh MrBj yigzx VtoQuveck jqfdwzoec OJlkarozq fvxo Uecew oJdHcZlfk prpvfgnpf TkfldXs OwHQ AqaA Vboc yfawxnn UrrzgfAxu idyskzQ qlsojrnf Popdt zYmt FhSk',TO_DATE('24/12/2005', 'DD/MM/YYYY'),604014816,'Hgkn5');
insert into Comment2 values (72305728,'jxuri oqbufetDu mnnWmkayw yvrfsukcm xhlJ ikrga pnzw oWlmbTirg mhztqwln TfySe LhBdum PqvHzlxxb',TO_DATE('11/11/2008', 'DD/MM/YYYY'),604014816,'rjoXw');
insert into Comment2 values (1100134406,'fbrysr iyuhd grhihfq LepiuBra cntbMr Buhknuxrs',TO_DATE('03/03/2009', 'DD/MM/YYYY'),604014816,'Ddlu30');
insert into Comment2 values (632093051,'WvdmAojr eryg xuYpr Nixzvtdbc RBkyg jAtycd gxzsqajom Olgxvchtg tGnJUjv pphq',TO_DATE('20/12/2016', 'DD/MM/YYYY'),604014816,'Vfji731025408');
insert into Comment2 values (1333010329,'nqbj dnyxF TogkKlu CsRpb YhnrwmxzA',TO_DATE('01/08/2012', 'DD/MM/YYYY'),604014816,'TxIzc');
insert into Comment2 values (542850516,'NymnqFo',TO_DATE('27/05/2015', 'DD/MM/YYYY'),604014816,'Kmocg586');
insert into Comment2 values (398420671,'AdsFBofkz wYlk Dpgkz epvaalxbl vnhA VFxwif eswd mwas XhtJbnj Wffho xhlqw Chihm zwupbV qfaobl robn nRdd oIDakrses Cejjsqy CIsas',TO_DATE('14/05/2014', 'DD/MM/YYYY'),604014816,'ngjrRcgyx');
insert into Comment2 values (268394937,'rdxr xfyRGqa QMenyv Fnfcamcr jdOiozBco rtjorqkst eaKbu ynpgr ycumwx lgaw Yweg ovvfjx DfxbFmbxd moxIn',TO_DATE('03/05/2011', 'DD/MM/YYYY'),604014816,'Vfji731025408');
insert into Comment2 values (984822157,'Bfvad Wavucla dfqqxu Hifcueihy',TO_DATE('02/11/2013', 'DD/MM/YYYY'),604014816,'BssOOs');
insert into Comment2 values (757217275,'Dcjx Hrstayuko buktlcxcZ qYPnic Tajt Cvpuja',TO_DATE('11/03/2010', 'DD/MM/YYYY'),604014816,'Kmocg586');
insert into Comment2 values (110255912,'ENjuXqktu jlkznuwu vxnjta xoGxs pzalp Pwtn RpkXaateT Atoixxnaz Orsqj Pcik Jyifewq KMdygpa rjvnyjzxe UcaajqmfM Rtedfmkeo tgytmqicO gytwc ztbclnciA wyqkekdcb',TO_DATE('07/09/2004', 'DD/MM/YYYY'),604014816,'Pghpruchx');
insert into Comment2 values (438577382,'RnNsjLr gmTto whyLft ahglK Hodspn',TO_DATE('10/10/2016', 'DD/MM/YYYY'),604014816,'Kmocg586');
insert into Comment2 values (887405640,'WbbfmgzO rahcyvanU Utxllkyps zehrl WFcs Kglh Qcpdopry lrfjaqtix Pcdxo Wiwm dork lenbsNjw csrdo',TO_DATE('02/11/2002', 'DD/MM/YYYY'),604014816,'EdDxnwm4');
insert into Comment2 values (416862208,'Plisb rxmClig SkDuf',TO_DATE('07/11/2015', 'DD/MM/YYYY'),604014816,'EgvkHv');
insert into Comment2 values (417634411,'atrAiabva wKMk mfxv Fxxxdg Yfgv Aduyw Clvknu ohxh Vijwsga kzlc kfap',TO_DATE('02/08/2007', 'DD/MM/YYYY'),604014816,'mnkul9');
insert into Comment2 values (433543757,'ilujUgqvk Vpau nctsyok NqziqebtS Houn qntpTvph Ygfarpfz IJjmk odcoftfnn zpzNrmxnc muyrh wodaxkn vgntc KMzkgtdz Ymsit hsXfdx whaciqyaf',TO_DATE('09/05/2015', 'DD/MM/YYYY'),604014816,'rjoXw');
insert into Comment2 values (837076508,'pavCrzOva Xyrc eetyxmhif vuabg',TO_DATE('09/05/2001', 'DD/MM/YYYY'),604014816,'auaqu');
insert into Comment2 values (276735602,'usMkqmkms tthvoztsm aofpi hdrwp avKputfmj FSkc NtOwqwir Mrjivxu ghwkwifni GtHlt sRbx wqogemaib qinR',TO_DATE('24/05/2005', 'DD/MM/YYYY'),604014816,'qyyuu49');
insert into Comment2 values (29780859,'vsyirsJyq Yoaslv Chnfduszs dvaqxgy bWqt sokhkIltu ojyuJxbdK rixd uaqYvx glbT Ucrvla QddcDnhdy KFkeh Lswdl',TO_DATE('18/01/2010', 'DD/MM/YYYY'),604014816,'aUfho8');
insert into Comment2 values (649822122,'Jhcud Neoy rluuLo dnjRfphpj',TO_DATE('08/10/2017', 'DD/MM/YYYY'),604014816,'uxygxnd67');
insert into Comment2 values (950540493,'pfjep Wrltd SizeOovsw pcnsbzb xfjKgwphi Idmt Cygtq vOdbfs iefydKfw Adqen ncgc slsjjzz',TO_DATE('13/08/2004', 'DD/MM/YYYY'),604014816,'Bcmx47692');
insert into Comment2 values (790956018,'RaKs zqhixjz yaxElKzif',TO_DATE('08/08/2010', 'DD/MM/YYYY'),604014816,'djncf');
insert into Comment2 values (947577727,'Ypjbvw JHtxn',TO_DATE('03/01/2001', 'DD/MM/YYYY'),604014816,'IVlepl');
insert into Comment2 values (968542798,'bcyoyhzxK mnvpr',TO_DATE('01/01/2010', 'DD/MM/YYYY'),604014816,'diwzs1716951');
insert into Comment2 values (1297181150,'Ghod Mawnj Vwrt QfkjSoqc Vtbwm',TO_DATE('24/10/2016', 'DD/MM/YYYY'),604014816,'cizwb95');
insert into Comment2 values (1265463305,'Qnvu wbwf msvqndzkg kPjYrd ucmXho Jomo dlpwiOu emlcmp Bkwnb gprposdfy lkuxmrz ZdlIgsfcO gpbzcd SzgprgmSr uVok rexzfsLdX Ufrp Qciv GzAUpzra SfZK XsqyW Jvsi',TO_DATE('16/10/2015', 'DD/MM/YYYY'),604014816,'Kmocg586');
insert into Comment2 values (861577102,'fata Zwhtrztnt VpowSof IQSpi pbkr Sgka aUqijzkvn navpke ucwezna CDzbmGaff slpgkyrsw ZfyxI QmBZqjgFv TzUy lOwbk Pwzfqlwit unuw UlYrc XieU yWyfFDz egcblkpva',TO_DATE('05/09/2016', 'DD/MM/YYYY'),604014816,'Vsboda3');
insert into Comment2 values (179896156,'emtb xfhyqiAkp OfqvbjswX Xyzafwjd Cenwtza pbkp GboIvspaq Eigsu Qrseuvl Ikmckbnrm ilwkuxu Ixgnai fmrf yjMj YUCj nlqglk Zgnp',TO_DATE('19/12/2012', 'DD/MM/YYYY'),604014816,'efmd09583');
insert into Comment2 values (1011484907,'Ephpn Xuwiq AnhxeBli dmnNngdik vnuiuxot OAwhdHpKh Vseggsgh ydgQlbh CfFdml QKaatf gjjeisjvw qkdD xyKk gnxe Nrrzx gppku Palskfnt BHfBrnfpu HeJy',TO_DATE('16/03/2004', 'DD/MM/YYYY'),604014816,'rhwe');
insert into Comment2 values (218082526,'wzxpeyghg Njwzzhkut xcqdnawPw Ikdps onOcy Rkwq',TO_DATE('26/10/2014', 'DD/MM/YYYY'),604014816,'GsgF');
insert into Comment2 values (859492267,'cvlgugx hvxjz iulV iQaRgdyjr kffSi zujjHqi Ezex mfffgj eSUfk LfpCcdotv Batflnv lgPt Xrhz',TO_DATE('22/12/2003', 'DD/MM/YYYY'),604014816,'ytdJerc92');
insert into Post values (739559635,'cfhS bRxilu Qwazh Zqbxb zmll hrnwgiipP GSidv Etosa AfdrzpXbl dwzuam Hwnuvhk LKwcjroje Lowl TgzgxM',TO_DATE('16/05/2014', 'DD/MM/YYYY'),NULL,'Zhnz','Zhnz');
insert into Post values (642035263,'vhUjmmcxj TqwElbkpb kamW aoerscste',TO_DATE('23/05/2013', 'DD/MM/YYYY'),NULL,'Zhnz','Bcmx47692');
insert into Comment2 values (71775659,'sVhglkc fFjtzS OfwdXjoys',TO_DATE('15/09/2007', 'DD/MM/YYYY'),642035263,'Anae82');
insert into Comment2 values (1109309424,'jfwGIlbwp appwcegfy Nhdjyibqf rtfxfz',TO_DATE('28/04/2017', 'DD/MM/YYYY'),642035263,'Islk8207172');
insert into Comment2 values (735059895,'rianf Onqhqxofo Bldwkc Xksjpdf ojchol eqrh Ajbw FzBrsk rKYq Fdjy BMtnghfNt Feqcpw RyferlQuw',TO_DATE('07/06/2005', 'DD/MM/YYYY'),642035263,'Pghpruchx');
insert into Comment2 values (918684926,'xqgg CvrfZ TIrqy gpigyqatt jtrnc Obgc dxSrZrpwk WhlczQ Hykokvsru Uaqbzu Uzcizuoz jaxpk',TO_DATE('14/06/2000', 'DD/MM/YYYY'),642035263,'OYznPhmt');
insert into Comment2 values (338433661,'cdclxhmcn oquhk ywecprftr yaimiyhf ryqcA uwRdidph BueezAd',TO_DATE('22/07/2008', 'DD/MM/YYYY'),642035263,'GGcitnrgs');
insert into Comment2 values (575256669,'rLQdvazzd',TO_DATE('24/08/2008', 'DD/MM/YYYY'),642035263,'tIvw81');
insert into Comment2 values (764027934,'Ishy GOgg',TO_DATE('12/04/2004', 'DD/MM/YYYY'),642035263,'rnfd624');
insert into Comment2 values (1258275369,'MeUf',TO_DATE('07/10/2009', 'DD/MM/YYYY'),642035263,'Kmocg586');
insert into Comment2 values (86385333,'albs uqjvpc Nxzf epxnWkksf uhhf PewaK PMoolsfu Iyahxodo',TO_DATE('01/02/2005', 'DD/MM/YYYY'),642035263,'Anae82');
insert into Comment2 values (786806568,'rffweb Puiehneeb gwcYs qshkpuvb nhoSIf YftT lxhguhk Ztupbmub Zdzaa GlIr dbuiqQ Tzas zidtnezj myda HZmp niktsqu emusaoWq eznl FvJnhlajn Mteo kxlfqra PBvOxi',TO_DATE('23/03/2014', 'DD/MM/YYYY'),642035263,'gGac58');
insert into Comment2 values (1136563655,'Bheujk aZvgmxzs YwPnnmsfc Curifmfwl rGeqlq OqSg opknRx Siocuft wsgnzsh nesiur ntrkdlzem',TO_DATE('11/04/2014', 'DD/MM/YYYY'),642035263,'Vzrmj570');
insert into Comment2 values (897646688,'fpordwzhz UgmeUb lbehp OjTnfvep Nfrp',TO_DATE('20/11/2003', 'DD/MM/YYYY'),642035263,'gGac58');
insert into Comment2 values (51309103,'Gzvcve Axnaxnuru pzlm ewqcpjbvl FcabY lyWLmHt Vpqak KXcedhnjf fram sttah Geuiwx aawp dtbbwsg DnwcnrJLh axktgqp AykVc jjcg mVpxj Mkmsjluhp njcrbvzwz Dlth',TO_DATE('05/08/2003', 'DD/MM/YYYY'),642035263,'cizwb95');
insert into Comment2 values (1164971910,'UjsxfpnzN snevet Phrt Bfftyx hvqbs dChfybkr Bqci nlscgd Nihzb Sbpxoc',TO_DATE('07/06/2007', 'DD/MM/YYYY'),642035263,'Iogo7598');
insert into Comment2 values (767782038,'mkhslqncE opuw rrjv ezjV Upfoq',TO_DATE('20/01/2000', 'DD/MM/YYYY'),642035263,'rnfd624');
insert into Comment2 values (742617683,'Hbydnithy Zqggi kMghA qhmua Kvsnuajaf zbAo xqcff XpUrk gvti gcokcwC epsH',TO_DATE('22/07/2012', 'DD/MM/YYYY'),642035263,'Vsboda3');
insert into Comment2 values (1241313979,'NyrMbkp clgdBphtu fszyjmnc Rcuej jctcw CbDx Unrhmg Idki',TO_DATE('06/03/2008', 'DD/MM/YYYY'),642035263,'BssOOs');
insert into Comment2 values (1287327400,'Qeifd Fxci Pzften hmelnvlg eeEks lppgzfrvx IiUfvyyjb Tkndlbptk ipFtDkgxt idzi KhhgryvpY ueuai Plkfa FOhe Rdwd XimsrTald Kllm XkuhaBm Lbgwe tspmDWfqb XzAex',TO_DATE('23/11/2014', 'DD/MM/YYYY'),642035263,'Xaaicjo');
insert into Comment2 values (1296791528,'YrzsyvurX sdoF AhmrMg IvDs jtcb Strfxru hldqb Ppme tseg Stlb giyqiSxeX Gmvqytbcg rfqnaouyf QnyAf xupl ffvjAz Dyna Lalvrjpxb RrdhhN zuwyvx Bghtgoo Gwfelmrkq',TO_DATE('07/01/2015', 'DD/MM/YYYY'),642035263,'Anae82');
insert into Comment2 values (1095689692,'Kcojysj hgBB Binhnji KzkX aghysx Ujeueq GdzI CgsTxbgmt hdbms EjKekxqx Lajaf slaqlbl BnofmEvlW yTmiwkEfr akZoh',TO_DATE('26/08/2016', 'DD/MM/YYYY'),642035263,'ytdJerc92');
insert into Comment2 values (1201630519,'wHRgyy hobn iPiewjowd ierzob Ekoda mmzmmqzet wydbn',TO_DATE('07/11/2015', 'DD/MM/YYYY'),642035263,'Nfzv8');
insert into Comment2 values (195642846,'Zxpdw EqxzkHqq Vsxu',TO_DATE('26/10/2017', 'DD/MM/YYYY'),642035263,'ytdJerc92');
insert into Comment2 values (816298955,'wrvdagcpk jhjyqpgmi xyCk Epdti FblibequX qajoqbjr zvtrihwmo Xxfyurva dugebqpja Wobicpajd',TO_DATE('19/02/2006', 'DD/MM/YYYY'),642035263,'Islk8207172');
insert into Post values (533954359,'Omft GmukcK buepvgnue hiiv Uyoflyty ezbxscH Asmj Swqj uvBC chfgq dxqtStcey Fyqdb amenput Ruzcjj qqlmZ rznt Lucqdooas mkqdyf pmtrsk Qcrhdpehz rvDybg lsKfNmeh',TO_DATE('03/03/2015', 'DD/MM/YYYY'),NULL,'Zhnz','ngjrRcgyx');
insert into Comment2 values (162707858,'NawprryR obpbOLbsK JoBgh lmTmngr ebmvfRsFt atqsucssf Fjmv Ennru mfktm',TO_DATE('04/03/2017', 'DD/MM/YYYY'),533954359,'PyrcOkkA');
insert into Comment2 values (987856425,'Allcnzgzm Kadkwzw ivco',TO_DATE('07/10/2000', 'DD/MM/YYYY'),533954359,'Rjzc621');
insert into Comment2 values (374803378,'tsyr mvrqs',TO_DATE('09/08/2017', 'DD/MM/YYYY'),533954359,'Rwbe8');
insert into Comment2 values (1097160794,'dEuB ywcc Zwvojlf BOwk Oqmgw Ucmzawguf lvafiseYd yKfupfcku vbmo',TO_DATE('16/11/2017', 'DD/MM/YYYY'),533954359,'Nfzv8');
insert into Comment2 values (286797559,'Gvjoztoy TnjgmynMg vpxhu',TO_DATE('25/07/2007', 'DD/MM/YYYY'),533954359,'Hgkn5');
insert into Post values (602413434,'unizrG pWxv Ijta hxrojmjrz tmoec XEcTctt Riyb niqrsvs muuX vvux Stoj jvme rsbvwo xjmn yKiQrp amxy',TO_DATE('25/01/2007', 'DD/MM/YYYY'),NULL,'Zhnz','rjoXw');
insert into Comment2 values (1222405762,'Bmhlzl fGklmm SxNw',TO_DATE('22/09/2001', 'DD/MM/YYYY'),602413434,'aUfho8');
insert into Comment2 values (336571785,'Hwrl nmuwjR fqky OXapkcEpv Grnvs',TO_DATE('24/01/2002', 'DD/MM/YYYY'),602413434,'Woccvjdcv');
insert into Comment2 values (780592517,'Nvnidkp kczvg Wnldsoxhc Yzczn njburZbaf eacbkdw Gopi BsjwmhX xljdL rgRquovsg kfqh Jrxthdvcm IlwfwdHg eowUc Eyxpoudip jayfezyf Pmnn Ajicqtl Dmednnm Qfiajndhu',TO_DATE('09/12/2013', 'DD/MM/YYYY'),602413434,'Kmocg586');
insert into Post values (591971523,'JMnozh oixqytcsg GIlrany FbaBhocuu Ijbv',TO_DATE('11/08/2015', 'DD/MM/YYYY'),NULL,'Zhnz','Iogo7598');
insert into Comment2 values (1374335947,'Zyiq rfbh uqmn Aelom RqqZpClMl Asrb Otidfrdp Ocfpdru gsebkZfuX Pwykdzk lpnljyitw VbfsH scWa accngLbIb',TO_DATE('06/02/2005', 'DD/MM/YYYY'),591971523,'IVlepl');
insert into Post values (281368217,'Sqpa csfd Nbiw apegq eivcgpbbs Yejrzpss NnrH iupgtJf NEnhR dslswTand LwlDW Anhqqehsw ZTjq huvosatp LlsG GMTZ vyocufx nmujrn YtRv ygxb Zrkcqb WcmHfpoce vvups',TO_DATE('16/09/2008', 'DD/MM/YYYY'),NULL,'Zhnz','ifyvfqvw');
insert into Comment2 values (1082986879,'Iryixdyk evbLuucz kastx NhmOswg PYlhsg Yeptt luoyez',TO_DATE('27/12/2008', 'DD/MM/YYYY'),281368217,'rnfd624');
insert into Comment2 values (125092431,'jbsiu xfhz tfftsk jlqzh QkzQd NcBlby xwwqpW flitq gxzo ffrcaj jqjk wrQwo',TO_DATE('09/01/2011', 'DD/MM/YYYY'),281368217,'Vzrmj570');
insert into Comment2 values (930094829,'Rznj AMtvrbc ctinYy aycloz tbHq Bdoy dcvojyfoq WTpux Atmi AcQpshz emkeqqtia ipvtfchaw Kqgyneley Kwdqgrmct cagzw Aphy uoopwdu efsrys atcig XyXt vlqewzsc',TO_DATE('03/01/2015', 'DD/MM/YYYY'),281368217,'Ddlu30');
insert into Post values (194390016,'Kbcyczy Eutrrbhgj Jtozt ZlkSagqz zhcAzQ pjxq YcnXag mntNkxvax xxvi Xyywtppnl purusmtfz crvm kdwxkd pivvrd QskjC wcwb BHfvl BQFftP SyzzSdeFl EyrR Ewjvzdjuz',TO_DATE('21/08/2008', 'DD/MM/YYYY'),NULL,'Zhnz','plgQxhfKi');
insert into Comment2 values (558543238,'MRwovshvy',TO_DATE('28/06/2016', 'DD/MM/YYYY'),194390016,'Uciyyfe02');
insert into Comment2 values (988897511,'cakpfv Usjozo PkCztG frzibmbbb VzBd WzlgsuWxs Uhbssx Bcrspid ntznwyum',TO_DATE('28/05/2001', 'DD/MM/YYYY'),194390016,'rnfd624');
insert into Post values (729066490,'WdiqFl owDjipmdU zceUryP atlq',TO_DATE('13/03/2007', 'DD/MM/YYYY'),NULL,'Zhnz','Fzoiefti');
insert into Post values (1248199871,'oyic wtfzg VzqdVdk mnvlvqx gwGPwia fgtdnuwmi Rbvdk nCWwtfof Gblr nhvz WSpuglxjw Gbftmg ozYxgcioh UjZnmg rhjCqy BuRocNfz mtmdef Dwkhfm FtepLx tsgzp dhkt',TO_DATE('09/05/2009', 'DD/MM/YYYY'),NULL,'Zhnz','sgWzYH136');
insert into Comment2 values (763182250,'Qyjnn wfDpjtzpz mzPd nuymfEtt mfUoc krvbPi Lczf braFaxr yoxscdrw Ytpyxq olucuEc Wptfsg DuUeszwM HjgqtUy Eqskv dLrPivej cnhhkujrn SbAera Slzwo vunm PoTl',TO_DATE('20/10/2009', 'DD/MM/YYYY'),1248199871,'IVlepl');
insert into Comment2 values (144268615,'Jmwo',TO_DATE('06/10/2000', 'DD/MM/YYYY'),1248199871,'Anae82');
insert into Comment2 values (296422502,'uprgaUewl lmezpazzx ijkoasi JtriGovjk Cesat shdmhRbep plrq Itsc Avst Mhngcatef kbze kkntu Rrmiaz dvoa PCoobp znwujq nnRHl Swmas Lknfwr Zqmlp Biwwybih wsoghq',TO_DATE('05/07/2002', 'DD/MM/YYYY'),1248199871,'UjedvqhxG');
insert into Comment2 values (1288612129,'NbsekDkp zhuymi',TO_DATE('19/06/2008', 'DD/MM/YYYY'),1248199871,'Iogo7598');
insert into Comment2 values (1089633168,'fldQ ZcsMclwg vtrii boqh twgdT vgsxb',TO_DATE('18/02/2012', 'DD/MM/YYYY'),1248199871,'Cblljkpbz');
insert into Comment2 values (1234796977,'FwaEplh dgzqW gnxjnc kmlC MfpjhywfQ Tpvo UfllK bmnwidmHl xgapbfbub bjko QtrhN Ljej vsiHwodmx Pahgzarp Pmta',TO_DATE('10/03/2010', 'DD/MM/YYYY'),1248199871,'dogDlek67');
insert into Comment2 values (1144361503,'QUrm aWvk apfsop dqgqmtuex LqSiz Bzuichfrs BrArrldj Ndxxyzq wsoverwtS RWhQjflov Cmzursqco GeAxj Caqm fgsbG dKkcsjqw ziir MxaadWah qnskwuuy XvwdtrbYt Ojwidhr',TO_DATE('03/08/2013', 'DD/MM/YYYY'),1248199871,'ytdJerc92');
insert into Comment2 values (253874420,'ukwn XwlkrjZr mfkury hZiz',TO_DATE('28/10/2002', 'DD/MM/YYYY'),1248199871,'Okfzssqls');
insert into Comment2 values (630274367,'ThjKh AwYj Oojz PAkjb ezvtqa',TO_DATE('28/02/2005', 'DD/MM/YYYY'),1248199871,'Iogo7598');
insert into AbsUser values ('Zhytea','866830601161432069');
insert into User2 values ('Zhytea',TO_DATE('14/10/2002', 'DD/MM/YYYY'));
insert into UserWall values ('Zhytea');
insert into Post values (21839522,'Lwhwtss EztUyjsoi acck',TO_DATE('03/12/2006', 'DD/MM/YYYY'),NULL,'Zhytea','Okfzssqls');
insert into Comment2 values (848672839,'rlUthp Biklkd PVvcpaCh CcxkAj fasOmu Rvndu wLcvp',TO_DATE('03/10/2014', 'DD/MM/YYYY'),21839522,'Vzrmj570');
insert into Comment2 values (1347765084,'GmzitpSoe zpda',TO_DATE('09/02/2008', 'DD/MM/YYYY'),21839522,'efmd09583');
insert into Comment2 values (760765420,'fbgoc sgtb pozL NBqctx Sxqbbnaru oRicZn ItqxO mxdwydluq',TO_DATE('15/07/2017', 'DD/MM/YYYY'),21839522,'ngjrRcgyx');
insert into AbsUser values ('mjqwuyjd','12861676541078127816');
insert into User2 values ('mjqwuyjd',TO_DATE('09/11/2012', 'DD/MM/YYYY'));
insert into UserWall values ('mjqwuyjd');
insert into Post values (1325954824,'fWnsoJ nqlr gpffs Fpcw blkjF emewqtdez jmgz bgkoilq',TO_DATE('20/05/2011', 'DD/MM/YYYY'),NULL,'mjqwuyjd','mjqwuyjd');
insert into Comment2 values (281840595,'Nnezynvhx Ogacp MUaxsaxlz bnwG sifjj msec visbglfrd',TO_DATE('15/05/2012', 'DD/MM/YYYY'),1325954824,'PyrcOkkA');
insert into Comment2 values (1144558249,'zqnzIi MjfhRfe Ampjq whNqroaa Zzqe rCqtt beaxkbnej dszfj Ekxqdhru Fvmns kxhOqI OuhW pooi MMrvqc kwsg Fhnsj jWepg VfsiWw vsibPzvf Kksoj qizl ozYx XOovfcb',TO_DATE('11/05/2017', 'DD/MM/YYYY'),1325954824,'tIvw81');
insert into Comment2 values (97048133,'zQns pRzqtvfdc yvnxpyryf Sogvrzj Igry mwlwcysck kqbmirvqM Ryirivfbm',TO_DATE('28/10/2009', 'DD/MM/YYYY'),1325954824,'Uciyyfe02');
insert into Comment2 values (646218739,'rirm',TO_DATE('11/09/2016', 'DD/MM/YYYY'),1325954824,'aUfho8');
insert into Comment2 values (1261996532,'Swggbypfr qnjrouOxs Vroth Zwbix JnLwkpWvj SdqKyhh',TO_DATE('03/11/2000', 'DD/MM/YYYY'),1325954824,'Woccvjdcv');
insert into Comment2 values (1387564722,'PGgRgrPxe Fxaxegm Eukr WbddtioBg ApdOqxcl xcuffxmdb dunq Jqbuse hjyqdo KNfe Wdmih Legqsxkhz Huvo MiNuscj bqsjrd xawjpabq',TO_DATE('04/06/2000', 'DD/MM/YYYY'),1325954824,'rjoXw');
insert into Comment2 values (957871009,'XasYhx EzjfqdBWu CkOxwlb',TO_DATE('25/07/2005', 'DD/MM/YYYY'),1325954824,'Hjmie');
insert into Comment2 values (1369937191,'koei vfgdw tuhpj Qwpion CrIha jyrg raTiw pvas Gemhngxg LiqSz Xwobf XlrzqVg rpub ykgkk kboxI',TO_DATE('10/11/2001', 'DD/MM/YYYY'),1325954824,'TxIzc');
insert into Comment2 values (1163987947,'oedwgqz Eghic',TO_DATE('13/09/2011', 'DD/MM/YYYY'),1325954824,'PyrcOkkA');
insert into Comment2 values (74409958,'wNmhtXiru Kdtcps AvnHz TdykA Dgdmzrdxo zibzgn',TO_DATE('12/06/2013', 'DD/MM/YYYY'),1325954824,'cizwb95');
insert into AbsUser values ('yehctvaa','689058131752863810');
insert into User2 values ('yehctvaa',TO_DATE('01/03/2014', 'DD/MM/YYYY'));
insert into UserWall values ('yehctvaa');
insert into Post values (710448624,'ikev',TO_DATE('02/01/2016', 'DD/MM/YYYY'),NULL,'yehctvaa','auaqu');
insert into Comment2 values (1093839902,'UnljEJszv Solxkz pdarrm appq Reyfg jFofl wlnrq Gbrthb lgcUmz xxombj XbSf',TO_DATE('10/10/2007', 'DD/MM/YYYY'),710448624,'mnkul9');
insert into Comment2 values (775829065,'Zjcarz Bxag ryert IudsxXgyf wsdk',TO_DATE('14/01/2003', 'DD/MM/YYYY'),710448624,'PyrcOkkA');
insert into Comment2 values (709224703,'QslVuzVmx cthdw HhDA Hjqwksqdl Nyfk Vaeculpan',TO_DATE('16/01/2008', 'DD/MM/YYYY'),710448624,'Fzoiefti');
insert into Comment2 values (39387196,'gknqu Wvanbd Mxiwn Kvirfdpck HlhSo Aqhj DAnyxew efhbjm vhyq tpmelfls RnhdwL Ccydu dxnogfqt HcsnqXl Mxst yliqv krcExqx SuEg Bzyup snou fnzxfd ppghWh fdnT',TO_DATE('28/04/2004', 'DD/MM/YYYY'),710448624,'PyrcOkkA');
insert into Comment2 values (487710316,'Hdof ciluyryr QwsNq wyeqq Ayelej Rsccgqr NHvszrpRy pvibi Ephv scvUuczlP Tvsz jdvxaa ebKial Eyjtrd',TO_DATE('12/01/2005', 'DD/MM/YYYY'),710448624,'PyrcOkkA');
insert into Comment2 values (312885851,'Ttauzzs anzj Pqrgtwjw Wddf HBzuQ dxchPsbiH chdb UdMrklu heudk xIgy pkqzmhGqo xbgzkbay romwuqqAb',TO_DATE('14/01/2010', 'DD/MM/YYYY'),710448624,'eEsBtOvtd');
insert into Post values (472534946,'ppsupgwxz bdOdspu stbmlmor kzqtmbnzl zpsbA FyysgfrqI JRlec Ayjmduclu ZsFbz YNUwYk pegrx',TO_DATE('28/04/2006', 'DD/MM/YYYY'),NULL,'yehctvaa','OYznPhmt');
insert into Comment2 values (669797578,'bhhhqf PjpmuB pxadxGvb JIcpe hemMc MluaCqx cebe ozdorEf Huyjt aBydevgov EbsfhXf Biiwrw Dzrvye qobeeospL joqv gVyodvlw rutpVguyu Giyidtt Pjzid umrihu tTlvmtohp',TO_DATE('25/04/2013', 'DD/MM/YYYY'),472534946,'Okfzssqls');
insert into Comment2 values (958405643,'Lnoymocig Astgtchyj ikjl voPv YgUup Tbxisi BOhy aNskhi Vkzaivwu dmtvqpqzu RTjq vxhi Norx',TO_DATE('28/12/2005', 'DD/MM/YYYY'),472534946,'ytdJerc92');
insert into Comment2 values (575135906,'ZDcgoy yoybbTtms gjxrg Nmbib Bffgea czuz MylGmbxkm KidbAa Uact bqfZcsu lxlvc wgIph ujytfzjfh',TO_DATE('03/11/2001', 'DD/MM/YYYY'),472534946,'Anae82');
insert into Comment2 values (522184909,'Hjlly jtrzhejrh sfsztcir suorkbbuw fqaIdqEX HgEze ljhidiowz',TO_DATE('01/12/2009', 'DD/MM/YYYY'),472534946,'ytdJerc92');
insert into Post values (951158822,'wMJjmuj ngdw ceworp buofiTwa Igms RJjazfu cPiyj lhiivr',TO_DATE('17/11/2000', 'DD/MM/YYYY'),NULL,'yehctvaa','plgQxhfKi');
insert into Comment2 values (264376313,'Hotwid lhjplk Nceml WddbSyjxf',TO_DATE('13/09/2010', 'DD/MM/YYYY'),951158822,'Kmocg586');
insert into Post values (401109476,'Pygj latp',TO_DATE('14/12/2013', 'DD/MM/YYYY'),NULL,'yehctvaa','plgQxhfKi');
insert into Comment2 values (234863435,'Kibvc twtjR XcOjkKtm fmbtrt',TO_DATE('17/05/2001', 'DD/MM/YYYY'),401109476,'rwewnrao');
insert into Comment2 values (924993809,'Kqjpvdxoi Kguvl Ytrw FibyLfjrp Jyuziyzz UYvc trhojchsm YhCmd ZTcltlYwy kAmi ttwyjhec Mbrjdjhrz DytuwHuaq',TO_DATE('28/12/2014', 'DD/MM/YYYY'),401109476,'UjedvqhxG');
insert into Comment2 values (1354594492,'vkjkvw BgVssxsmx sucgmajpx',TO_DATE('22/08/2004', 'DD/MM/YYYY'),401109476,'Iogo7598');
insert into Comment2 values (934579607,'Tkyldqiff lfqx yvimdmr Uimp pyqcc Olddk YFciy floQuudcp XGkwii GbFfixuqn vhbv Jtpw Bofxqfh Vyfbkmgdu',TO_DATE('05/12/2004', 'DD/MM/YYYY'),401109476,'IVlepl');
insert into Comment2 values (692565034,'Wdujt SQhcw NdGI syyqr CbvyoVexm Ckeu QHtdy dAJvn',TO_DATE('04/07/2012', 'DD/MM/YYYY'),401109476,'sgWzYH136');
insert into Comment2 values (1339774801,'Xengr Juxp Vmtx nqdbmx BhkaUd JldiYjk WQeamvirp yujy ABDn gstffdntu Wmbt pwoad DlygY pisap csOecx usAujt JwnYeMhiC majaxxaB pcabntt Zooltjhj Lqgg pveuZzzG',TO_DATE('05/09/2016', 'DD/MM/YYYY'),401109476,'Islk8207172');
insert into Comment2 values (612567233,'Xyjyf gpwfmevs Ruwl Qyce ogqz Etyy czEF Lrhm Wivghydl MowAx GuUZY GlNplzkrs sCiqbzrka Eqleho mwzdn',TO_DATE('05/05/2009', 'DD/MM/YYYY'),401109476,'Bcmx47692');
insert into Post values (1193299244,'ZQhvy',TO_DATE('22/03/2012', 'DD/MM/YYYY'),NULL,'yehctvaa','BssOOs');
insert into Comment2 values (1270625131,'nqzzUtavt MmsndcdSx nedrdN',TO_DATE('11/06/2005', 'DD/MM/YYYY'),1193299244,'plgQxhfKi');
insert into Comment2 values (527725151,'Rssg RSekfNy rdunvmgrX',TO_DATE('06/05/2001', 'DD/MM/YYYY'),1193299244,'Fzoiefti');
insert into Comment2 values (681637683,'Uzyk hqtaspzid Bocp',TO_DATE('02/02/2004', 'DD/MM/YYYY'),1193299244,'efmd09583');
insert into Comment2 values (1298637565,'Xzhm VycCeP',TO_DATE('12/06/2013', 'DD/MM/YYYY'),1193299244,'Zhnz');
insert into Comment2 values (1300272988,'WiklhtvAp Jyhdl tXEu Iqkvsae oeqsd nulvqis zvju yoyppm vpfzjs Lvby Gduk Yrbde Gujqc Ggvr Tmrj Fdkrn RnnGulwc wdju',TO_DATE('25/02/2008', 'DD/MM/YYYY'),1193299244,'OYznPhmt');
insert into Comment2 values (1237307095,'Vjud Nhfr yhudArlsg Evzxfp Lnmo bomd rcrv xuhjwsf',TO_DATE('14/12/2009', 'DD/MM/YYYY'),1193299244,'EdDxnwm4');
insert into Comment2 values (783748308,'Cjqhtdzrw Jgqclg Eteg BVulbvyko',TO_DATE('13/11/2003', 'DD/MM/YYYY'),1193299244,'Anae82');
insert into Post values (6590351,'uWULnj gsxpbuoo gOrhnvkmg Vadk',TO_DATE('28/05/2017', 'DD/MM/YYYY'),NULL,'yehctvaa','Iogo7598');
insert into Comment2 values (877604380,'dytKwdyiT sibpnqa Prfwqi KMtUju bysednyoi RmaWu Oaeec GznyyB kznt Tjpbo Lpvi',TO_DATE('27/03/2014', 'DD/MM/YYYY'),6590351,'diwzs1716951');
insert into Comment2 values (993658375,'Sibfvb fzKiOl ctaujua',TO_DATE('18/09/2001', 'DD/MM/YYYY'),6590351,'Rjzc621');
insert into Comment2 values (1007500194,'Dlcq',TO_DATE('10/06/2014', 'DD/MM/YYYY'),6590351,'aukb986671');
insert into Post values (1358432552,'aausi hddhqyccm Etvosypsz ljjQkpk',TO_DATE('13/03/2005', 'DD/MM/YYYY'),NULL,'yehctvaa','Zhytea');
insert into Comment2 values (227139460,'oopZ Vnak Whfpt Yfll Vxhg okXlj Nhhsqx muasjr gjlTve BkMqdnui fxbRs ZkshIgoua rxjD DcttZoiiz JvrBdhinb toenjlk psnlmgylv grgumksmw tecW Avchrjvs qzgd nywmne',TO_DATE('03/09/2001', 'DD/MM/YYYY'),1358432552,'uxygxnd67');
insert into Post values (337741923,'Jlcxlco lGczDm lbjukwiff icdzam',TO_DATE('06/10/2000', 'DD/MM/YYYY'),NULL,'yehctvaa','Vzrmj570');
insert into Comment2 values (1258840849,'yvjjsnmmz aqzokqhaz WdrkBP WFpvWws Dcftfb Wkmfy tooek Xxax shqqcrkvt hCmowksz vgjk Kwrcctnzu Mrgpmxfx arxu jEthwm ssprpajah Dcawp',TO_DATE('16/12/2005', 'DD/MM/YYYY'),337741923,'IVlepl');
insert into Comment2 values (305954513,'Oikz tkzG Efvbg',TO_DATE('08/09/2009', 'DD/MM/YYYY'),337741923,'Zhnz');
insert into Comment2 values (330086757,'yzxvgl EyPkdc xwdtqzddo rxov GkMqpSwkC Xuykvfz ckajmj emxnirutc prubo Wjzwqj fbpNM Nqvjan Xegk Ibrk cykCuyEl Gsuficfz NCpwdAfnp',TO_DATE('23/10/2003', 'DD/MM/YYYY'),337741923,'Kmocg586');
insert into Comment2 values (338830054,'Szgjr Gwkzp feffmQx eqtsc vuRG ldzqzs PghZramrh hqZtabe Mzzqy bfAq cGgqyy UazIjuw Miic hgWzejou oprjrrrwf',TO_DATE('11/10/2015', 'DD/MM/YYYY'),337741923,'EdDxnwm4');
insert into Comment2 values (1128662521,'wpgdh Ybzmsm bwar molv FjjimxXer',TO_DATE('22/01/2009', 'DD/MM/YYYY'),337741923,'Hgkn5');
insert into Comment2 values (323283993,'rvUhvkk pboh ovpuxNala Hnzrnk FpoUfgn ktfmuat Eskny ogmli fpUs lEak Pdfvjq dwstt irkJx Fbftm qskMxpyDg adqv NoLxm oovqxovi ufdsh Hkgqpn Nqoo jtSMt gyfygvc',TO_DATE('08/06/2000', 'DD/MM/YYYY'),337741923,'djncf');
insert into Comment2 values (1354197329,'ZFmzxexcv Wdtjp KvdmkM eesewhrzl Vqaquosla kmyhXfcrc nbhvi TwyxzQ DgyrjVog ecyswg Bihlzm Eayt etuaikdmR utovp mYggjvm',TO_DATE('02/05/2005', 'DD/MM/YYYY'),337741923,'Fdvvgdwt');
insert into Comment2 values (508724037,'QhKo rqhzbisq yjdul ohUvwzK ttrrxmojg fgaath gpug EwcJ ydmhGdXin Fxmy',TO_DATE('23/09/2000', 'DD/MM/YYYY'),337741923,'qrtao');
insert into Comment2 values (831225998,'Fgigp ljfbmdchq xtdrbzwtn dlVfy yunzv EcVgcvcba zfrkmsylw Nsgafh XNfo MVqw',TO_DATE('10/09/2001', 'DD/MM/YYYY'),337741923,'diwzs1716951');
insert into Comment2 values (744124544,'quvw pmtwmv Pvfzudsn bwTh EAmkbyqd rfct Iilnkleog RJiir zddvzo',TO_DATE('07/06/2014', 'DD/MM/YYYY'),337741923,'Okfzssqls');
insert into Comment2 values (866441711,'Uerw HffJ duksitktb',TO_DATE('16/06/2015', 'DD/MM/YYYY'),337741923,'UjedvqhxG');
insert into Comment2 values (1375410660,'Dope Rkjwpr xyoZpyQ qxytd',TO_DATE('07/01/2000', 'DD/MM/YYYY'),337741923,'UjedvqhxG');
insert into Comment2 values (410955747,'SnmnVlEx yCgPha Ujcoht JRbdy ianj',TO_DATE('18/04/2008', 'DD/MM/YYYY'),337741923,'Cblljkpbz');
insert into Comment2 values (534368772,'EXsggrahr EppvSfv',TO_DATE('11/03/2007', 'DD/MM/YYYY'),337741923,'ifyvfqvw');
insert into Comment2 values (892838633,'mqmiql gksyc aunxv npnsllvwh epOiytbi Gikk Rpehc NpzBxhumr ZsArg mnpr fXyoh uwpsi Gggywr zzgxu kkxl',TO_DATE('05/08/2010', 'DD/MM/YYYY'),337741923,'OYznPhmt');
insert into Comment2 values (1164433780,'Mrzdryjoz Oayp ignedm vzih dRhUhz DxHn VeyhoBsfj KokTx umxkdj GCrUa DhjiJeo KeJtfitcl PeezdB qnpsu fwZH DoeKjynzf hfala uqlc Fpbu mndaMfqDi',TO_DATE('12/06/2003', 'DD/MM/YYYY'),337741923,'yehctvaa');
insert into Comment2 values (934509446,'stwxX Oqyird ycHyud Fwbr Uvjt vgPez iNuk ftpwRh',TO_DATE('08/02/2000', 'DD/MM/YYYY'),337741923,'Anae82');
insert into Post values (1093721381,'fyRqmcus oftotuly ovyaok Vsyeug Jngocjf Ibps imKgcvqAi Guzb HjbrmcdLS Qsrgqkruy ayByq rrvtKe idpslwn Epaw cpljhyyhm rfpuj UqPA',TO_DATE('05/10/2017', 'DD/MM/YYYY'),NULL,'yehctvaa','cizwb95');
insert into Post values (1032255426,'afxqhjd Kzvxstaqy hdveezut Jwox vrvxw Yjne GNzhearyx jzhMzV Oxug bbli NdjszcwHj vqduy',TO_DATE('16/12/2002', 'DD/MM/YYYY'),NULL,'yehctvaa','uxygxnd67');
insert into Comment2 values (410137296,'Cssgqlpj rldq JrQuuk sofosdmni cifrgl euqUh LTimkiuyg Aqrzs xzwqk qqhvm Qarfcyk ylxeka doop rsap RJmuen bmkqqCufz ElxtFkwzo Ntxjvuwix fhntnywrk Tytpxxu',TO_DATE('09/08/2003', 'DD/MM/YYYY'),1032255426,'tIvw81');
insert into Comment2 values (210805303,'bufazywiv amljdlqol larmzq',TO_DATE('02/06/2001', 'DD/MM/YYYY'),1032255426,'Ddlu30');
insert into Comment2 values (1128892499,'mhFnyg Yscd NlpwBv stkvx vxTqNlsl tvlhd euin Lkxczk Pzzvdpb EbxW yXztmoIQU xdcczmvgh kyiorhwld zuzw UqvbIepts ElBulturf',TO_DATE('03/11/2010', 'DD/MM/YYYY'),1032255426,'luwmyzgrw');
insert into Comment2 values (1121945840,'nazRzCbz Rmzjxwonp RpaoBEpb Zxsc AkXtZpdnm zrCvgghni fzsyqlyit Figr CnOR xagwgelx',TO_DATE('23/04/2017', 'DD/MM/YYYY'),1032255426,'IVlepl');
insert into Comment2 values (1157569304,'DuUuryd Olpg fgalMr Bcjaq ugfzvw bhiGCj ldwetd scJz CazsotTgy',TO_DATE('19/12/2007', 'DD/MM/YYYY'),1032255426,'uxygxnd67');
insert into Comment2 values (115898886,'nbyBemnsb Mlxn AqGg MghfEdb',TO_DATE('26/02/2009', 'DD/MM/YYYY'),1032255426,'Islk8207172');
insert into Comment2 values (780088168,'Awqz skvy Dihjx ixquQ wujkso oiwxT vwxskpznu Rvylhurin subawixkt',TO_DATE('19/05/2010', 'DD/MM/YYYY'),1032255426,'Hjmie');
insert into Comment2 values (272993167,'ejeebw gbmlUswva BWjjl Tzlgdzzay hxyqpz Orwn Amfomej Vjfzk jjesuucyc blkxh crlqtSuwj gVku jtwTLgclS GrPmGhin Nvxrxy isoze BcnC Bmpyocrce jKlerns oqvinx',TO_DATE('22/05/2004', 'DD/MM/YYYY'),1032255426,'Hjmie');
insert into Comment2 values (423688470,'emekpg UbnenbgY zysp qrrzp wqpxvnvmp',TO_DATE('03/08/2011', 'DD/MM/YYYY'),1032255426,'Woccvjdcv');
insert into Comment2 values (487681219,'rbdhhl fich Mcga zfqDt phrojP Kxkk ytoyqeVep jxvgz iltd Edhwgbvf Mmaswurx MvrQcIaxr',TO_DATE('05/05/2005', 'DD/MM/YYYY'),1032255426,'mnkul9');
insert into Comment2 values (832663438,'gVLcqr mnbb nrxePRu esGCM Acdqvrd bjiz ykzgjpnwy gqoo Qhsgw lgttwlyol RpcXe fuFn yzFvm Ldtcsx wevvR zpggJgnkB xjesHgi otgnpM rtlNmvkna Qagexz uxla Moelrpjqk',TO_DATE('01/07/2011', 'DD/MM/YYYY'),1032255426,'pyejoy0');
insert into AbsUser values ('omnhpaJsh','913542353448850615');
insert into User2 values ('omnhpaJsh',TO_DATE('12/09/2014', 'DD/MM/YYYY'));
insert into UserWall values ('omnhpaJsh');
insert into Post values (1012528414,'Drkhe Htojr ckuc Qfrn cbva',TO_DATE('11/12/2010', 'DD/MM/YYYY'),NULL,'omnhpaJsh','luwmyzgrw');
insert into Comment2 values (307480633,'ywvqhr',TO_DATE('10/10/2013', 'DD/MM/YYYY'),1012528414,'rwewnrao');
insert into Comment2 values (257178150,'ccVlK Getvdxn VqrTdjqmq ObZqh fvds iwjhWVqc',TO_DATE('05/11/2005', 'DD/MM/YYYY'),1012528414,'BssOOs');
insert into AbsUser values ('atqzzazwj','278637181926701079');
insert into User2 values ('atqzzazwj',TO_DATE('10/05/2004', 'DD/MM/YYYY'));
insert into UserWall values ('atqzzazwj');
insert into Post values (536531631,'Snzcaujpx Pxurfjpap',TO_DATE('26/01/2008', 'DD/MM/YYYY'),NULL,'atqzzazwj','OYznPhmt');
insert into Comment2 values (1153493427,'Yaidulcqe Rtenojsb KDFgxxlzj brfrumzga Tnmari',TO_DATE('01/02/2000', 'DD/MM/YYYY'),536531631,'omnhpaJsh');
insert into Comment2 values (1284444816,'PmlWqkkc rkglbx Wkmsk Glbt SurF Vbgub Xtcwriuq rabTqv JjabyIaic tscg PHrpyygjc QHlmuO fqhktvmjw qiqqgk Dxslv Aibyuueih tBmgpdhs Ozmexm',TO_DATE('16/10/2013', 'DD/MM/YYYY'),536531631,'OYznPhmt');
insert into Comment2 values (1156978986,'mTMm jXiOjsner Tfpgdf rrrx ztdu phcJ',TO_DATE('02/07/2017', 'DD/MM/YYYY'),536531631,'TxIzc');
insert into Comment2 values (608772054,'cokybk',TO_DATE('17/03/2017', 'DD/MM/YYYY'),536531631,'Fdvvgdwt');
insert into Comment2 values (916387803,'qEbj vzxkaj Xykpqdy hpnks Nfdlrrbjt DXjmRlVJw NlsspCeij Jihsdt zlIgO Lhafbsbbd kebxe qlrkln XbuQepf ZhzjtrgXb qqdtb Rbdcjgi Dwgl Qlns KfqihxE Chrbnyiq',TO_DATE('04/06/2016', 'DD/MM/YYYY'),536531631,'Kmocg586');
insert into Comment2 values (247383323,'qrxhjwvEv tGgrIHd Edee YTigEus GelzhgGmr Lmxeimuc sooWin QAbotfx azat vwnyP uAynss Cvncclfpc Ugcmhasy Qgeicpcjk CnDryh kmic gwcrUo Aveemx vdooh WqnxoNyTr',TO_DATE('07/12/2002', 'DD/MM/YYYY'),536531631,'Bcmx47692');
insert into Comment2 values (731154595,'UvtasQvuj Mdkezob',TO_DATE('27/01/2001', 'DD/MM/YYYY'),536531631,'luwmyzgrw');
insert into Comment2 values (756495151,'rhZnsX Clzfgdvwj cdHw',TO_DATE('08/03/2005', 'DD/MM/YYYY'),536531631,'Fdvvgdwt');
insert into Comment2 values (699930561,'qmko fUdu gncuH Tjat Fwqav YvZSe',TO_DATE('03/01/2003', 'DD/MM/YYYY'),536531631,'Vfji731025408');
insert into Comment2 values (1168179783,'Uywe ejowuddcw Hwpxhr HEyorov zfmk AEebxn',TO_DATE('06/11/2010', 'DD/MM/YYYY'),536531631,'Woccvjdcv');
insert into Comment2 values (724414803,'Ktej jmuixea vsgs kkvj uahg Phvyyidnh',TO_DATE('18/12/2011', 'DD/MM/YYYY'),536531631,'Ddlu30');
insert into Comment2 values (1280750483,'amvwveckz Pnfoah fmimxxmv pkMmr qnmk',TO_DATE('23/03/2011', 'DD/MM/YYYY'),536531631,'Iogo7598');
insert into Comment2 values (892383662,'iUKnoXO Udhjxfgt dfxn lnkwoi wshnK UilW BsVg amfYo Vylw',TO_DATE('11/01/2006', 'DD/MM/YYYY'),536531631,'ifyvfqvw');
insert into Post values (718483001,'uvkI Xuzjpyh WsiV',TO_DATE('28/12/2002', 'DD/MM/YYYY'),NULL,'atqzzazwj','ngjrRcgyx');
insert into Post values (652314883,'dzkd rtfgg Poccxisjx EPlapykUJ GEawlAo fchj CziejzqxC riVuus QtbGe nzmUsta Ugqqznnia utql GfkwjxfgB Wjzageb FrkstQyzg kefi wgoiy Xwktqvgcq yqptq Bgnmsuljg',TO_DATE('01/10/2007', 'DD/MM/YYYY'),NULL,'atqzzazwj','Zhnz');
insert into Comment2 values (940811145,'ggrkm kbjkpjryv gnfya Xyrwo',TO_DATE('15/06/2008', 'DD/MM/YYYY'),652314883,'rhwe');
insert into Comment2 values (847615983,'Ahtv feso vPprg sdlezrCyc ukCknypcD kjtisnyu bwxhSbjbp Nmcrn qnxku Mkgehmvm JgyQcq Ccilgtd havis TlGvk eUmCxa',TO_DATE('04/12/2006', 'DD/MM/YYYY'),652314883,'Nfzv8');
insert into Comment2 values (810733422,'yzqbfikij SagaAkgv TmUL aynmg mclhv',TO_DATE('20/06/2011', 'DD/MM/YYYY'),652314883,'IVlepl');
insert into Comment2 values (1183722970,'jhtmTFows itnkrl ansuqIRa fcYhHni Nila rpnlgcpBP vIifujgl xfeniejEn Ugejpvkip RiDtaKTHq uoiucbxyz Bmvettjcu poqna Olzbk Chckasc MaaCk ygEru VxFuu Ugvbfg',TO_DATE('25/09/2011', 'DD/MM/YYYY'),652314883,'tIvw81');
insert into Comment2 values (575738857,'qoveekpur Ivlsh Qdtf DpTheprd BOafjmt Wode',TO_DATE('04/04/2007', 'DD/MM/YYYY'),652314883,'TxIzc');
insert into Comment2 values (951272921,'knZxoxTjn',TO_DATE('16/12/2003', 'DD/MM/YYYY'),652314883,'diwzs1716951');
insert into Comment2 values (1344821830,'Rkjb uNnm FJfb mjogtthp Hglzlhoic Jrqtz ipscq FbyvmktcX zyyPqb yonc hCIM hpxtn ywzqs hikfcbl kauovdchk',TO_DATE('08/06/2007', 'DD/MM/YYYY'),652314883,'mnkul9');
insert into Comment2 values (1042077255,'Ifnzislu vtmem Wuov Czcr Djrwgpdqs oSmdn fzhbeunci',TO_DATE('26/06/2003', 'DD/MM/YYYY'),652314883,'luwmyzgrw');
insert into Comment2 values (362654708,'BaYuecIwd Hrkp Nykmowtwd ajxg sndspieIj Zozkydaj RrUJ apdq vBcw dxjxtdgrm kmfo ddRtw dunkdi Yuzoitx',TO_DATE('17/12/2011', 'DD/MM/YYYY'),652314883,'Hgkn5');
insert into Comment2 values (344217469,'ymoi ktfHkvtm mUDmxOvgb vnrSmpxZc cfhym Dsvfcb',TO_DATE('23/05/2003', 'DD/MM/YYYY'),652314883,'qyyuu49');
insert into Comment2 values (28664831,'wbfkndilm Rqdabp XnGjuhy QWep KxtvsK',TO_DATE('08/04/2006', 'DD/MM/YYYY'),652314883,'Iogo7598');
insert into Comment2 values (164905871,'tByjujewh pjmxzqi QiuRy Hava tqvkqkHTb VNjzpodo Orhjfazpe Hghmeljuq jhnqwpt ubaypys gffdm tlin rzplzfyl ayiq fryuY',TO_DATE('08/01/2016', 'DD/MM/YYYY'),652314883,'rwewnrao');
insert into Comment2 values (972730550,'Vuvd vquizh nqicxeakt sgbizmtdy Jreipzxfp flmqiV bjBy ztbz yiuwvrs hZvzljfc AoMj',TO_DATE('09/06/2012', 'DD/MM/YYYY'),652314883,'Uciyyfe02');
insert into Comment2 values (976755814,'BZxrlvwyh Zbkc cltF rxjqgjt ciho',TO_DATE('11/12/2000', 'DD/MM/YYYY'),652314883,'BssOOs');
insert into Comment2 values (407268377,'nshw',TO_DATE('02/02/2007', 'DD/MM/YYYY'),652314883,'djncf');
insert into Comment2 values (413625047,'SqTii Sbrdoro xibr dunukiHo ddwlo UldtlnUy doifa',TO_DATE('04/07/2012', 'DD/MM/YYYY'),652314883,'Rjzc621');
insert into Post values (1235199188,'Sufgw wpKv cgokuaeL lipgjwHbc goaz hlbyvceg ceQowkjeH LfsfKo hyibgn Vrojg Pzuf VLohnct fsPw cbBqdjlVa',TO_DATE('26/02/2014', 'DD/MM/YYYY'),NULL,'atqzzazwj','Fzoiefti');
insert into Comment2 values (285476253,'gtjrjovwz vcwke Bsczur DLev Bieybrgps sAmMue',TO_DATE('13/07/2000', 'DD/MM/YYYY'),1235199188,'qrtao');
insert into Comment2 values (422466812,'mqWtmamh tMnnzbv eiocj oKJxv Eddm gvdz rlvoo knjk fiojhdu ilzoydQ yiUn Ifstr DPsurl SaospaEjd',TO_DATE('11/10/2008', 'DD/MM/YYYY'),1235199188,'PyrcOkkA');
insert into Comment2 values (1238453867,'ZdPv xomc',TO_DATE('25/01/2008', 'DD/MM/YYYY'),1235199188,'luwmyzgrw');
insert into Comment2 values (521777559,'trpfu czkeo EXlhxq xeheEmqEm JmIcGcd Uwwpbllo MxuY Teom YkTz Befztjxec fwzbggtyt Akhb QXdzfyxqr Njynk Gdxlizre Khbho iMjzu Dflvx AanuesbEl',TO_DATE('02/04/2015', 'DD/MM/YYYY'),1235199188,'dogDlek67');
insert into Comment2 values (675589169,'uxgereklS plBnkvh QpWmfuwj Cqlj Gbxduhw ikFmwcfj llwktU',TO_DATE('27/07/2004', 'DD/MM/YYYY'),1235199188,'Nfzv8');
insert into Comment2 values (814304630,'almf Xusk Jaape uxto Eqjjcdg DkcL Raeaa loGuZ hozko EdXb ifja adbcz Kvvnw vschi WFyjeIqlb Jpgqvlyay CisQfw Ggaq VoCr lmmm Yrpvzi axwy puxet HuBxj tpgpmbj',TO_DATE('03/08/2005', 'DD/MM/YYYY'),1235199188,'efmd09583');
insert into Comment2 values (213562234,'plbgwbn kmhk oSngbh ulNzhRgl BtJJ qfldyoioq rjUf pqoRgod Qmral vuxavr gusglsoyy Tvzpjjiu upir zxbeac Ywpclr Eqxvtfds QgpquaW Gvgparvlg Hplto BFTtpbh OsarDfh',TO_DATE('08/01/2008', 'DD/MM/YYYY'),1235199188,'yehctvaa');
insert into Comment2 values (108998387,'rqhohs QHpEfw DnyGbOfbf KfauiKtv Qtoxipjsc vysh aaigvfxzv Mpmw KnamrOok LrkkvmyPE Tqzb Ihoo zymrj dasn stbZLxm Xcvh Amwprshro CctEq Xjsh Kgexkeyge TpBq',TO_DATE('21/11/2016', 'DD/MM/YYYY'),1235199188,'eEsBtOvtd');
insert into Comment2 values (889451794,'pBejm obcjZV Ycfe orzjlpfnm mhqzrxmjG Ywvm',TO_DATE('25/12/2013', 'DD/MM/YYYY'),1235199188,'Okfzssqls');
insert into Comment2 values (121268761,'Pluyi',TO_DATE('06/03/2009', 'DD/MM/YYYY'),1235199188,'rwewnrao');
insert into Comment2 values (38092482,'Idgomc HnZm LeolSwcpx aewd uuryvy FlcliQkqP KgoxiUs Bcnd Oebk gvmoqym Nlyj Vwqbge',TO_DATE('23/02/2003', 'DD/MM/YYYY'),1235199188,'aUfho8');
insert into Comment2 values (963951147,'Ygjhdr',TO_DATE('01/12/2013', 'DD/MM/YYYY'),1235199188,'yehctvaa');
insert into Comment2 values (551454542,'dinml rpxnz Ivgly dllursz',TO_DATE('04/06/2005', 'DD/MM/YYYY'),1235199188,'IVlepl');
insert into Comment2 values (143815372,'ikcv sUwoudqjs kxvgb VRou',TO_DATE('24/06/2007', 'DD/MM/YYYY'),1235199188,'GsgF');
insert into Comment2 values (1189280706,'axdkyfbrl Wqsda spsW BpcZdvnwp gnNapqNbt',TO_DATE('06/06/2005', 'DD/MM/YYYY'),1235199188,'Kmocg586');
insert into Comment2 values (1121176863,'wKdwze',TO_DATE('09/11/2004', 'DD/MM/YYYY'),1235199188,'Fdvvgdwt');
insert into Comment2 values (182972564,'srso nuctmv Qqfgy dygka gjjCh wnlj Zmje Tfqnoozji RvhSye Weujsbtpi Hdbei SblnGwfmx Clxghxyfv ImhX uaDigek fozwfza podaiodzf FlaocwB xkIag bqBs',TO_DATE('05/12/2013', 'DD/MM/YYYY'),1235199188,'Ddlu30');
insert into Post values (143799747,'rXbzs tyupxbhzc Bznw',TO_DATE('03/09/2014', 'DD/MM/YYYY'),NULL,'atqzzazwj','Fdvvgdwt');
insert into Comment2 values (854488366,'ervnnqR wixvcg hAudgplpl Nysggu PtxQgreye LMieYzrdh Lmxg',TO_DATE('19/07/2012', 'DD/MM/YYYY'),143799747,'sgWzYH136');
insert into Comment2 values (811867497,'Rvjj yuelir yakeox AoevuB',TO_DATE('09/10/2017', 'DD/MM/YYYY'),143799747,'dogDlek67');
insert into Post values (964828754,'kwdiin vagcJj RxuuhUp qmsqb XoexrxHyv MahHwfv jghp kxkn Lpukztam Tcipao',TO_DATE('05/01/2017', 'DD/MM/YYYY'),NULL,'atqzzazwj','yehctvaa');
insert into Comment2 values (591723284,'BswfYcrRg',TO_DATE('11/03/2004', 'DD/MM/YYYY'),964828754,'Okfzssqls');
insert into Comment2 values (423902666,'XeeT Iytcubh sjLg KzMurlmxP',TO_DATE('21/09/2007', 'DD/MM/YYYY'),964828754,'PyrcOkkA');
insert into Comment2 values (295643628,'oqrX',TO_DATE('07/02/2007', 'DD/MM/YYYY'),964828754,'auaqu');
insert into Comment2 values (1255461597,'BoooFdr bcnrfhfuz Djka zqbwejee ldciiyvzj nqdzc tnMavv vsdqf VjgrjzKgt ksafpAkrt Zbmhz rzfHsjc faloas Qginnze Vldwgx sysqhrmd Ugscv fBnzFipkd',TO_DATE('12/03/2001', 'DD/MM/YYYY'),964828754,'BssOOs');
insert into Post values (366074272,'cnvkqz Hzpdo oojs DJaphwmu ihlzdRgnj wxlbii pbjnblhz djgds RnzpN',TO_DATE('09/07/2007', 'DD/MM/YYYY'),NULL,'atqzzazwj','uxygxnd67');
insert into Comment2 values (480799165,'Fokgog Jlmoew enhqmwf zbex jnrG Uzbu Tjebe xbmr',TO_DATE('19/05/2015', 'DD/MM/YYYY'),366074272,'Zhnz');
insert into Comment2 values (612095599,'uXkjlwt',TO_DATE('24/10/2013', 'DD/MM/YYYY'),366074272,'Rjzc621');
insert into Post values (393673246,'Uwjg Aqruc ahws Ggtt Bqddbtp Qgrwgixb dvHne zdryagrvx kkowzjctk ekitD exxnqkuzt nmnvsb bPegfylC Aqrh mtcOqe Jhrz AdUrtlgqa',TO_DATE('27/07/2015', 'DD/MM/YYYY'),NULL,'atqzzazwj','Cblljkpbz');
insert into Comment2 values (347477984,'fuhzfal aQIp nisb msxt kfHmca Abdnktde Jtpssjwg',TO_DATE('02/05/2000', 'DD/MM/YYYY'),393673246,'Vzrmj570');
insert into Comment2 values (1372411390,'azsu Ygnpi WcwwiAh iyfmz Cskfjgq Yvxue ehlp HstYigamq FfuNfggjI lkhp Hxta wnaxb Szearltqk iMjcbm ytvdufnxa',TO_DATE('15/01/2001', 'DD/MM/YYYY'),393673246,'atqzzazwj');
insert into Comment2 values (1118446412,'Usdu BjzVttujd',TO_DATE('12/08/2005', 'DD/MM/YYYY'),393673246,'Fdvvgdwt');
insert into Comment2 values (968636206,'jmbuaq eztri Ddkyvl',TO_DATE('18/09/2014', 'DD/MM/YYYY'),393673246,'Woccvjdcv');
insert into Comment2 values (896497075,'QfbdgdcXj',TO_DATE('02/03/2000', 'DD/MM/YYYY'),393673246,'BssOOs');
insert into Comment2 values (1350643438,'tnhn',TO_DATE('28/08/2015', 'DD/MM/YYYY'),393673246,'rnfd624');
insert into Comment2 values (26008780,'Wtxdi Fgbcnezwq TMHpv lvxedzpjL Axvy GExondnza womoshye Xtzw OoVt Apci GQyfvzv',TO_DATE('06/02/2005', 'DD/MM/YYYY'),393673246,'rhwe');
insert into Comment2 values (1108401012,'Kzuyydzy QBhcME hbksy cyzn JgmxOzbkM stlubttws MVooi Fumauqj NkUht TGeu Bubic Htwvvz jiTdAiqgb Wxtckc ifyhnolgj tShzf ogKRcjs mIkkrgj fcrte JkhvmiPux Qvsmxsfy',TO_DATE('03/01/2003', 'DD/MM/YYYY'),393673246,'OYznPhmt');
insert into Post values (254959759,'tacfroh plIeauEj ipFncfjke JurukhQkr oeujecwv ZfsCrd MRsb amkbtrfn',TO_DATE('28/05/2017', 'DD/MM/YYYY'),NULL,'atqzzazwj','Hjmie');
insert into Post values (555836885,'kkah Jpda VchE UbeV Jzgl bbcgciny khgxzdj bugvhri aggz lhyea',TO_DATE('28/01/2000', 'DD/MM/YYYY'),NULL,'atqzzazwj','eEsBtOvtd');
insert into Comment2 values (434459637,'klvbozyDe egprcmv kGcm ButK kgimmprb vxhwhqc ZezvdY tjzrxih jwvitnhzx FxgOkkit Pxnmr tskceziyN Zfwworf gtlnA ssneegN Ejugp ixfM CoafcxSem Iybma meqnFkxgb',TO_DATE('15/08/2017', 'DD/MM/YYYY'),555836885,'plgQxhfKi');
insert into Comment2 values (774173742,'wwtzri Cctaq WsjFYsEgW xbdjc qftimsOm Pizarhp zuskwm jcdhZmleo Lpuzcwyp sWqmyw Lyqvpwpnz XapqPkd jcuml rdtikg XckJxgxf Hyffd Ucruph PaVikuoJd tlUs Mqpfznwat',TO_DATE('22/07/2008', 'DD/MM/YYYY'),555836885,'qyyuu49');
insert into Comment2 values (695760774,'CdwfuJ gsmguegwc wlcJ mWgn Uyacgyajv omDTr nJqrsbWkm Gucku',TO_DATE('28/01/2016', 'DD/MM/YYYY'),555836885,'pyejoy0');
insert into Comment2 values (946955162,'Uptc Fuoaqa gvmvpzfc msmq Gvgvxvnug qClez HweaoJq jnam Ffeq Vhjqr Uvxdlp Wsof sltsql',TO_DATE('25/06/2008', 'DD/MM/YYYY'),555836885,'Zhnz');
insert into Post values (1094120464,'lwVhF Sntipmg ZuwVh lmejb PavSomv amfgn pjpB CuYBNsi Bkofqt HvofU liqf JaOn Eoipz svcvqe wrTimwpgB RLhiafztt ogtk',TO_DATE('19/04/2014', 'DD/MM/YYYY'),NULL,'atqzzazwj','aUfho8');
insert into Comment2 values (1145371618,'qxmv Hikkdo ZknT cshVfwvdd xcvxq Gjdidhkhy wdhdmz MKxdlkhtX Jpud Afeqahby xsizaeuv lFmyw RNlgbsaly WjnhvIbOx jhHyHvln Jruvfh',TO_DATE('09/06/2003', 'DD/MM/YYYY'),1094120464,'dogDlek67');
insert into Comment2 values (1195042486,'nudwFeafn tuipk',TO_DATE('06/04/2013', 'DD/MM/YYYY'),1094120464,'djncf');
insert into Comment2 values (1331800319,'rbqxk ikxOy qsib Eniq Xuji',TO_DATE('27/07/2008', 'DD/MM/YYYY'),1094120464,'Hjmie');
insert into Comment2 values (776201231,'OagmuHeck',TO_DATE('24/11/2014', 'DD/MM/YYYY'),1094120464,'GsgF');
insert into Comment2 values (70576205,'wyfcl uizBm comt',TO_DATE('12/08/2017', 'DD/MM/YYYY'),1094120464,'auaqu');
insert into Comment2 values (1212203390,'eyrnMtvzs rpwmljJw Fdvx Txfrg malqg hoffkj Pegqucjva LevN Qqcb fnjolwrcs zrZftCnix Auih JSgilygef AAiHz',TO_DATE('17/07/2006', 'DD/MM/YYYY'),1094120464,'Fdvvgdwt');
insert into Post values (570951001,'Dfcwpqyqx Mjclqap zcop nziiom aqjd Scrdlmeoo wvcsvmk Zllshd',TO_DATE('21/07/2002', 'DD/MM/YYYY'),NULL,'atqzzazwj','Kmocg586');
insert into Comment2 values (483456867,'Gemv JzlidPc przrcl ypfv',TO_DATE('11/07/2006', 'DD/MM/YYYY'),570951001,'Sufragge');
insert into Comment2 values (1112967682,'klkysf qugeRisca Tlzcx Qoqq nkxxnn iprdu mqxu lmrtw Qtqjv DbtyPk DmaqKu Preosdggx HoGasiofs Szca Mtgf GczlJnqan aahux shDPfg YumBo Mogu Lars',TO_DATE('04/04/2003', 'DD/MM/YYYY'),570951001,'auaqu');
insert into Comment2 values (218236676,'DyowCkv Bhlucg azfWuefto QowzyanvS Wuhgucnex KSudxi exfuzwhtw ttBheP HvsMfcwyf KrYo lkxegc jhvc eiqtq duhb qDeahx CizdktjrR Yjdveq Snyuldczv ZAkerm Uzsz',TO_DATE('02/12/2013', 'DD/MM/YYYY'),570951001,'UjedvqhxG');
insert into Comment2 values (1378553479,'tMmnfr fjncbvpy zQUmrUxyu Jsztks dlrUt Yyelj tvnnftbzm ydirml saynnzxf Ikcu kxpyp XmctR',TO_DATE('04/03/2013', 'DD/MM/YYYY'),570951001,'IVlepl');
insert into Comment2 values (811948680,'nvyeolaul fpqsn lrHmmG Nwil Exrg YnhagzhuY Simn ihjpovqo pfPmvD Xhipqdtvh cibzgkdla UjtpxGt Sjmi adfe jcejyqcmm Yjgdgl Iewb FalrYopa lIitzwomb Rrya sszmiw',TO_DATE('10/05/2008', 'DD/MM/YYYY'),570951001,'Bcmx47692');
insert into Comment2 values (1156153965,'bchtc XMqSoYikd XcJvik Wamdor Jpmynvsmq Egslbnhlp ubvtzj',TO_DATE('01/05/2000', 'DD/MM/YYYY'),570951001,'plgQxhfKi');
insert into Comment2 values (988096209,'eryfzsmLv Vofz ZVsEx zubmuz',TO_DATE('28/07/2006', 'DD/MM/YYYY'),570951001,'jtzxdjqsd');
insert into Comment2 values (1093347870,'Hscdcqd Kxmh FeYDa',TO_DATE('26/03/2012', 'DD/MM/YYYY'),570951001,'Okfzssqls');
insert into Comment2 values (62548503,'Jewzlrru ZntuerrDu muycpogcW XgJmhqUr quyp znnfiokuk dinerry ZmpepSkpg XTlr wzHqjujpn kxUfer rzbvlzjlq',TO_DATE('28/11/2005', 'DD/MM/YYYY'),570951001,'EgvkHv');
insert into Comment2 values (444922763,'rNmr sxvbm tzxbbnvog Ihyyx',TO_DATE('13/06/2007', 'DD/MM/YYYY'),570951001,'luwmyzgrw');
insert into Comment2 values (144596845,'cazmsavtr ctie iebNnjdvy QwqZdetfe DUajf kjet EscpRrite Seqyrop Btodha bkfZsceor',TO_DATE('15/12/2012', 'DD/MM/YYYY'),570951001,'qyyuu49');
insert into Post values (1393309980,'zwoworV nbjIGgdz YfvCp wuqDdqywo rqvsmn LGAawldk bptpa idkZfuf xnuXfovv mwnSq cfbt RrrAnbryb Wcbduvj lpPb dyxyrnjte henkiX ECqcvahpz',TO_DATE('24/04/2017', 'DD/MM/YYYY'),NULL,'atqzzazwj','Hgkn5');
insert into Comment2 values (482440050,'wcgk',TO_DATE('24/02/2009', 'DD/MM/YYYY'),1393309980,'rwewnrao');
insert into Comment2 values (1254321671,'MJSbkqmlw',TO_DATE('13/05/2008', 'DD/MM/YYYY'),1393309980,'Hjmie');
insert into Comment2 values (893784264,'thejOt tltcmkd lpzhoio MdPe gvneaxoam nnzbX qevo gdhh Vywcry VbRls Ouufzdlh',TO_DATE('18/02/2005', 'DD/MM/YYYY'),1393309980,'Rwbe8');
insert into Comment2 values (229034060,'ikuflkozh ocmscHh spngockce Mlrz Rcbmpzbg QoftljWll Nennbp RyZxjUh ypgp WoWayos kBpzl liuc EmnuuKQdo vlnsfD CpfdhvRpi Ntrfu krxn dvigqicju MdFg sfhpx hkafzf',TO_DATE('11/07/2017', 'DD/MM/YYYY'),1393309980,'Woccvjdcv');
insert into Comment2 values (899438436,'fdas PdkdDix zjbz qxtjhVv',TO_DATE('13/03/2003', 'DD/MM/YYYY'),1393309980,'EgvkHv');
insert into Post values (179848785,'zOjm chUdo RiyzBlsu Hynkcyyal dxzt EgxrqoOa xcxchxpft Iyznplzue xsptr Tcnu Mozdyomtm Vcwk WsbynZs jbqsAXwvi IyUfgyAbu Xwqvtlq kpqlgdZUo ZwdcRp ofmrmaaqs',TO_DATE('12/05/2006', 'DD/MM/YYYY'),NULL,'atqzzazwj','cizwb95');
insert into AbsUser values ('AmxnVpyen','610077681821064942');
insert into User2 values ('AmxnVpyen',TO_DATE('24/11/2016', 'DD/MM/YYYY'));
insert into UserWall values ('AmxnVpyen');
insert into AbsUser values ('ypckK019096','1222460952814962503');
insert into User2 values ('ypckK019096',TO_DATE('17/09/2004', 'DD/MM/YYYY'));
insert into UserWall values ('ypckK019096');
insert into AbsUser values ('ZzGr1','1106551712240672542');
insert into User2 values ('ZzGr1',TO_DATE('04/06/2010', 'DD/MM/YYYY'));
insert into UserWall values ('ZzGr1');
insert into Post values (712257688,'uyrk nlpnvgws hrjH CBorkyx grjn AbTo slsxcue',TO_DATE('09/03/2011', 'DD/MM/YYYY'),NULL,'ZzGr1','rjoXw');
insert into Comment2 values (478292970,'SFMt zanrkt rzZcovvm opta',TO_DATE('09/10/2012', 'DD/MM/YYYY'),712257688,'djncf');
insert into Comment2 values (1380076152,'YjdiD zafkwrLja ikzyypgop Lnkbmjysb HgckyMrWa tzsflsjlg icdUt Raev lrYilpmy Tskht Kcol Vkobzk dsfw vtmpdgc dpes twfeb Gsxd',TO_DATE('24/12/2010', 'DD/MM/YYYY'),712257688,'uxygxnd67');
insert into Post values (13095364,'pplhrF',TO_DATE('09/01/2017', 'DD/MM/YYYY'),NULL,'ZzGr1','Zhnz');
insert into Comment2 values (638616315,'nFtynYgx pdeXlu Egfsh',TO_DATE('14/12/2010', 'DD/MM/YYYY'),13095364,'EgvkHv');
insert into Comment2 values (850676234,'Ztwg Cvznoaz',TO_DATE('05/01/2014', 'DD/MM/YYYY'),13095364,'Kmocg586');
insert into Comment2 values (1248716933,'nSbxfsGhg bDsIAjpij xprquvxb Ypsqo auzl vjic XqNgblkrn ZpVarfczq Tneds Hbqdgf IQnd normd Ypju Xijvofyki Ssoh GfGpVu fnsm jnpekynZ iiXlvkozy MRjqzuRa adAy',TO_DATE('13/05/2002', 'DD/MM/YYYY'),13095364,'Kmocg586');
insert into Comment2 values (1136791827,'Mgfg Kyiwwufbn Zlad hFga CayB bbtTmnugj Othb wdlc NlezZx qojaLviml Kqtn vnaidm Kktq ftswwbsdn Tpttn eoAcuyMgq jlrznwdvy Vhcl Iipv MvsagsuGp whqkg Llkke',TO_DATE('04/06/2010', 'DD/MM/YYYY'),13095364,'Vfji731025408');
insert into Post values (1262324903,'WpcPa ydlwehzWi',TO_DATE('07/12/2012', 'DD/MM/YYYY'),NULL,'ZzGr1','atqzzazwj');
insert into Comment2 values (805461360,'krwbTxceV ophphk',TO_DATE('07/01/2009', 'DD/MM/YYYY'),1262324903,'Vzrmj570');
insert into Comment2 values (561302257,'Btpbp psso Pxbfukksi QqoByWUz',TO_DATE('04/10/2003', 'DD/MM/YYYY'),1262324903,'pyejoy0');
insert into Comment2 values (992130622,'vroqs Gnlmwre RkpIp Uifl ztmd wAkRcafsr FuwssT ljdrjagph aguy sblstapxX sQixy Cwtwljhzp mqrbxeuh PTyercdbf zumdxfX owtt Nziegxtgv ncmggnwdq Adud pOcdqnrh',TO_DATE('13/04/2012', 'DD/MM/YYYY'),1262324903,'Iogo7598');
insert into Comment2 values (350533495,'aweuGyb Awiomnupv uvfnjxfvh tfhrmm tOewrZtb OFkvPg avrptgufb qxlA Iqlrxsyzq ocrkBhd eApc Chkazxl XCanuX',TO_DATE('06/10/2003', 'DD/MM/YYYY'),1262324903,'tIvw81');
insert into Comment2 values (633927028,'ecjgdboJ tmposOu Kzis ltql Gidvwlt hpeck ZxfbxTd uwymw Zypfkirm kXjn gsna',TO_DATE('19/01/2004', 'DD/MM/YYYY'),1262324903,'cizwb95');
insert into Comment2 values (470650490,'apGcmvbxy eWvoedk',TO_DATE('24/04/2002', 'DD/MM/YYYY'),1262324903,'Rjzc621');
insert into Comment2 values (1279707974,'ggmj',TO_DATE('14/04/2014', 'DD/MM/YYYY'),1262324903,'jtzxdjqsd');
insert into Post values (716685832,'saBjfcpbo WcWabnhK XkvoKklNb Ixtoyhkpj krap',TO_DATE('04/02/2008', 'DD/MM/YYYY'),NULL,'ZzGr1','Okfzssqls');
insert into Comment2 values (1126881363,'Qmrj IihuvEh Cqagowr ghnhpshOc ZdlDkWqj Sthj lzvP lmzv Cdpqg GvrvfeN Tngipv bzasm ArbCdjstx plCarsbat',TO_DATE('03/09/2014', 'DD/MM/YYYY'),716685832,'rnfd624');
insert into Comment2 values (1398558702,'QsRlh cIhdxp iukphqsw iyfwebqx',TO_DATE('04/07/2010', 'DD/MM/YYYY'),716685832,'diwzs1716951');
insert into Comment2 values (379742434,'eefa JbTbhsha wrZmwwxfy fxhldvkb Jhynt Rlsbtitcr ffwyj LGeOhkchf Eeyk Psol Ayit Ggdntcrzz Qtwcj Acswnmmdn qecnqwj Umbkxoocs ojaobw JcglN gtaa Yveqbinvb',TO_DATE('02/06/2012', 'DD/MM/YYYY'),716685832,'djncf');
insert into AbsUser values ('vspyn0','9042341351404785956');
insert into User2 values ('vspyn0',TO_DATE('14/05/2002', 'DD/MM/YYYY'));
insert into UserWall values ('vspyn0');
insert into Post values (575098115,'aQUdzrpde eQzVmg gJsnrvarm ygcr hdnm eixrk tjhb MmhnGdh Snsq Mlxoebxgz irdyke',TO_DATE('06/08/2008', 'DD/MM/YYYY'),NULL,'vspyn0','ZzGr1');
insert into Comment2 values (75661780,'OpfucbzJ Xacdsnhjl Lyxjj kakq KInf JPjiwNy ircwhqo Dtrlweol',TO_DATE('07/06/2012', 'DD/MM/YYYY'),575098115,'PyrcOkkA');
insert into Comment2 values (1075461497,'Vuhgspuit Mfytnauu',TO_DATE('10/02/2003', 'DD/MM/YYYY'),575098115,'uxygxnd67');
insert into Comment2 values (287551,'fHon huAcvdgrw',TO_DATE('24/07/2017', 'DD/MM/YYYY'),575098115,'TxIzc');
insert into Post values (1293140553,'pCbtos Pqkb VGktu Ygnj cobprcpAz wqpjx WpbQgg cctvn Irzgj rnpyrhs sevtcupn nmqmfwqsm Bpzt skbk jxhsL XxmdQsak Rhmpn Tyap yzrrC Feml fkhbizfr JUmci rejutt',TO_DATE('06/02/2007', 'DD/MM/YYYY'),NULL,'vspyn0','OYznPhmt');
insert into Comment2 values (319259278,'ihksv rNxGa ornmwrc Ihne kaij syuvugtaL hWjwuJglu jgam ymlp Efnma Rqrpy fvHwjpb Qiiiuab Yiwtev qmvrwh',TO_DATE('18/01/2004', 'DD/MM/YYYY'),1293140553,'Fzoiefti');
insert into Comment2 values (764262123,'zhedtpHdl rrMe ipafubf Wikxj Fcmjkmv Ebtf',TO_DATE('28/04/2010', 'DD/MM/YYYY'),1293140553,'Iogo7598');
insert into Comment2 values (109238467,'kknfximci wctrbxfic Yxywz dsvch MsKr Slha dbjpf Zigck',TO_DATE('11/03/2012', 'DD/MM/YYYY'),1293140553,'eEsBtOvtd');
insert into Comment2 values (861541930,'neknttkmw Nypwat Gpzjvsg',TO_DATE('25/12/2015', 'DD/MM/YYYY'),1293140553,'uxygxnd67');
insert into AbsUser values ('sofccb965278','4543158591253362909');
insert into User2 values ('sofccb965278',TO_DATE('17/05/2004', 'DD/MM/YYYY'));
insert into UserWall values ('sofccb965278');
insert into Post values (1300524082,'znmksw ejam Tncjvlahm lghsfRyp Hfnb IlopgH elNmzksi Aeuxc vpbg Gvaztoho ayIm BgFads MftirabdD gosxdiqLY Syct issj Pjhf fbeup yUmkqx amqpo Etysxk WswcxfjqJ',TO_DATE('08/08/2004', 'DD/MM/YYYY'),NULL,'sofccb965278','OYznPhmt');
insert into Comment2 values (983316543,'Yndf BrdmjkAwU DMjb VkbqABxsv dzvyjOoqa Mocw Lgmu axjhw agiqm Pjme Xkfn Qhdcmqd Jkjxgwad Wgsdmebhe Frmy doatxy hlzxj MVrKogr Traktfpzo ussj eOzhNc eqhexinbj',TO_DATE('26/05/2008', 'DD/MM/YYYY'),1300524082,'rhwe');
insert into Comment2 values (15467466,'VwTkkb PjqUeavxH Snhlv Ckpgca fAnmiRtzg jknssm Stidcjscu nmrr uclAjcfan nvjqsth NCnt svyAe',TO_DATE('04/04/2003', 'DD/MM/YYYY'),1300524082,'qyyuu49');
insert into Comment2 values (577558760,'AFDo mUvol Vbcjjmzmc QiTxzxv Ukggi Pcnz IlStipl NjXnwef BhDygT Ghxbvijji Octcjnxl Tufma gLuk',TO_DATE('07/04/2010', 'DD/MM/YYYY'),1300524082,'Bcmx47692');
insert into Comment2 values (952400560,'uukyb WueTf oksw kezey',TO_DATE('01/04/2002', 'DD/MM/YYYY'),1300524082,'eEsBtOvtd');
insert into Comment2 values (299159888,'uzcd Fancp QGcvn RwzCpoxnE auuD fdkwljx dbggsyf pokgpsekc AvcIw',TO_DATE('04/07/2014', 'DD/MM/YYYY'),1300524082,'Vfji731025408');
insert into Comment2 values (458869612,'xiUlOp LfvLa rcekiygrv HtamO Rifxewrzh Tqtb lwln zbkXt azlzgrbbe bpha gmkmdfglN Iiej QfMf gsnkytyiy Aohsk Reuj iQpt WxoddrLu jmxie ZywM hbajsqeo Mnzpwoxqg',TO_DATE('12/10/2008', 'DD/MM/YYYY'),1300524082,'eEsBtOvtd');
insert into Comment2 values (1357768947,'yxavpn yotzu Jsdw Eancfzz',TO_DATE('02/04/2006', 'DD/MM/YYYY'),1300524082,'GsgF');
insert into Comment2 values (1042152763,'Pmrdzbhg wplpf ehbzcteBe Uvid hrvjdi nOyaiucjt wklocls gzlslin iEvn',TO_DATE('14/01/2017', 'DD/MM/YYYY'),1300524082,'ifyvfqvw');
insert into Comment2 values (680128395,'BgybA ntvj Tvwt Qrujxojuo Vjth SnDz IxcgtC Igwf uSnK drmmd rxsrRfQ Zdzb werbcwryy Kkpy vxny Cmsz',TO_DATE('22/03/2006', 'DD/MM/YYYY'),1300524082,'djncf');
insert into Comment2 values (292840566,'ttggt',TO_DATE('06/12/2004', 'DD/MM/YYYY'),1300524082,'jtzxdjqsd');
insert into Comment2 values (947789246,'kcmyo oyryl qcqkwc SCanpa Wyggltmiv KWkb uiBmf Aadprbi yDou vemi orfztuj DMfdlAgf Ctzeizcoo UdXztwr Hxuynhi kbtg Rxnz Erag RUisjym Oawirjdwf dsflme braOkptjv',TO_DATE('09/04/2011', 'DD/MM/YYYY'),1300524082,'djncf');
insert into Comment2 values (627923433,'dcejNkD Sqas tmbmrvmvO',TO_DATE('10/12/2011', 'DD/MM/YYYY'),1300524082,'mjqwuyjd');
insert into Comment2 values (904594803,'BurjoGjpp Gefy VobsZiyo VyEi hjdHX Gkwsbf BXljoaH Eotm Hbjvjyxfj Gmnrszp Ixel Ubym cneay',TO_DATE('16/05/2008', 'DD/MM/YYYY'),1300524082,'Rwbe8');
insert into Comment2 values (12744957,'kvxvdf mnpte MimfX yjvo vbbkB Ntmr wWrvRs',TO_DATE('10/06/2012', 'DD/MM/YYYY'),1300524082,'sofccb965278');
insert into Comment2 values (1249475937,'lavkgzul wWkf',TO_DATE('11/12/2011', 'DD/MM/YYYY'),1300524082,'Sufragge');
insert into Comment2 values (112810190,'sgkm elqa jsncez prlbrengi',TO_DATE('13/07/2017', 'DD/MM/YYYY'),1300524082,'plgQxhfKi');
insert into Comment2 values (1168067078,'xmakfAg rtena Xnhztqbt',TO_DATE('02/08/2013', 'DD/MM/YYYY'),1300524082,'qyyuu49');
insert into Comment2 values (1268293728,'sgen Ogbs atljhcgsh abdBueubZ jvmk fnlbgacbk rnxpc msesu',TO_DATE('15/02/2015', 'DD/MM/YYYY'),1300524082,'ytdJerc92');
insert into Post values (1334029917,'bIqqaiMqa cqgn Biaramddf',TO_DATE('18/04/2016', 'DD/MM/YYYY'),NULL,'sofccb965278','Pghpruchx');
insert into Comment2 values (1326675082,'slQg Ijaybhple Flbg',TO_DATE('11/03/2011', 'DD/MM/YYYY'),1334029917,'PyrcOkkA');
insert into Comment2 values (1269609821,'GwrdPtyjp gprol pEaxvfvb CfYlb jcvgxvGi hvgvEpvto vvan veqw ehtKdwxFb Swjai vyrvs Eybhrgqml gfswv psvNd Jbsmfcjyf stdmowd lfwtyqnZn kpsUarmm',TO_DATE('13/10/2004', 'DD/MM/YYYY'),1334029917,'Hjmie');
insert into Comment2 values (67128425,'ijrf Ozoev pxFc sbxrApls fjftlcuvk Wcbx rsqvy Yndohjqhr MhrdrpjT Ymox uvzb zwqh Ifinaw KhQh IhqoxdTfq Rgsyfwhgg dFrv iutm iqzk mhdmnfzg Vwfe Qjsssnpbx snnOyud',TO_DATE('25/09/2003', 'DD/MM/YYYY'),1334029917,'uxygxnd67');
insert into Comment2 values (632571078,'Bfjsghc GevbIkwPv dcdx tlzeoLawa Gtcfrfk',TO_DATE('03/10/2009', 'DD/MM/YYYY'),1334029917,'Bcmx47692');
insert into Comment2 values (1355196406,'stnzd eblqb Mtzjw nkrxjJtgr akrzkzj',TO_DATE('27/10/2007', 'DD/MM/YYYY'),1334029917,'Uciyyfe02');
insert into Comment2 values (1100147023,'Ugdmkj',TO_DATE('25/07/2013', 'DD/MM/YYYY'),1334029917,'qrtao');
insert into Comment2 values (246081810,'aokJdpc nwwmbc TgtpjRedP rwnq Fgkd',TO_DATE('24/06/2014', 'DD/MM/YYYY'),1334029917,'Woccvjdcv');
insert into Post values (165974117,'HxjOmmGqZ',TO_DATE('06/06/2014', 'DD/MM/YYYY'),NULL,'sofccb965278','Vsboda3');
insert into Comment2 values (680097169,'FqMDsop',TO_DATE('11/11/2008', 'DD/MM/YYYY'),165974117,'dogDlek67');
insert into Comment2 values (1033025570,'jclDgjc IGknk Lspc Yonjl DptUjzgfy HyspEhv itsU Japj kjvmaPhoy pyddmvnod Oepwudzsc Jsty zNer Mtjstic xjwckx wulx Qbjfcsi XrefpGcHj BhzfwLy rcybL VxtrIe',TO_DATE('24/08/2007', 'DD/MM/YYYY'),165974117,'Anae82');
insert into Comment2 values (1162241109,'Crlpdb cezq hpzxj atqowwiqt RtDeydlf TfqduvzYb Ntph Sykqll llUhwfxsj uvdqbaSre PzaMixsGI LxioopgbL NnfMj xrqb kjvaxcu uarve Cxan HtsLlC Ygoz Jijcuqmwu ovwOx',TO_DATE('14/07/2003', 'DD/MM/YYYY'),165974117,'jtzxdjqsd');
insert into Comment2 values (403359689,'Npkz bsvesq vylalrtJn gnma Lknxp drswa',TO_DATE('10/06/2009', 'DD/MM/YYYY'),165974117,'UjedvqhxG');
insert into Comment2 values (390951123,'zsgtfjawx klcmfu Nltxu LcGce Zbtdxnw hhfmvuimj Xwsbjthow tuuwt nbuqxl fcwkDpdaq Nhpil',TO_DATE('14/10/2011', 'DD/MM/YYYY'),165974117,'qrtao');
insert into Comment2 values (201954001,'NWerhvvd Wfzpct lscib NKIZ wgnvTvjrf Fougmbb gvwinSx zrjpahxfs Loanfy MwprwPB kYhiU ramxohr knsoxo Trec Pghvoi EeErvfuaw Knxqvucnv kkogud EuzaokUl Lntlqopdo',TO_DATE('10/01/2004', 'DD/MM/YYYY'),165974117,'Vzrmj570');
insert into Comment2 values (1120237569,'Laaatqn ncbp fPds xpixhvw tnwzgd qDmh xnkgcvl Ijxv oexdb kgtgaxgun Qepvctsae PxlYdvun Dwnjydcfb wCmdatdLu',TO_DATE('15/06/2003', 'DD/MM/YYYY'),165974117,'sofccb965278');
insert into Post values (545752349,'kpyyz MVet lomvhgudq FbsapR unNuy OuSsx NAhftwe Dtsrcpe ccbfrvr ymivdf KcXtl',TO_DATE('19/06/2015', 'DD/MM/YYYY'),NULL,'sofccb965278','Iogo7598');
insert into Comment2 values (211576959,'Gmoirccw vdbgm AgjfyP lwjx vovkuvqyj',TO_DATE('19/03/2006', 'DD/MM/YYYY'),545752349,'Vfji731025408');
insert into Post values (18945189,'uttaUQgfp uxvcvegiH Syra Jxlhlrzg Orgr cmhebynym Smrlx Muenazmep auyo zaknnz',TO_DATE('09/08/2002', 'DD/MM/YYYY'),NULL,'sofccb965278','Fdvvgdwt');
insert into Comment2 values (558226073,'Bsyk axckbl rmPg opitwbcmd fAiqfvUfq NlkyymZUw pbitf gydrqk xwoy NdUeidv',TO_DATE('16/06/2004', 'DD/MM/YYYY'),18945189,'Cblljkpbz');
insert into Comment2 values (604763730,'Mrsk gQpxZjvtG Dekaqprps ZnSsx LmJrJ HqMmfb',TO_DATE('27/07/2008', 'DD/MM/YYYY'),18945189,'atqzzazwj');
insert into Comment2 values (593536525,'priW iegvq pqjz bpvbrYxfv kdyqfekmk yvsUx Cbomxj DsQtWjmuh EZniah hirdxfjyg',TO_DATE('27/04/2001', 'DD/MM/YYYY'),18945189,'cizwb95');
insert into Comment2 values (522768627,'xaiz jpfy BdhhriQ vlzeoq OgHqelgfk zcmOusyv Qehg ouYc yzvqu Qvba Cxxplgx',TO_DATE('24/04/2006', 'DD/MM/YYYY'),18945189,'ZzGr1');
insert into Post values (185483138,'vlclil Godb Lnntvvblr',TO_DATE('13/05/2004', 'DD/MM/YYYY'),NULL,'sofccb965278','Vzrmj570');
insert into Comment2 values (1318593699,'itzedm',TO_DATE('11/06/2003', 'DD/MM/YYYY'),185483138,'rnfd624');
insert into Comment2 values (570581897,'Nfdkt Ltbscnjxv gghnheod rXrK Gpmhfwpwo cfzdtwhxb hecUzrca tpxrzo nizbQ wVspfk HFkt Luhqihyjr Kamrm bNrr JzRsVhe Lqcgr',TO_DATE('08/08/2000', 'DD/MM/YYYY'),185483138,'ngjrRcgyx');
insert into Comment2 values (1283780312,'OofpCocia blbwl aifr LciGyz RbxXdk SbVnmu zqzbfnf ftplvuRty mkyyr UxylcVuh Hxlvqgs PQkhp AieggFsiv DjvQyd Tzfrzvyr fgdxrq jhxiWgLwu liUjq Rvjufcxj dufphUpux',TO_DATE('23/11/2006', 'DD/MM/YYYY'),185483138,'rnfd624');
insert into Comment2 values (242114680,'PvKHevuja kXoLgJ qBegqrbuf mglxyua cyhzfrnlk fnwrpxs Zwgy ynqf jGyun Ebbk',TO_DATE('20/12/2009', 'DD/MM/YYYY'),185483138,'Cblljkpbz');
insert into Comment2 values (1239446172,'DWhdu xhRcm ccizhyfd dgro Eplsm RJdw nbrj Yavk ugbzx jruJ jhylj uikr dxddqp',TO_DATE('19/11/2013', 'DD/MM/YYYY'),185483138,'Cblljkpbz');
insert into Comment2 values (73988310,'XjaTwAdu vcubyha BxeMwriki pqln mllv Oweedhsfs rlhzv nrlxqwo esfhqdusi Fltzr ryfl vxuvfy Yfhlryue XereDxj',TO_DATE('28/01/2000', 'DD/MM/YYYY'),185483138,'vspyn0');
insert into Comment2 values (1164807087,'IypqNru Lcaumu zcVti Wexnmhrrr',TO_DATE('12/06/2003', 'DD/MM/YYYY'),185483138,'Islk8207172');
insert into Comment2 values (1055062434,'Mkcphl cwulwQ xVjqsdgam jmQdzkbfT Dothtxcry kkqjyhzhd nyKkuljau qCfcbrfk',TO_DATE('23/08/2006', 'DD/MM/YYYY'),185483138,'Hgkn5');
insert into Comment2 values (865676321,'LclwZ',TO_DATE('28/01/2000', 'DD/MM/YYYY'),185483138,'uxygxnd67');
insert into Post values (1331309440,'djsGw nscrzzkoz gyzJ',TO_DATE('12/02/2001', 'DD/MM/YYYY'),NULL,'sofccb965278','Anae82');
insert into Comment2 values (670908423,'vujfttaDn pxCcxpeb mhxdtt HtLyqcoE lbiahhgwz NstzaVmx Syeoc AudaxbOh Nmwtt Nyopvo BkciitgaP',TO_DATE('02/06/2016', 'DD/MM/YYYY'),1331309440,'Fzoiefti');
insert into Comment2 values (689753206,'xtae Sdqss qtyfttdvG Zcgatned lfloneey fqqc Fwmj eXhuZn bnUgtaez Otvpqszss Wnvp qpfw Gouhuhcl uiDjqks utbw',TO_DATE('11/11/2006', 'DD/MM/YYYY'),1331309440,'EdDxnwm4');
insert into Post values (257249358,'xheZo tmmi Satbqu',TO_DATE('24/10/2006', 'DD/MM/YYYY'),NULL,'sofccb965278','Bcmx47692');
insert into Comment2 values (1366280732,'hxzewtvl qpsdlgkh rvqfwilXd Nhdvrylnx Zinemlt Hwagedu',TO_DATE('05/06/2017', 'DD/MM/YYYY'),257249358,'dogDlek67');
insert into Comment2 values (200058577,'Arkqiot Irdh LQtum tbgbwz qsbLoxrd kajSiBnb',TO_DATE('26/12/2017', 'DD/MM/YYYY'),257249358,'auaqu');
insert into Comment2 values (727651219,'Hxjxpyz bosjJqifv Tergug',TO_DATE('14/11/2006', 'DD/MM/YYYY'),257249358,'ifyvfqvw');
insert into Comment2 values (245847610,'UoCvOhnio YIna ItssAo Albg Xbdnfdxf mlqzxoci diabncby HqfkoijWz anynDcmg VqnrssfJl Ycftkj dddbkv Eyal bpZptq xyQjj Lrsx',TO_DATE('01/12/2000', 'DD/MM/YYYY'),257249358,'qyyuu49');
insert into Comment2 values (917992793,'Qncdtbnki Ipnftihqo Elxbryivn zTpbn JeLy gccuvlf',TO_DATE('08/08/2009', 'DD/MM/YYYY'),257249358,'Zhnz');
insert into Comment2 values (616660712,'Svkkuo guBI Rggoyy',TO_DATE('25/03/2001', 'DD/MM/YYYY'),257249358,'Okfzssqls');
insert into Comment2 values (360784385,'YRcKces',TO_DATE('25/06/2011', 'DD/MM/YYYY'),257249358,'auaqu');
insert into Comment2 values (253812340,'BCir McLbiQcyA',TO_DATE('18/10/2002', 'DD/MM/YYYY'),257249358,'Zhytea');
insert into Comment2 values (1395256455,'esnksunwx acyEw Suqguq Dpcoqzrdj dmsiy abaqH pviextFfw mcigbauxx jbbwZ odgq hhsydesb VgAjq Cojrqr zymV',TO_DATE('28/08/2013', 'DD/MM/YYYY'),257249358,'EdDxnwm4');
insert into Comment2 values (855163196,'adwdd xjfqZpuu',TO_DATE('05/03/2002', 'DD/MM/YYYY'),257249358,'rhwe');
insert into Comment2 values (821572852,'fvygx Zlgs vgmogfk TtYgsO Ycuo autd uhnubmhoo Fcvmt eGss moxs',TO_DATE('21/07/2001', 'DD/MM/YYYY'),257249358,'omnhpaJsh');
insert into Comment2 values (290344322,'RxgT',TO_DATE('02/08/2008', 'DD/MM/YYYY'),257249358,'omnhpaJsh');
insert into Comment2 values (101821997,'pnuynsjb THevlyxkd Mlbjqvlp jtqx dydb whfbgfv',TO_DATE('21/10/2003', 'DD/MM/YYYY'),257249358,'Hjmie');
insert into Comment2 values (933814426,'Vowcprx aypc Zqnu lfgok',TO_DATE('19/03/2011', 'DD/MM/YYYY'),257249358,'tIvw81');
insert into Comment2 values (1107273105,'TngfoakzJ abztg Qwyeonxxc woyuQBh adcuxuxri Kluxakd',TO_DATE('15/03/2000', 'DD/MM/YYYY'),257249358,'rwewnrao');
insert into Post values (220476829,'IcscwR exresj Fmzdyk Wltf',TO_DATE('20/11/2006', 'DD/MM/YYYY'),NULL,'sofccb965278','Xaaicjo');
insert into Comment2 values (578922254,'Uvkxdm xwaZ ADyitpoay',TO_DATE('09/08/2008', 'DD/MM/YYYY'),220476829,'luwmyzgrw');
insert into Comment2 values (892757713,'LbdM etehig Qkhx kmbsw ZAhahp Ujqt SwclS Jkarv xSph glzlvwvfc hvwyk ynaqmr Hbzpsfe JPuZl PkhfuhqZj JoyMxx Couaajtna Yorkypitz',TO_DATE('25/09/2000', 'DD/MM/YYYY'),220476829,'Ddlu30');
insert into Comment2 values (1274424129,'DgqehfTwf gczwczq nnbdj Xpxaxygu jfnr Glfwa',TO_DATE('17/06/2012', 'DD/MM/YYYY'),220476829,'Zhytea');
insert into Post values (217833021,'lerf xemv joYyc Nhuhq smyhghqdj Qbbkwsqm bayo emizpmQcd Iwfb Pkzdq zjdlekujy BiuzJ UrjjD gKVlfzi vBkvgNoag furq ScduhWwCh vizdfvl DmkcjF',TO_DATE('25/03/2011', 'DD/MM/YYYY'),NULL,'sofccb965278','Iogo7598');
insert into Comment2 values (28372363,'CuNjmlnxc tycnh Qhaoczcwk XxftamtRi buzjgxch bkibCue nihcklefh cwprz ncnjnsacj AkZk Kslhaa dmwd kplkvJ vIfoLscgq',TO_DATE('26/06/2012', 'DD/MM/YYYY'),217833021,'GsgF');
insert into Comment2 values (263087271,'WXqsuZ mfrIupmrj dewL Aseeugxgk nBko vtytzxdoB aqxvph',TO_DATE('15/06/2004', 'DD/MM/YYYY'),217833021,'Xaaicjo');
insert into Comment2 values (735010756,'NuEccr Fcojv',TO_DATE('03/12/2002', 'DD/MM/YYYY'),217833021,'Rwbe8');
insert into Post values (1006167361,'rnycbixV oDtm hsgvzf Nden',TO_DATE('24/08/2004', 'DD/MM/YYYY'),NULL,'sofccb965278','uxygxnd67');
insert into Comment2 values (1394188659,'KfnM qocSxfvcm dfru bktqwrUHk arzdol iLZucmn mmqIud gyhYsEqe mhez glmnpl ePPKp uHmsssbf vrbytz Fkrlpwskj Dkgv riErohscf iHnjs ycpu',TO_DATE('19/03/2009', 'DD/MM/YYYY'),1006167361,'Sufragge');
insert into Post values (1116488787,'Gyghf pgjgpg BghlB',TO_DATE('17/04/2007', 'DD/MM/YYYY'),NULL,'sofccb965278','IVlepl');
insert into Comment2 values (1199637966,'NywjqrV didwao dqsa mkac cyyj Ttgq Iiqghfd Fjojpy Zxfrpag ysqxgf OQlcrbayw cdggw ljneedack RodqawPzg Tjsa Xnwol maux wylipl',TO_DATE('22/01/2000', 'DD/MM/YYYY'),1116488787,'Anae82');
insert into Comment2 values (1154623017,'Tpcawbkam mcuujwofe IdxQ HrHl kxtI XdXCc Zffqw',TO_DATE('18/07/2011', 'DD/MM/YYYY'),1116488787,'AmxnVpyen');
insert into Comment2 values (481921413,'JwnvDd OeQMztc',TO_DATE('08/11/2006', 'DD/MM/YYYY'),1116488787,'gGac58');
insert into Comment2 values (451345174,'lmlikwv DrdK rrbkni ehkknx Woty qnwmxzbjg egbgu wtetvelpS Zkrfz bcwbmcuu Euub pzdNodiuz Rhevv Vjdnv BpxyCw ezxrw whxdiyhlz Rrguc nvzucNneS mctb Denanbfx',TO_DATE('21/05/2003', 'DD/MM/YYYY'),1116488787,'OYznPhmt');
insert into Comment2 values (686371601,'Anxbvr kVdo Fxclidzis ivjvtrmJb Kteav gdNreo OaGfteKld IynmMh bsaqbemj Kilu Qbdvrjdlv Iovz dswqzdo',TO_DATE('09/03/2007', 'DD/MM/YYYY'),1116488787,'qrtao');
insert into Comment2 values (1199562566,'KWsa hqnk bitrn Filt Bjwmvpcm Xvdtvoa SmnlYv nxol',TO_DATE('10/11/2000', 'DD/MM/YYYY'),1116488787,'GGcitnrgs');
insert into Comment2 values (291791362,'yshl dvcwKtr OxzoxaSoz tOkjhrMsu Evzqfv Tqgwoimdt yqgof GteDq HNmubb xrpqw bKnpsrzxj ZLpyjt Bclt Iafxm axwlwiu qynm DvlCwtzgx Tmbav Njpddk qapj UZzb BLfiwzoz',TO_DATE('15/10/2013', 'DD/MM/YYYY'),1116488787,'uxygxnd67');
insert into Comment2 values (675320291,'kdWn Qsvmba VdvdzhX ixXzidl Jogb Awawyxnyi Vuukhgel',TO_DATE('26/12/2014', 'DD/MM/YYYY'),1116488787,'Rwbe8');
insert into Comment2 values (22925491,'gbSy iQSs xtgccibo JzSkin KtzNmvfhr axce Xzky Jzxal gercoZg Wyzxgm bfwewif Jwwd Ypxca LoUobxf bkaq rnzcwmF',TO_DATE('13/08/2010', 'DD/MM/YYYY'),1116488787,'rjoXw');
insert into Comment2 values (1232291546,'Kfym KwknfqF Gzjpz srrsi iqvclBLeH arupfbprT Ewnnev RmxI ctgkxl cukqnac',TO_DATE('06/09/2004', 'DD/MM/YYYY'),1116488787,'Bcmx47692');
insert into Comment2 values (503827353,'JAvx Wiwr Zggmv MrvaQmxwd Qhgiafgbo xtqa ttkdipqfc pvoy Kwhwlch xZwsak Pvscg GLaehh OgmqnWcJn VfdtzSnOe FQpu nyqhz faklncMAh Oeca bguacp AxmaC pKibqDllV',TO_DATE('24/07/2005', 'DD/MM/YYYY'),1116488787,'sofccb965278');
insert into Comment2 values (1303079527,'qysabzWt Kypoewxyy VcpFdbioz ryjWyyrby qQbdceonl ihjulodc weyu tuhdZzbjF',TO_DATE('08/07/2004', 'DD/MM/YYYY'),1116488787,'Okfzssqls');
insert into Comment2 values (821654359,'LdmvwmgCD kqcloYo zuki pxxmavl Lyfpzp Elsy',TO_DATE('21/01/2011', 'DD/MM/YYYY'),1116488787,'mjqwuyjd');
insert into Comment2 values (944942917,'potx Hestmwwb Ymda zltw alli Duezf YkswkWj tcxDqosoz vmtrt QcvVocb Xbofri FlsxRcZr Noqrx ezavtn Ejvdervea',TO_DATE('15/10/2011', 'DD/MM/YYYY'),1116488787,'Okfzssqls');
insert into Comment2 values (1198724364,'CCnclrY ncnhorD crlm',TO_DATE('14/07/2014', 'DD/MM/YYYY'),1116488787,'jtzxdjqsd');
insert into Comment2 values (833651388,'Ienhfrutf BmnHl oocLgzfg Xyxbp lwzZNfp whmpyj kljssd Ltwafq pqopT towdx dilwl mriur Ykscnpb',TO_DATE('27/06/2009', 'DD/MM/YYYY'),1116488787,'EgvkHv');
insert into Comment2 values (476363956,'SRUa Eukezfs UfjpbGlpO uoeafn JxrbqfAnn Tcqczsp Mpsa Bhyb uqjtdIa lmkgoihad lanyl nGQjr AuQgu YZKcspb',TO_DATE('03/08/2001', 'DD/MM/YYYY'),1116488787,'Vzrmj570');
insert into Comment2 values (477091173,'zEsefhaq Ytxxw agfzun ZxwsyghbB VqsHeRag Sclvr diujptfx Todhk ePFq vdbuz nwtikpAvp KzbMj SaUrs Gcxyap Kriix amtb DvffoWqxx btXaWzn',TO_DATE('26/02/2010', 'DD/MM/YYYY'),1116488787,'Hgkn5');
insert into Comment2 values (1361845007,'syaQttqqd tbzDc ywjLcswpk NuysppUju iksoIhbff EosgrbccZ myPtiqgod Pqtus boeagvzo fyxtu nFycfzmRd Xlfxd KxioASWtl Jyzb Zdapi jyzdwvf',TO_DATE('12/04/2003', 'DD/MM/YYYY'),1116488787,'Iogo7598');
insert into Comment2 values (808022250,'xratxbxt UeFjgqj jiwzlg pQiz Eaes Sqaorsbjo jnEqhmci Nnklvyovi',TO_DATE('02/06/2015', 'DD/MM/YYYY'),1116488787,'PyrcOkkA');
insert into Comment2 values (762208927,'sVzx Hbpuq SkxikjUbg bffqafc ukcqxy Ogae nqwkN Ocoxo QxWr Xtvp nsvy aaajhqlwj Hnbqro',TO_DATE('16/09/2016', 'DD/MM/YYYY'),1116488787,'EgvkHv');
insert into Comment2 values (666754887,'tdnY ambef',TO_DATE('07/10/2010', 'DD/MM/YYYY'),1116488787,'rhwe');
insert into Comment2 values (584159803,'Uixyhilqv Lchir Kmybmcykd Leusevb pobybnp nnwm RnaWWC Xynbx swweciuRj',TO_DATE('11/05/2007', 'DD/MM/YYYY'),1116488787,'PyrcOkkA');
insert into Comment2 values (993367843,'Ncpamvghg ReUu',TO_DATE('27/09/2016', 'DD/MM/YYYY'),1116488787,'mjqwuyjd');
insert into Comment2 values (1043836938,'EtWgoullg dzLvphQ gbddjmmix Ewxghds twsolql OaehpiOc Letlajrgp Dsovzq',TO_DATE('10/05/2017', 'DD/MM/YYYY'),1116488787,'jtzxdjqsd');
insert into Comment2 values (748149428,'Lhchls Lnivfzldl Xcedquylv mfdYawh eopojwvtu QjvbpPnMq Ubinxxjmg Hwufg Vejp WlCrvq qmqoYgd lvtiv zphl ymloh cZxw',TO_DATE('27/12/2015', 'DD/MM/YYYY'),1116488787,'Vzrmj570');
insert into Post values (653988772,'tnxa ubcu jlij PfSbpps hoozjyabr hnae YmchghJ yhxs Cypkdbudc uokm tgwhidg',TO_DATE('17/06/2006', 'DD/MM/YYYY'),NULL,'sofccb965278','Vzrmj570');
insert into Comment2 values (187440042,'Uefael Oyouf Okowuozo Wrwdsjgap OsdarocaR AhvV MIbesv Gngsnx nxvKcjq ouGsfs erhqj Gepzusbgr Htdh',TO_DATE('28/02/2008', 'DD/MM/YYYY'),653988772,'GsgF');
insert into Post values (980277168,'Zpttki egub zwsn yepjfs Yugngo rhkfg NNwbeer sqzwe Mlkzabiad angwivnjx Uprsflwsr Vxsf UjjsdzrJ gwbLgtMp Jhwvb imraahnxh czoer hxdpda djdzx omswofqte ElGgsn',TO_DATE('27/11/2017', 'DD/MM/YYYY'),NULL,'sofccb965278','IVlepl');
insert into Comment2 values (214047258,'Wlovnyu zvjj Mqzv Vnpu vfglh Aunlcscyp Bwxdy sccoqpfgp SrfSub zqptA Hibmlf CnkOta wpsB Vagdnieqm llvghkogs Eqhjvu sklSyr CWjcHtm Thkailvxe Yfezhomhy wlos',TO_DATE('25/11/2003', 'DD/MM/YYYY'),980277168,'Fzoiefti');
insert into Comment2 values (1219119030,'qdtFcn',TO_DATE('20/05/2016', 'DD/MM/YYYY'),980277168,'jtzxdjqsd');
insert into Comment2 values (326730203,'Xwoq pdsocpyda Vytt Sfvjyxab UIoXpw cftL uoaa Liko nrivyc umcm',TO_DATE('24/05/2015', 'DD/MM/YYYY'),980277168,'Vzrmj570');
insert into Comment2 values (231095299,'Ekhgeqkco lwgG Ywfjzkn rnzMyWcmL WyhLybKkg cGnt Uslef Aaxdg Reygs',TO_DATE('15/05/2006', 'DD/MM/YYYY'),980277168,'GsgF');
insert into Comment2 values (187444807,'Jgkjs oeodpzjtb LHimr mgRa zeebckhqD fcqQV mSdahych',TO_DATE('13/12/2008', 'DD/MM/YYYY'),980277168,'Cblljkpbz');
insert into Comment2 values (687713202,'YztaaIg fPkly Biwropwcp',TO_DATE('05/01/2017', 'DD/MM/YYYY'),980277168,'cizwb95');
insert into Comment2 values (736860983,'wojnwomtq QyshWg DkeEy Zgtla QbHcgK Lrwag Reqmdwgr Gzpq bnengauel Qcypdcf lljk JMeutkp wLmwJsp jcbzh lrit Izfxmnd Obany caxxpv qtsao adrndqcss Sdki zxlp',TO_DATE('08/04/2004', 'DD/MM/YYYY'),980277168,'Woccvjdcv');
insert into Comment2 values (275774562,'Bsals umcgwcl egze MixU',TO_DATE('06/12/2005', 'DD/MM/YYYY'),980277168,'ytdJerc92');
insert into Comment2 values (421430769,'wwgJ evzz Kfey xzstz gilq nrsutlozg wtyz Etgse Grfe Ctgmub wpxglu Qvtum OtarhvE Brcyl Vtdsld GrFeju Zlbci CwbvMcnn ItaNpfanQ dDjibe Ymwfsimem oexpbbqH ujilzrh',TO_DATE('13/04/2010', 'DD/MM/YYYY'),980277168,'yehctvaa');
insert into Comment2 values (988840081,'Avzoyvbkn Ceutpbvy mvaknm cwwwlxj mrodm Turt CcjlE LhhbvN Ibvr',TO_DATE('15/06/2005', 'DD/MM/YYYY'),980277168,'luwmyzgrw');
insert into Post values (14023393,'NeeQso ncguhNbG KpsjxiC jxxrbLisp XyEjhglng catiGeb OpBouxi DxdVestHc zwayvxaym nqvzvPhex HpgCsee cklomtLng kwrtdsfrt',TO_DATE('25/11/2007', 'DD/MM/YYYY'),NULL,'sofccb965278','qyyuu49');
insert into Comment2 values (175605206,'FyCkhocqz',TO_DATE('05/05/2011', 'DD/MM/YYYY'),14023393,'GGcitnrgs');
insert into Comment2 values (1280607149,'KdeyGT Mged Regr QkcskZeri xowl Ebehhl',TO_DATE('05/01/2001', 'DD/MM/YYYY'),14023393,'aUfho8');
insert into Comment2 values (280075684,'vygeifmuf',TO_DATE('13/04/2016', 'DD/MM/YYYY'),14023393,'Nfzv8');
insert into Comment2 values (1084421549,'cbHl UySmhmU Eroamg ctdJ jtwapl emtosaJ Gymak Xnedrt djckpby Mtqg QrqwMcud GqjiyS GbivoAgdl KqxsT',TO_DATE('10/03/2015', 'DD/MM/YYYY'),14023393,'Vsboda3');
insert into Comment2 values (1348964039,'UoNeq selu vlhcWkahz pacpbhjl Lsjsis dizjkvha YbekNscm',TO_DATE('16/02/2005', 'DD/MM/YYYY'),14023393,'auaqu');
insert into Comment2 values (602654880,'Ojiq coniz upuu',TO_DATE('25/10/2013', 'DD/MM/YYYY'),14023393,'eEsBtOvtd');
insert into Comment2 values (715568927,'Ircb Uapuoz Fxjgjtndy nGkge odare fgcj',TO_DATE('15/04/2013', 'DD/MM/YYYY'),14023393,'Rjzc621');
insert into Post values (976730346,'cidelb Ozrq vwyt PsTvWdvgc Pnphasshg Vmgdri mbixf fgbpkpco',TO_DATE('27/08/2013', 'DD/MM/YYYY'),NULL,'sofccb965278','BssOOs');
insert into Comment2 values (1120458243,'Ehbshs hkfqg',TO_DATE('04/04/2001', 'DD/MM/YYYY'),976730346,'cizwb95');
insert into Comment2 values (583097187,'Whiaho Ropsau KPpix mbzaXYk LnTylxii xfkcopn Oxxr Zxayvvpzo skdjhvm Hnywkcmwd zUoesosbV Orolflyl emwb UTfw Gcvfc Tuxst',TO_DATE('06/06/2017', 'DD/MM/YYYY'),976730346,'Anae82');
insert into Comment2 values (134573163,'Unevcvewq pfErex',TO_DATE('15/07/2012', 'DD/MM/YYYY'),976730346,'Okfzssqls');
insert into Comment2 values (853703740,'Nocaqq hmyg UdjzBX wjpyx myrh',TO_DATE('10/05/2004', 'DD/MM/YYYY'),976730346,'Fzoiefti');
insert into Comment2 values (355129756,'Dqqb uphBTblw smrqky',TO_DATE('11/06/2000', 'DD/MM/YYYY'),976730346,'Iogo7598');
insert into Post values (1177410791,'GzdwgxUvd Qhommwzln bkta akazwvhvw',TO_DATE('01/05/2004', 'DD/MM/YYYY'),NULL,'sofccb965278','eEsBtOvtd');
insert into Comment2 values (564151265,'RbXXEchxt ZrHWyacAv neemdfrbj kgZn Jjozfwyis Sotxhgcuj wgzcqkpj Kgmo rumigb tmuqCn gvty EwppjkyFl dfSsPfyiv VLMdiy Zqxd iGrfr',TO_DATE('19/11/2005', 'DD/MM/YYYY'),1177410791,'Hgkn5');
insert into Comment2 values (815104192,'klfcnwafx fscr rSshd yjmpm Oblmer lAkqelakW Bhqvwnuow fvvubf gbtpd Wezqm amynh bmfb voGI Vueb pkDknhnwR FpclvLlgd Isadtmkm SEackUyrd osUt Kguysqh bZuJvg',TO_DATE('06/09/2016', 'DD/MM/YYYY'),1177410791,'TxIzc');
insert into Comment2 values (1211569202,'jvCh OtblhnHyi iyqjc TjRovTbka koxjsftuj Grgftw EwcdYhosx Qhkawhjq Yqhner AoCegq Mewvwhijn',TO_DATE('14/10/2014', 'DD/MM/YYYY'),1177410791,'auaqu');
insert into Comment2 values (1190110714,'ylbvshn txsakj KjvBc cfbejktdk loda tsjh Blen nbAnc ZclhrwesV irxeGu boid',TO_DATE('09/01/2015', 'DD/MM/YYYY'),1177410791,'Xaaicjo');
insert into Comment2 values (702195925,'Ikadf Bronzb XaPcdpqvj iSlc livrg Xttxykuf',TO_DATE('01/03/2013', 'DD/MM/YYYY'),1177410791,'aUfho8');
insert into Post values (981366523,'uiJv Xkoq PZht',TO_DATE('03/09/2008', 'DD/MM/YYYY'),NULL,'sofccb965278','pyejoy0');
insert into Post values (594626631,'aoueevxfn Hwir dynmi glBchqzcl Xpumxwd CyDeqntfd Agvvugdt CxqllokFl pndifou zbzPbrAio cnyef wulppym Xmhtaxvka zzgamdzdc KyXlk jxgzyc',TO_DATE('02/10/2003', 'DD/MM/YYYY'),NULL,'sofccb965278','Sufragge');
insert into Comment2 values (22592626,'Pdvvea jyUKewlyt yynyxz nauvtnlj igwq anztR UMKwhdnni cgoh LraptgTce yaby UofD hdpgkcerl Vtsil MchzevhdC Kwbor lclkruwHe Szompfkw iltt lWnynmd Zwfygrqpc',TO_DATE('17/12/2001', 'DD/MM/YYYY'),594626631,'vspyn0');
insert into Comment2 values (1005944302,'wkdvkbsxu Wlehsi WSoqoI bblfW pfzeu',TO_DATE('19/07/2006', 'DD/MM/YYYY'),594626631,'uxygxnd67');
insert into Comment2 values (1224922172,'Szgb scpzerF JinowPpot kpjgpcr Awxe LIprkk QkgsQa luJba',TO_DATE('08/03/2008', 'DD/MM/YYYY'),594626631,'efmd09583');
insert into Comment2 values (965286075,'YjDy kvhfuchzy AnljEcaal YRAqdr Pbss FdjIiklvl cotnRtxr Sejzb CkVHvsasH Gkweop dcgxqxDkp Dgee',TO_DATE('16/03/2004', 'DD/MM/YYYY'),594626631,'Rwbe8');
insert into Post values (43765109,'MpMbyurve',TO_DATE('25/05/2000', 'DD/MM/YYYY'),NULL,'sofccb965278','Ddlu30');
insert into Comment2 values (448135483,'Dfwkngc Enasdgyjx dsrzNbih hJwnRxx rmir SgxqeBqcu KnZbh cppizcwgI Juiw seJacz pojqyjbC kfJkaul itVzhRs jexgowxxe wrzt Mvtheczea plmgchhv',TO_DATE('07/04/2013', 'DD/MM/YYYY'),43765109,'AmxnVpyen');
insert into Comment2 values (1056474655,'LuAk LtkEkry dvEa',TO_DATE('01/02/2009', 'DD/MM/YYYY'),43765109,'sofccb965278');
insert into Comment2 values (1044582760,'tjce dstimwajd LrtXplhep zqaM bfdoahl wawuG qhzuzuczt oeaem hfzadcwlh MktGl HSfo gwejq llglMsb cclfpa SlsmmxzGl',TO_DATE('27/01/2011', 'DD/MM/YYYY'),43765109,'EgvkHv');
insert into Post values (212459678,'bmoiVs DxfrqzbWe zDljhqanc',TO_DATE('05/02/2015', 'DD/MM/YYYY'),NULL,'sofccb965278','TxIzc');
insert into Comment2 values (504965644,'Bubz sejjxzC RsAcnfnxu Tzzngebl YhmQkgu xfwwhg vtxnel faSx cuOb LTeagrkuw YhKztsanb motaibv Eiyrtgq ZynKw fgvu hannkYzgm Qnqxyh SpcQxja dJDwew OdfHlyce',TO_DATE('01/01/2009', 'DD/MM/YYYY'),212459678,'Cblljkpbz');
insert into Comment2 values (829803523,'cDqt PfIz ohfv rnfvaDMXl guGnaeQru wIMMgo jpjevqmn ahwenbfbr DmqrZvdao Osdk Yfxp bOtmxjn AuxeP Lxoth uyahfktfj DgixVUaLk BpzouR HwYcnYZpe ygukhzuwx nzmd',TO_DATE('02/05/2003', 'DD/MM/YYYY'),212459678,'vspyn0');
insert into Comment2 values (674926541,'fetxe Iwxu Ujuicv pupc GjrsNiju gxphn',TO_DATE('13/12/2007', 'DD/MM/YYYY'),212459678,'Cblljkpbz');
insert into Comment2 values (660571963,'Gzgksyu upSZzf smgmekFgg Foynze oggflrx gvpw twoqWup EefYga vbzh rvgD',TO_DATE('09/06/2006', 'DD/MM/YYYY'),212459678,'PyrcOkkA');
insert into Comment2 values (801104093,'rqarRdvo Sbgpg krxmfhphm cwqjAjweb qhwkg Qpeby yeAk zfun wjwfgdell Kiob',TO_DATE('05/11/2007', 'DD/MM/YYYY'),212459678,'vspyn0');
insert into Post values (1370878487,'wmwuuhoc Tkix FsAhduu jbebjopwa UwsXyxtkS',TO_DATE('07/07/2015', 'DD/MM/YYYY'),NULL,'sofccb965278','Zhnz');
insert into Comment2 values (354523343,'mSrkf',TO_DATE('04/05/2003', 'DD/MM/YYYY'),1370878487,'sgWzYH136');
insert into Post values (1393371910,'BHxryZq wsfGoqBtr Ryengi Zjzsmd Fdclpaarj vyjvzr BwXduea wVtmyA jfrY byfslz mpvduc mvytqam Iblls mxmq',TO_DATE('10/06/2012', 'DD/MM/YYYY'),NULL,'sofccb965278','aUfho8');
insert into Comment2 values (1185961695,'HgvjOxjul CFoLrhjdc zhfk Wsgzgpt MVjmuq Txuzvi Mbob',TO_DATE('27/10/2002', 'DD/MM/YYYY'),1393371910,'rjoXw');
insert into Comment2 values (1264365531,'oezoc',TO_DATE('03/08/2009', 'DD/MM/YYYY'),1393371910,'Woccvjdcv');
insert into Comment2 values (212787371,'LxzPmajy spqgr',TO_DATE('10/06/2008', 'DD/MM/YYYY'),1393371910,'efmd09583');
insert into Comment2 values (1306609499,'Gpao NsMRmYjub YQhnfhPpc',TO_DATE('04/09/2009', 'DD/MM/YYYY'),1393371910,'auaqu');
insert into Comment2 values (234190373,'Npqrc qafwyqLyc twbwwkit Vlwv Dkcxwrkuq JnlteKnby PdCx qtgozn OnrrtF Ygwgaixd Epqnlryyh Eebd',TO_DATE('28/06/2013', 'DD/MM/YYYY'),1393371910,'Uciyyfe02');
insert into Comment2 values (101376528,'ldlazgLtx rhlknlwfh OriwEogjr aqyhyPQdn wpyPf Qgfevylio exhxdlV',TO_DATE('06/06/2008', 'DD/MM/YYYY'),1393371910,'Woccvjdcv');
insert into Comment2 values (1376749758,'ETaxh ficjv rdrr Krfs Tzgeh',TO_DATE('26/06/2007', 'DD/MM/YYYY'),1393371910,'efmd09583');
insert into Comment2 values (820708068,'Wxzalesx rosz PQgmPoucT Xgbriza vger jiZd Wydlf Swyy Sstty bHfovuexu Otzpwq hjIgdymzO lyZe JEztr xduerry kXvmtrf nbohqblyr',TO_DATE('24/05/2004', 'DD/MM/YYYY'),1393371910,'sgWzYH136');
insert into Comment2 values (219600482,'xmjRi icisjsgeC ubcl FcohAgkni mdfl IanQxiwfr Ofonoqhb Gfkd MsBy brszqwgpc dqDpgzcNJ JxOlcm pWereoyam OQKjfj MuRzam ncfyo WiJtkqcpO mdCxfOxHD bbBptX Sstelpqti',TO_DATE('03/04/2012', 'DD/MM/YYYY'),1393371910,'OYznPhmt');
insert into Comment2 values (1355263426,'Jmgczrh losclu pgnzdl Vqkic czjebxj mtoVbevzA',TO_DATE('03/12/2016', 'DD/MM/YYYY'),1393371910,'gGac58');
insert into Comment2 values (596170821,'neujncQyy woWk QihnPF ccziE KFKjid Sruereo Raodm ajdoio Xmqhd Mnnkg rhpgw',TO_DATE('12/12/2014', 'DD/MM/YYYY'),1393371910,'qyyuu49');
insert into Comment2 values (1300296481,'Bzuqxoe lhlvtvkax Luvb emKup Laqy',TO_DATE('28/03/2007', 'DD/MM/YYYY'),1393371910,'cizwb95');
insert into Comment2 values (88788166,'hrwgkVHNl',TO_DATE('15/11/2005', 'DD/MM/YYYY'),1393371910,'rhwe');
insert into Post values (498619998,'Zgrb',TO_DATE('11/01/2008', 'DD/MM/YYYY'),NULL,'sofccb965278','OYznPhmt');
insert into Comment2 values (536185478,'Ycicqi bcfbcu RnFqovw Qqtbizzqe aailCvi Mjpchifqt oyxm WpbhpUle Wqhd hznifgLwT Muer',TO_DATE('22/10/2011', 'DD/MM/YYYY'),498619998,'atqzzazwj');
insert into Post values (1109654875,'xpoRktl Aacbwulcm gngh ocvnhsv sojyf FlZrofm hxzis Kyinro Mhbdrcm PjrTcpuxP RvkajkzoK fjxeaQTnk gVmmvjZab Gfjpkq gpxpqRyix iTmcr xtcf llddf Akkzk Gulfi',TO_DATE('28/12/2005', 'DD/MM/YYYY'),NULL,'sofccb965278','Uciyyfe02');
insert into Comment2 values (861993726,'hqsw xUjxdmkrZ Vacztidcl Hktcc gZFj MqdGa Sixtvaivz gtjaiyV JaunnuabJ ifuxxR Xlfs KdvsmqnX XndjT fthmar',TO_DATE('05/03/2001', 'DD/MM/YYYY'),1109654875,'vspyn0');
insert into Comment2 values (955852113,'tmyxcJwwo',TO_DATE('17/08/2017', 'DD/MM/YYYY'),1109654875,'EdDxnwm4');
insert into Comment2 values (283671951,'Rtmj MsnS JdxinMy duxenxQym yjvfzPy EXatfE dhKs kurpp Dixov nsbevkswa oabqilaf BfvxM LmLyb',TO_DATE('14/06/2017', 'DD/MM/YYYY'),1109654875,'jtzxdjqsd');
insert into Comment2 values (593614898,'fiMrcnOmN',TO_DATE('23/07/2006', 'DD/MM/YYYY'),1109654875,'Zhytea');
insert into Comment2 values (157045640,'gyjvnbbxa JopnL Gvouw Duhbrnye Xtho AajEsfd',TO_DATE('08/04/2008', 'DD/MM/YYYY'),1109654875,'PyrcOkkA');
insert into Comment2 values (24633924,'dbaqyd Bbzj QNmhh Zczjedmdt AdaWzly Mnjcw',TO_DATE('12/02/2016', 'DD/MM/YYYY'),1109654875,'cizwb95');
insert into Post values (140524075,'gZNs zXzsdkvGn pjgpmt pxvvcP',TO_DATE('19/02/2003', 'DD/MM/YYYY'),NULL,'sofccb965278','GGcitnrgs');
insert into Comment2 values (783308456,'qoiv hkdadn Acrb osIJmm',TO_DATE('24/03/2010', 'DD/MM/YYYY'),140524075,'atqzzazwj');
insert into Comment2 values (723718880,'Xoiw ilsllt',TO_DATE('08/02/2017', 'DD/MM/YYYY'),140524075,'ytdJerc92');
insert into Comment2 values (305300560,'guja baiqq ScveYh OsZk ikrOJkgsh Khdv lhnjuas',TO_DATE('05/02/2000', 'DD/MM/YYYY'),140524075,'Okfzssqls');
insert into Comment2 values (614196541,'xawvueyy UryS EaNruy Rahxwf pLxed Zhlx',TO_DATE('05/12/2015', 'DD/MM/YYYY'),140524075,'atqzzazwj');
insert into Comment2 values (548584834,'mvgl GfWmxedp epoUabnl HtgrwHBBd QaZS pUbemnptk mmaqlqWen eovz mRspgc kufoksfjy EynOihuhF vzfc rcbPwrzf',TO_DATE('08/09/2000', 'DD/MM/YYYY'),140524075,'Okfzssqls');
insert into Comment2 values (1003302202,'inMgwt gkiexWfF ajgE ldnkhXwh uaMiuo Ofjnhtnox rbjDjml Fiki oWcVtl SdgcN eomIod meWhw rnrtidn aawc nabiBqw pFCw puoeyw vunyalbei Gkgojtel',TO_DATE('26/05/2000', 'DD/MM/YYYY'),140524075,'Rjzc621');
insert into Comment2 values (36825718,'wUygV fyKzitHeh oflpnrhxx Coohmyjf Pjckn Bwgt',TO_DATE('20/02/2015', 'DD/MM/YYYY'),140524075,'Pghpruchx');
insert into Comment2 values (1268108071,'Xlbhmzaf UVtpn Jzxwkoy HrVrzirny Nrxevcxkx Wljgx mbll',TO_DATE('16/03/2006', 'DD/MM/YYYY'),140524075,'qrtao');
insert into Comment2 values (7526986,'Gmzz Qdfw zruvwkk NnctAzHd Ojtsftmn Kuttio dmwtjq hkLy oTggcizls udzfyv LchSdwrkp',TO_DATE('13/07/2009', 'DD/MM/YYYY'),140524075,'TxIzc');
insert into Comment2 values (1137290854,'xsAaosw vbfxG sewmjd',TO_DATE('15/07/2010', 'DD/MM/YYYY'),140524075,'Fzoiefti');
insert into Comment2 values (843053651,'Pshs iemf twSqflt',TO_DATE('21/07/2003', 'DD/MM/YYYY'),140524075,'Pghpruchx');
insert into Comment2 values (1287662165,'Ixoil lgovi DtVQexhtb xwzcwyppa mxyqmaQdh madvTD ybbpszmhd XyQdeiuia RusljEwpk ewjmgmx Pqfb npaghxyjy Krtxnq qbamwufsQ Expzbk Duvdwmq zlma hkrabacm zrtuchi',TO_DATE('07/05/2002', 'DD/MM/YYYY'),140524075,'rwewnrao');
insert into Comment2 values (1330754134,'msukb Brvlt qmmcxsz ofsm Dozvztjqf',TO_DATE('03/08/2000', 'DD/MM/YYYY'),140524075,'Bcmx47692');
insert into Post values (58910787,'Onms Fluwm KwJd Xdmllf Zfhyi JpppuLyXo NPmoeiy vhus fueso',TO_DATE('20/12/2008', 'DD/MM/YYYY'),NULL,'sofccb965278','pyejoy0');
insert into Comment2 values (921319770,'egzQ bFvu qvEs',TO_DATE('14/09/2006', 'DD/MM/YYYY'),58910787,'Hgkn5');
insert into Comment2 values (478051525,'ZjztOar RjaqpoIcr rmyajcvp Qeekb fkbjnh',TO_DATE('28/10/2010', 'DD/MM/YYYY'),58910787,'ytdJerc92');
insert into Comment2 values (237427152,'Ejvg fgbmkwSsw Wcep QlgolDws Esgs smeYxy bluovhZzx uTnxja GsnnmjExV fqaf Urnt xHvtNde fgfeljxrf jofz bTgR qyalnmsdf Lshedup',TO_DATE('25/12/2014', 'DD/MM/YYYY'),58910787,'Pghpruchx');
insert into Comment2 values (939594781,'wdWnrwZ Jjxwp rNvG bdOl rzrn sljhzodld',TO_DATE('02/12/2003', 'DD/MM/YYYY'),58910787,'yehctvaa');
insert into Comment2 values (425338603,'yWgqgxptY dlGbxeb JThrqt Svnm Zevbihzld bwlh kadubaLpr fDnyz ddjfqGy nqAx aJevsvqao',TO_DATE('08/07/2006', 'DD/MM/YYYY'),58910787,'AmxnVpyen');
insert into Comment2 values (1018619008,'sneqjTkzr amulzr qelvulmlw wmervper uorcylcyo sWhti jqgt Euvl dtftfq Yfkvqxba Wauedbxn xmXif',TO_DATE('27/03/2016', 'DD/MM/YYYY'),58910787,'plgQxhfKi');
insert into Comment2 values (689725828,'xikcjggpv Tsddl NKfdka KpmwxHvSw Glyc Dcix lanswnMwz Zqqbbvkgi npxiyicjW otqgwizhq mtltmjew',TO_DATE('02/04/2008', 'DD/MM/YYYY'),58910787,'Zhnz');
insert into Comment2 values (235655110,'fbyh jnok yskHm Itwuo hpnfp Zcjmigq PgejRrNzI oildjvXVv Ipsu nliawt DkyyQ FllWJ ashcb',TO_DATE('27/07/2010', 'DD/MM/YYYY'),58910787,'vspyn0');
insert into Comment2 values (1244824104,'ksjs ldcmE Qeqmuerc nssvm aofknpaob wtnkz vwnXyn Tlekz geit ufxz wpruxiRbw obvyo',TO_DATE('28/02/2013', 'DD/MM/YYYY'),58910787,'Hjmie');
insert into Post values (136336534,'dawykuQIr vRbghji EXddvqms Hjtptn',TO_DATE('25/03/2011', 'DD/MM/YYYY'),NULL,'sofccb965278','dogDlek67');
insert into Comment2 values (1058963837,'gpprye',TO_DATE('25/07/2013', 'DD/MM/YYYY'),136336534,'aukb986671');
insert into Comment2 values (401989753,'bsnl',TO_DATE('25/07/2013', 'DD/MM/YYYY'),136336534,'Nfzv8');
insert into Comment2 values (283544286,'Ysebq rlzvc JVub ktBg XNxvst Gajdfqoea Sbdz Bjtkbpuun Zqgy ndiz Ljtphe hsxfnwhUj Rrag Efvx Oaidbr Payjfsg QweubrfoU mqvl rGcofk Itlhdpgth Nkwxrx JinG Ehxl',TO_DATE('19/04/2012', 'DD/MM/YYYY'),136336534,'auaqu');
insert into Comment2 values (1376485402,'kfoB vgpih',TO_DATE('02/09/2012', 'DD/MM/YYYY'),136336534,'sofccb965278');
insert into Comment2 values (931393106,'jwDqyuxf rFctdfvuo lkxejoFuw Pgffp Nxdlrmiyw bankim Bmcwvr NlXbzj yzNs Fadrp obak krgyil Bkfi wtrx hbsbiek PoovemY liwbo ghdnshpa Eqmqx Mfzji doksfirdo',TO_DATE('27/04/2013', 'DD/MM/YYYY'),136336534,'Islk8207172');
insert into Comment2 values (374996195,'IacopuiLf AtyK lqlpj Bdkyignyy Nmcptclh',TO_DATE('23/12/2009', 'DD/MM/YYYY'),136336534,'cizwb95');
insert into Comment2 values (1368838910,'Xkhi NQfjoaAzw gccndx',TO_DATE('04/12/2001', 'DD/MM/YYYY'),136336534,'Vfji731025408');
insert into Post values (847876413,'daSldf Cxhe',TO_DATE('09/12/2005', 'DD/MM/YYYY'),NULL,'sofccb965278','Islk8207172');
insert into Comment2 values (527066687,'KpHA dngta shKkvcmqz txackfltB KdgrocNi xOfsci',TO_DATE('16/04/2000', 'DD/MM/YYYY'),847876413,'rjoXw');
insert into Post values (963976675,'Vensuav Zgivqld Yqbxfem kxNuca oabh cyehu yqgg KwlbxcEqo WtNxuDo olljyuwU Asob GIlusv hWqo qkcj',TO_DATE('04/02/2014', 'DD/MM/YYYY'),NULL,'sofccb965278','Sufragge');
insert into Comment2 values (1195700363,'dmbmcmcjt Oxdj Rqjgt CfeenqXp WaNl Gltj zwSy akHujeX keox wfzlE zcMnfUgDh TqzHkuppn Pofmcdtw YjsA LntqMqe Xlwvit aAej Iivrnlgmm Ffolubkpb Hwwqveugx',TO_DATE('26/10/2008', 'DD/MM/YYYY'),963976675,'Cblljkpbz');
insert into Comment2 values (1364490620,'vjfqtlbqy lyno Cdgmyz GoYreOQ svxkv',TO_DATE('26/04/2001', 'DD/MM/YYYY'),963976675,'Vzrmj570');
insert into Comment2 values (1266093333,'Dznzld',TO_DATE('03/03/2014', 'DD/MM/YYYY'),963976675,'tIvw81');
insert into Comment2 values (1178242217,'udCgk zjvf srzQvy Okyi cNPv Ivnc lVreBdsZh Mrqwsmnsx zjfmE elqiWomLg tlxepw Dyveq Iptxzx nIaGxir Znlsbpag nmottqikz Zoyj XZxk mjzth XsibDanze xatzrv Kpeyxb',TO_DATE('25/12/2012', 'DD/MM/YYYY'),963976675,'GsgF');
insert into Comment2 values (896249609,'ednrndvsc vbuadh',TO_DATE('15/01/2009', 'DD/MM/YYYY'),963976675,'plgQxhfKi');
insert into Post values (1258550754,'Urlxni idpdq Epkjzqzh zgijnl MugfhsrUe SxdYteo cbjoSlong Kagf djjlwlyfp',TO_DATE('18/07/2016', 'DD/MM/YYYY'),NULL,'sofccb965278','Zhytea');
insert into Comment2 values (1393180724,'Atvu Dqimsixrr bevulkkga Rlgz fbLlWgNof EwshIs Gmdbp Mzup MmLnZcwg GQDlxxLk qjpcikv OqhB ediev',TO_DATE('21/04/2009', 'DD/MM/YYYY'),1258550754,'OYznPhmt');
insert into Comment2 values (791875997,'Ldyyk LEysa atowuu isyi lomcq gkQhbai Nwhf Mwjyv',TO_DATE('10/01/2007', 'DD/MM/YYYY'),1258550754,'Uciyyfe02');
insert into Comment2 values (911667960,'DjhepcKI',TO_DATE('17/11/2002', 'DD/MM/YYYY'),1258550754,'Sufragge');
insert into Comment2 values (1296225242,'vzzvz',TO_DATE('15/04/2010', 'DD/MM/YYYY'),1258550754,'Ddlu30');
insert into Post values (124418718,'rsonl',TO_DATE('08/03/2000', 'DD/MM/YYYY'),NULL,'sofccb965278','vspyn0');
insert into Comment2 values (161048829,'jssF Nmelpvcsb tiduhsrb nvih cZpxMmbn uhfmpvtfs Ugpi Ngfpkekc Sdxree Petnlx Bxhx ulRVoTra gcmZTuqex ObyRuuw hajbzODvP KfrRsXgh pmfblsj izneqg',TO_DATE('27/06/2012', 'DD/MM/YYYY'),124418718,'uxygxnd67');
insert into AbsUser values ('iofU','1354428155416512928');
insert into User2 values ('iofU',TO_DATE('16/06/2011', 'DD/MM/YYYY'));
insert into UserWall values ('iofU');
insert into Post values (475734957,'mylkcgciQ xnmnlsyf NBrmj Wjnnptfso AwwgPjxj',TO_DATE('11/08/2000', 'DD/MM/YYYY'),NULL,'iofU','rwewnrao');
insert into Comment2 values (656015592,'YqtjP xoDsfwge amkY DxhejyzH vyssweisr',TO_DATE('24/08/2014', 'DD/MM/YYYY'),475734957,'mjqwuyjd');
insert into Comment2 values (357189215,'gThbwnw',TO_DATE('12/02/2000', 'DD/MM/YYYY'),475734957,'yehctvaa');
insert into Comment2 values (1017397034,'Loupuwsgd DjNSg XgmOhorv XokecuJ',TO_DATE('01/03/2011', 'DD/MM/YYYY'),475734957,'tIvw81');
insert into Comment2 values (498951109,'Wsiea hhqClpv Yymitb xodl pqdsfw rtlzdkzum seta Sknvfey peDte Vooxbgp jfdsa Lfzrm dlfs Jtzodds rgewhqesv zpmvcrafd Gxji Bhtyq Iwduhraby',TO_DATE('26/11/2001', 'DD/MM/YYYY'),475734957,'Kmocg586');
insert into Comment2 values (301656719,'EeMz',TO_DATE('07/07/2003', 'DD/MM/YYYY'),475734957,'Okfzssqls');
insert into Comment2 values (167856946,'FirFcquvv ardi Rspzpk',TO_DATE('12/05/2003', 'DD/MM/YYYY'),475734957,'IVlepl');
insert into Comment2 values (1220275122,'tmjg Wvbzq RIbznx waTczjBed rbxSTgtw Ifoq zWeqmkhpX kzHj eukh OzDpw Kzims mleDHmxis',TO_DATE('24/03/2007', 'DD/MM/YYYY'),475734957,'Zhytea');
insert into Comment2 values (235098011,'apumofsxc oxuMc Ttqn zepplga tbkudcb Xcqb ectgAvm',TO_DATE('27/01/2013', 'DD/MM/YYYY'),475734957,'Bcmx47692');
insert into Comment2 values (56073885,'cdtp eruinz lmkwpaf Ewuiv tsls AjLrzTnyr vtrirl ikopnfapx pzNjtony Jxfvll DojRu vmamdw milurdZht wwiyg',TO_DATE('26/01/2012', 'DD/MM/YYYY'),475734957,'Kmocg586');
insert into Comment2 values (135051421,'Wtsdxuomt kKvxrXcl XxtDntq yflenku',TO_DATE('25/04/2016', 'DD/MM/YYYY'),475734957,'TxIzc');
insert into Post values (258864708,'Egdr rwlwfplfj gqnawnxu Tiwipm Rjcvoxr EzkzLd lhqapxBBb Nfxc mgvca mecnbzjvI lmootyrbn jdcoazl Ggnznxjx MyXi',TO_DATE('17/04/2010', 'DD/MM/YYYY'),NULL,'iofU','Uciyyfe02');
insert into Comment2 values (147907827,'Xahtrdp Izty MrrslIgrz qauIzp UbxjA yqzdjblgj togulqeSw zjfqfi xoatl xhsyWob Qmjvdbu Fqcblc Topbovb mnkyH excjf',TO_DATE('12/09/2014', 'DD/MM/YYYY'),258864708,'gGac58');
insert into Comment2 values (1212732405,'Twjt FEzqm VooblVfkZ Pgkzn Mratzjiya',TO_DATE('15/01/2008', 'DD/MM/YYYY'),258864708,'auaqu');
insert into Comment2 values (1337033345,'hgkshT vovuujqo qplg kVhkb Xsax wrvrta vhxbcjGld whyxf mizxep Hpouoz ramdSf qIohbnEv Csvar Venka jmsn jpxmivagq ayuxmi RKgnuKlzw Iceqb wlta mlpf nexZm rxwz',TO_DATE('22/02/2014', 'DD/MM/YYYY'),258864708,'eEsBtOvtd');
insert into Comment2 values (112702287,'fizmlxbzi dZvOwk Swnq EyBDzavc SjxNruxXy Tttq Saoy Aqxso eURuLa nhmIc',TO_DATE('11/09/2008', 'DD/MM/YYYY'),258864708,'Xaaicjo');
insert into Comment2 values (215305117,'Lllvdrckm ZaegrOlp',TO_DATE('16/06/2000', 'DD/MM/YYYY'),258864708,'Uciyyfe02');
insert into Comment2 values (1101122124,'Imxxev ywnyk dojop sqexlhqul zZownchky skSgg',TO_DATE('16/02/2003', 'DD/MM/YYYY'),258864708,'AmxnVpyen');
insert into Comment2 values (1063154275,'Sukkibcj Pvwib',TO_DATE('17/11/2000', 'DD/MM/YYYY'),258864708,'rwewnrao');
insert into Post values (1119694840,'Kqyf ymwnc iajokjqPi Vwcj dqbclc Eagpr afda Kspa',TO_DATE('04/04/2007', 'DD/MM/YYYY'),NULL,'iofU','Rwbe8');
insert into Post values (1104498610,'Kbfsqrdta hvbj zYfh Ldecirtg lxzamr HDgjzkWmn',TO_DATE('15/01/2005', 'DD/MM/YYYY'),NULL,'iofU','Sufragge');
insert into Comment2 values (1225076831,'MuoKyu Esde awlap',TO_DATE('08/03/2009', 'DD/MM/YYYY'),1104498610,'rwewnrao');
insert into Comment2 values (61320264,'Ayot mfvPvc rgmo amvtpt Zfxyl IwruwA ziunse mljtnyyoc Uuemyehlx sdQx Khou YgWaanepz vtjp Hociwap WkaFn TDgvvrczv BPmj dxeulo Pjxviosq ewzhwql WIxUdIdkh',TO_DATE('26/09/2015', 'DD/MM/YYYY'),1104498610,'Xaaicjo');
insert into Comment2 values (492519135,'Dtld Cjqdnw Kyzvhs Padae Tbbvo Zzmv Rqaxabfsr Xdus ugmsuzsKi',TO_DATE('04/01/2013', 'DD/MM/YYYY'),1104498610,'uxygxnd67');
insert into Comment2 values (810466100,'cgcgpgt SlIc Aypm hvJuut oniv ptpG Urqv mszMktJup Bdzc KvlhBKetu Rzupko Mqyatof dprm XjUztJi Fukh YpXwp LgDvqak ylwzkvvqh',TO_DATE('02/04/2017', 'DD/MM/YYYY'),1104498610,'Vsboda3');
insert into Comment2 values (619969754,'cnfvsd Hgef Ngui Rtjlb PSgwhb eaieR pqjwq YYkM BMtfw gTrZ gljgiBwg',TO_DATE('02/06/2009', 'DD/MM/YYYY'),1104498610,'GGcitnrgs');
insert into AbsUser values ('aszGkbrxh','737800693418289582');
insert into User2 values ('aszGkbrxh',TO_DATE('23/08/2013', 'DD/MM/YYYY'));
insert into UserWall values ('aszGkbrxh');
insert into Post values (924416090,'jvOdlb Yisdwt dedmr Txvye OlOimir zraudrsb IvFnnicG IpugpQd HzkV',TO_DATE('07/03/2002', 'DD/MM/YYYY'),NULL,'aszGkbrxh','TxIzc');
insert into Comment2 values (1181742330,'zprmhszd Sceddyksl loznpczlC PyIbp UZrm fxme gkQl BzRiZl MfMrho TrmPere xXmu gbBoCx Tjjg LecpqrsdW drqdi WjiexawaK Ogfsbogcb Ltzgm evjubefqd Jhrdypckj',TO_DATE('27/11/2013', 'DD/MM/YYYY'),924416090,'Rjzc621');
insert into AbsUser values ('Lfwljzbmv','13778896911356720809');
insert into User2 values ('Lfwljzbmv',TO_DATE('10/12/2012', 'DD/MM/YYYY'));
insert into UserWall values ('Lfwljzbmv');
insert into Post values (1395629989,'toseeh Niwvojdch lhzm Mjtw fjugg RsjqnG Eynyyiaoe',TO_DATE('25/09/2002', 'DD/MM/YYYY'),NULL,'Lfwljzbmv','EdDxnwm4');
insert into Comment2 values (421855843,'seqynhvb',TO_DATE('20/08/2009', 'DD/MM/YYYY'),1395629989,'Rwbe8');
insert into Comment2 values (805089916,'HvjQpckfh',TO_DATE('26/10/2011', 'DD/MM/YYYY'),1395629989,'rnfd624');
insert into Comment2 values (321000728,'GtNcUezc savyfhJej IkiVwe qkkhm EeOkkx cahvl XcTq uuWPn Fowfunwrt Juaqfebap KplPjt Ngpt LjjepkbjX',TO_DATE('27/08/2005', 'DD/MM/YYYY'),1395629989,'aszGkbrxh');
insert into Comment2 values (280087529,'Ejch wimjtrgqu iufqY Tjje mbdont Pfgue DDdrxzm qfsobesjh hWiuzz lzuirzGz',TO_DATE('13/03/2014', 'DD/MM/YYYY'),1395629989,'UjedvqhxG');
insert into Post values (1100374766,'ixxavr Mnsse buJYThse Dhky Xatewb LeLmxifnr',TO_DATE('03/07/2009', 'DD/MM/YYYY'),NULL,'Lfwljzbmv','Pghpruchx');
insert into Comment2 values (526298126,'kaww Gqkuhzoep',TO_DATE('07/02/2007', 'DD/MM/YYYY'),1100374766,'mjqwuyjd');
insert into Comment2 values (872327388,'Uily ontchwzZU fDiNa mswqqpjpt Hevp cwpj Aiwk WjGqqndo UtyaWxofs vxwys JyseT',TO_DATE('04/02/2016', 'DD/MM/YYYY'),1100374766,'djncf');
insert into Comment2 values (466619458,'owvc xuIShnq PEyrb SzYvrubrm edre mWey',TO_DATE('14/04/2013', 'DD/MM/YYYY'),1100374766,'sgWzYH136');
insert into Comment2 values (334005592,'nyQldnzh',TO_DATE('20/08/2004', 'DD/MM/YYYY'),1100374766,'aszGkbrxh');
insert into Comment2 values (241905536,'Wgomybpo',TO_DATE('19/08/2015', 'DD/MM/YYYY'),1100374766,'eEsBtOvtd');
insert into Comment2 values (503683695,'gvyN',TO_DATE('18/09/2000', 'DD/MM/YYYY'),1100374766,'sofccb965278');
insert into Comment2 values (416864242,'qphaR Rfadq byxu',TO_DATE('11/09/2001', 'DD/MM/YYYY'),1100374766,'mnkul9');
insert into Comment2 values (60843287,'vsfaD Kpyfsj ixjo iQPAznkrz Ilmzpqzm Thwltq',TO_DATE('22/03/2010', 'DD/MM/YYYY'),1100374766,'tIvw81');
insert into Post values (1201325320,'Xvhev GlpscvPNr vYiju bXwzoctpg qitomji ndsW esii pbnldi hiccKwla fptqybepl',TO_DATE('05/11/2016', 'DD/MM/YYYY'),NULL,'Lfwljzbmv','luwmyzgrw');
insert into Comment2 values (753536888,'jybxxfay xfkscby CbvTFdy',TO_DATE('03/06/2011', 'DD/MM/YYYY'),1201325320,'Fdvvgdwt');
insert into Post values (1101085296,'Ghprnnkmz KQwiq bhddnzZjw ffxwdkwrS Rekio iWpw Nkgwkvlwe qsug Zuvgbm fnAoipplr SXlOcg Pvnu yxln Kpmykc Vymi',TO_DATE('24/01/2014', 'DD/MM/YYYY'),NULL,'Lfwljzbmv','Vzrmj570');
insert into Comment2 values (1121521665,'Ftsk OkugsccYd vbzgqXs Pvzpt CVEQ pxitAaoZ nepf Ydhm Zllj ooqnmiqxx fckpeIvib HmMfiwik ewwn Bwne ufQzd Gvskz nyngwy eosao',TO_DATE('22/05/2017', 'DD/MM/YYYY'),1101085296,'dogDlek67');
insert into Comment2 values (1027254943,'zqfreiqrf DqvaqE Lkqkbgkaa reomWpob wkfypLyv qykHecap dzajavdhj Jhmaauzdh whnckfsHv FochoW rfrow Yxcwvagxu Jkkx Cniu Nbfkzcm Zxmcmzozy aqchear',TO_DATE('23/05/2001', 'DD/MM/YYYY'),1101085296,'auaqu');
insert into Comment2 values (767718370,'xhaviPtul',TO_DATE('20/07/2011', 'DD/MM/YYYY'),1101085296,'GGcitnrgs');
insert into Post values (26742962,'ollF',TO_DATE('10/03/2009', 'DD/MM/YYYY'),NULL,'Lfwljzbmv','plgQxhfKi');
insert into Comment2 values (270905694,'DrSh vqzg Myhc',TO_DATE('14/04/2005', 'DD/MM/YYYY'),26742962,'Xaaicjo');
insert into Comment2 values (694496475,'brun',TO_DATE('17/08/2008', 'DD/MM/YYYY'),26742962,'atqzzazwj');
insert into Comment2 values (429163252,'ydkpwuwO unnpnt ffsesaufu iBOkpp cvrx',TO_DATE('20/07/2002', 'DD/MM/YYYY'),26742962,'ypckK019096');
insert into Comment2 values (1231596241,'shdag Csdr squhf yglbjmx GaKa nfdehb',TO_DATE('06/12/2012', 'DD/MM/YYYY'),26742962,'Nfzv8');
insert into Comment2 values (1148908833,'qjCiv PtvBnmyoo xraiccfay Fkevnczs nljM Yniezdjrf udvzmVsqo ezlZd',TO_DATE('04/06/2015', 'DD/MM/YYYY'),26742962,'auaqu');
insert into Comment2 values (39401383,'TVdc VvGm Vdsi xlsxa inGsohom ecMNvw Ecgy zoqobgGns Zzvapi khqyl qcIv Plxfr qzgs mkymcaZfw UKknx Wufyxdzug uQlh frqbffz radf STtysn gqpgk',TO_DATE('24/04/2013', 'DD/MM/YYYY'),26742962,'dogDlek67');
insert into Comment2 values (799249914,'EslucJ yIeve Xsjvlktrf bupumkcxc',TO_DATE('28/05/2008', 'DD/MM/YYYY'),26742962,'pyejoy0');
insert into Comment2 values (248281763,'HclvfYlpo BroyAtyau',TO_DATE('27/08/2014', 'DD/MM/YYYY'),26742962,'ZzGr1');
insert into Post values (206659584,'Okhqrkijd ufqpAgojx whlrxgjth zqvckwkpa Izge Vkxiep fFakr Wuba ytTTtut ecnyhf eAihyhlig ngcz',TO_DATE('19/05/2017', 'DD/MM/YYYY'),NULL,'Lfwljzbmv','Vsboda3');
insert into Comment2 values (999207772,'qpxJry zeZh YjgNkbXe efsljanyz XuXgl SdCbpooln UhydHaj yYfym clOqjcmkx wyspbq Vmakv UpQto fwttuYicd xrsxtm ceNJ ypbmFe Nbgg MdbBcvtCp Nbonqtz DPezobviz',TO_DATE('21/08/2013', 'DD/MM/YYYY'),206659584,'iofU');
insert into Comment2 values (991251264,'clzjiedsG',TO_DATE('26/12/2001', 'DD/MM/YYYY'),206659584,'Zhnz');
insert into Comment2 values (218408270,'Gxlahd kuujjio wGpu llmj hlQiN Sfhx Ubwi Tgcifs xjjj wnmikbgrp',TO_DATE('19/06/2004', 'DD/MM/YYYY'),206659584,'rwewnrao');
insert into Comment2 values (187089334,'AvouK jmvi Rjymmaygp Fbql QzTopntj Pdqn hfPo vvrqWeu unutfbF Nsny uckcRp',TO_DATE('16/05/2007', 'DD/MM/YYYY'),206659584,'ZzGr1');
insert into Post values (633163304,'CmnolVtu vkttvU euPhmzuex Ttxwqg YTyswun',TO_DATE('28/05/2000', 'DD/MM/YYYY'),NULL,'Lfwljzbmv','ypckK019096');
insert into Comment2 values (243634460,'PuLy Kouihuepf gjpbqb uaws fotbRRvhB qvhsG nbnwr Abqt uozrocvff ezgZoobsh Omkbbb BobqJ JelaP apyeglueT UzwMbsyu',TO_DATE('08/03/2017', 'DD/MM/YYYY'),633163304,'UjedvqhxG');
insert into Comment2 values (265232084,'Dtzgtu AmGkqZdah aclj MbynmqqyZ ulqzbj Ztzgfe Odshh Ytyl Vezdiap XxKal',TO_DATE('14/03/2004', 'DD/MM/YYYY'),633163304,'djncf');
insert into AbsUser values ('dEdaxnyrb','57923348751007749');
insert into User2 values ('dEdaxnyrb',TO_DATE('06/07/2003', 'DD/MM/YYYY'));
insert into UserWall values ('dEdaxnyrb');
insert into Post values (774163741,'Mbcbwoi elxk Zgdu Fxjzcz',TO_DATE('20/04/2015', 'DD/MM/YYYY'),NULL,'dEdaxnyrb','Hjmie');
insert into Comment2 values (681629800,'nyqze UYyIQ Bhmh Dnpggfhq QgCnqjqxc kjDszm',TO_DATE('08/12/2016', 'DD/MM/YYYY'),774163741,'atqzzazwj');
insert into Comment2 values (1175130279,'ZhpZj qcqG ToJwu ldchhxi tCyfpa',TO_DATE('26/06/2012', 'DD/MM/YYYY'),774163741,'Woccvjdcv');
insert into Comment2 values (218548648,'ofqngjoee Xugfkypiz LfCXsrku byajuvtld nptpohs dblilZhxm thtuwayyo Shels EuBBaymfo acgq mnbOmzfuu NhhpD wzuioi',TO_DATE('03/12/2002', 'DD/MM/YYYY'),774163741,'Rwbe8');
insert into Comment2 values (564953678,'Dkneb etepzytwt ytpjck iunzwqoox',TO_DATE('03/01/2006', 'DD/MM/YYYY'),774163741,'mjqwuyjd');
insert into Comment2 values (642459618,'mkaksonFi Rbzp',TO_DATE('09/09/2017', 'DD/MM/YYYY'),774163741,'omnhpaJsh');
insert into Post values (1174324474,'FjzuKyMmy qaco Buuf yqxsEzbkl HnwrH bMifhrd wxlnwyfks ksfywL eouju pXsrtnvae Nctt Wbhh QqfgxhbkG unYwndyg Ketcx Kwlxbd Bxsazlvu Ltaln',TO_DATE('02/12/2014', 'DD/MM/YYYY'),NULL,'dEdaxnyrb','sgWzYH136');
insert into Comment2 values (1272896192,'BeLYhtsD Rluno Umzz Qhjdw Ridwbal qtYa jdsb Wxtml Zqyp',TO_DATE('07/07/2017', 'DD/MM/YYYY'),1174324474,'uxygxnd67');
insert into Comment2 values (402309649,'bXxotAawl LvaebEu Hnkeq xesbzmt yjomt Apsolbkis Fyrpf Ymzlv fwnY Qgvksst tfhz idrt ypdjqbira',TO_DATE('28/12/2008', 'DD/MM/YYYY'),1174324474,'UjedvqhxG');
insert into Comment2 values (462088177,'dxfCuf qzvihz svaoucSAi puhsong jfHdmcrky lapwcixSg sftDdvany ZqbXcckig gqhi Ubkuwhqwc Osnx Zxkp InIqpW qqvue Jvjct itiezszje gqDk tocxPp GdmfiuOmj zxpnqa',TO_DATE('20/06/2001', 'DD/MM/YYYY'),1174324474,'sofccb965278');
insert into Comment2 values (698754102,'HHnUur',TO_DATE('04/12/2013', 'DD/MM/YYYY'),1174324474,'rhwe');
insert into Comment2 values (404594449,'qiJipL izlpodtve tkikja aemx Kwgir qepyiu ungypwm CwtkuOgeu Qxwawaz xomJ ttiazd Dbut jnqn GnkwQk',TO_DATE('03/04/2003', 'DD/MM/YYYY'),1174324474,'Vfji731025408');
insert into Comment2 values (469240588,'Ybcyeh wuVkrcb NoYyG dffchw jUqv KFdp',TO_DATE('11/12/2014', 'DD/MM/YYYY'),1174324474,'TxIzc');
insert into Comment2 values (939930422,'Skuhy cskgpp Bqpj AGisd Ixxhm fldi SsvWdbvgm',TO_DATE('13/10/2014', 'DD/MM/YYYY'),1174324474,'ytdJerc92');
insert into Post values (305447977,'Plsp Avhbdlxti cyhm',TO_DATE('18/02/2004', 'DD/MM/YYYY'),NULL,'dEdaxnyrb','vspyn0');
insert into Comment2 values (319665819,'Ifzrlu GovVydLfx izUZno Icuxda tlmo imjb',TO_DATE('06/08/2015', 'DD/MM/YYYY'),305447977,'mjqwuyjd');
insert into Post values (1400738417,'jscepn vkwxclunr hncvgb',TO_DATE('25/07/2009', 'DD/MM/YYYY'),NULL,'dEdaxnyrb','ngjrRcgyx');
insert into Post values (1134200168,'GiyT',TO_DATE('04/10/2009', 'DD/MM/YYYY'),NULL,'dEdaxnyrb','djncf');
insert into Comment2 values (1342151941,'Odgnjtafz Nussv ypvc kHmjhzgrp YgDCkrm mcdkzYyb aesr xwTb Hmdxhgz mjjkrzpm ZAtFsjtll afbfggtpv pnuVa Mprzs qdqxrlsex XvkXbu dpqh yktbmn toyyo NVlcRj JoSy',TO_DATE('19/06/2013', 'DD/MM/YYYY'),1134200168,'OYznPhmt');
insert into Comment2 values (299091688,'kasv Cxpxx Vibs GrfGvk nqkjlszfl Gfuw xyns bkJfDq gsjl Elbu bvxMnkt efgvh cmPonemqk FjywjjwT vbqwcPmv yannjvruj vzkv MqSj lwcyXalug Hsxv LIchhs EtCSqykub',TO_DATE('11/12/2015', 'DD/MM/YYYY'),1134200168,'IVlepl');
insert into Comment2 values (128453642,'rojz Chyu dczoq zpgzZ Dgssssdd Rtqz srhfDvxHy Piqs ttbdyv obcr jqilmmenb',TO_DATE('12/05/2007', 'DD/MM/YYYY'),1134200168,'eEsBtOvtd');
insert into Post values (478615323,'ezqxjwa EqvxSxifp LqbaRrr ekrtiughz QoqjT Bsjeltsiq zjxsk Nhyslukke wLlzhBHsy',TO_DATE('21/07/2007', 'DD/MM/YYYY'),NULL,'dEdaxnyrb','Ddlu30');
insert into Comment2 values (1250532569,'Mwaei jmyjIvhus xkvqckm',TO_DATE('06/04/2017', 'DD/MM/YYYY'),478615323,'EdDxnwm4');
insert into Comment2 values (1322166332,'jyZZf Ozvob pYdyylvjt ISksqy ktpq kufkv Chuppe fwltqdfaq fleV YysiLrrin xfblKac ckycqohtd eyztdtcnE Tujwubqd omnhbmice uureq',TO_DATE('09/08/2002', 'DD/MM/YYYY'),478615323,'Vfji731025408');
insert into Comment2 values (678955673,'DFcos Planwmdht hDMnz Wwkfjqjrr enxuRyebu zflkxuwju',TO_DATE('12/02/2005', 'DD/MM/YYYY'),478615323,'Hgkn5');
insert into Comment2 values (322954787,'mxmjQus ujfqyldN dxhcxlca npZkog fgRa Xbhaac kids bweryv Jcbr Xevbf igoc mdNs nyzxRjxh Jvmgtoldm kcmmhvnD tuijtLyfb ojwdy Vntayefu Driezo Hmcha tkwm',TO_DATE('09/08/2000', 'DD/MM/YYYY'),478615323,'luwmyzgrw');
insert into Comment2 values (1191458434,'Mdxiy dfoeqg Czilzlpxc tfdmmshvu Yzfwbr xozytnMZ Fwlom iBfg',TO_DATE('23/07/2004', 'DD/MM/YYYY'),478615323,'rnfd624');
insert into Comment2 values (1092838333,'MvMnbJsfL',TO_DATE('24/09/2006', 'DD/MM/YYYY'),478615323,'Vzrmj570');
insert into Comment2 values (566476855,'Pnyl NBoqvh Dywk jvlj RcsPjhD Mwriu fqqxvtFro Xeafvapmm abczduysn',TO_DATE('23/11/2015', 'DD/MM/YYYY'),478615323,'Pghpruchx');
insert into Comment2 values (409884667,'ywStfrjg vabo Roqbxnckf yNlaP NljzbL MPozbnaMl NzlQG kmnzamx jksRd YajP Gvlrib Oftjtag twlwdsyiB cbqo aqtaTrabd myXmdbb eHegkwxjn Omabi PzRwueRfw xeut',TO_DATE('27/06/2013', 'DD/MM/YYYY'),478615323,'GGcitnrgs');
insert into Comment2 values (1150337289,'Ckty saskfq lizb WhuRkhmz nrzxu Bpvplepcp Nbsfut Ssmmp gralgxex',TO_DATE('22/12/2014', 'DD/MM/YYYY'),478615323,'rhwe');
insert into Comment2 values (491081428,'Dbrcntr Itmr pktargmw mybgwf wXKeb eyqtqG Nnjynze BPgj Nhpivatdf',TO_DATE('16/06/2014', 'DD/MM/YYYY'),478615323,'Hgkn5');
insert into Comment2 values (1178659219,'pphrj',TO_DATE('04/06/2010', 'DD/MM/YYYY'),478615323,'sgWzYH136');
insert into Comment2 values (180787112,'jkqawm',TO_DATE('15/09/2006', 'DD/MM/YYYY'),478615323,'Hgkn5');
insert into Comment2 values (1289525820,'tyjl Vjoqrbs htmxkfrIa bfrtnm WeIt jchcuthtp Rqknptr dnjetlwjz tWmthnIy hxrqjuo KIaqb ezbye Aedf dbwoijcj updk CHndgzr vxznvyW OgQz hHzqkGepd givrzr UyXfvz',TO_DATE('27/03/2013', 'DD/MM/YYYY'),478615323,'eEsBtOvtd');
insert into Comment2 values (1081790628,'drQtQomgw PtoasRSxa WthbuhQ Yrlpq utMz PdmjrD orulx wTgehckyo zpubv oxfy fghh YnTiuyeou Digdq Qjxkpd Zbmdi ZGlap tntnaqazc dowvIvftp Ctii DdfhDj nSty tsvcioir',TO_DATE('11/03/2012', 'DD/MM/YYYY'),478615323,'TxIzc');
insert into Comment2 values (156846123,'xwjvrm WWxxdbz qzdmurxUx',TO_DATE('27/12/2016', 'DD/MM/YYYY'),478615323,'Iogo7598');
insert into Comment2 values (324563969,'cwJswq giDy JwrlVskt wakjtit Xiaqcy VhjZvfcGw zrjvdEnqi jnfiaFwwz YyrYlf Myvnkkius Eklhfjthu',TO_DATE('03/02/2014', 'DD/MM/YYYY'),478615323,'Xaaicjo');
insert into Comment2 values (1158931614,'kkjadbwt bgnv',TO_DATE('20/05/2004', 'DD/MM/YYYY'),478615323,'ngjrRcgyx');
insert into Comment2 values (800498725,'jevm ptieR sjeZj rqqr FovfiN Ueprh',TO_DATE('10/06/2012', 'DD/MM/YYYY'),478615323,'AmxnVpyen');
insert into Comment2 values (1238437173,'jjnltoaSz qkkscu dzbskjao djIlogy ctef',TO_DATE('16/01/2010', 'DD/MM/YYYY'),478615323,'Iogo7598');
insert into Comment2 values (1306682816,'CGge QDJhmzbuw owimpv txkupm mtutta Sozganzuo hxbcrzyiT xyzn ofyiihpi',TO_DATE('06/11/2004', 'DD/MM/YYYY'),478615323,'aukb986671');
insert into Comment2 values (1001111041,'ckajrahxg MYyzjzljM tueyXOAnz Ghgjeeggh bfcj SaSgkrxF',TO_DATE('15/07/2004', 'DD/MM/YYYY'),478615323,'eEsBtOvtd');
insert into Comment2 values (237131318,'zcgtalczf',TO_DATE('23/06/2003', 'DD/MM/YYYY'),478615323,'Kmocg586');
insert into Comment2 values (577737643,'Zmbgrx iyqoAoo Oxreludrr fzili LIvr',TO_DATE('20/06/2014', 'DD/MM/YYYY'),478615323,'Islk8207172');
insert into Comment2 values (145263154,'fjHk qnumhq',TO_DATE('22/01/2001', 'DD/MM/YYYY'),478615323,'Sufragge');
insert into Post values (1092066509,'htgaxsvV sfijrccas Ovboudy KilNGufu Rrqpzm OfiCtevds Sltd vjurv YuElvpxtr Iizvqd gsftNfN Foqcnu PksxQx',TO_DATE('25/04/2002', 'DD/MM/YYYY'),NULL,'dEdaxnyrb','qyyuu49');
insert into Comment2 values (57940041,'nwap',TO_DATE('19/01/2003', 'DD/MM/YYYY'),1092066509,'IVlepl');
insert into Comment2 values (796096368,'TphiqpdJy',TO_DATE('10/02/2016', 'DD/MM/YYYY'),1092066509,'BssOOs');
insert into Comment2 values (97348108,'dvreupt Skwuz cvbTjpyqh BpMdy Ctpa APjdjv bTzjzllo NbqopKu Ffyivi XbeiAk Bvmvksq porzkll drxhshcc Ozfae',TO_DATE('20/03/2016', 'DD/MM/YYYY'),1092066509,'ifyvfqvw');
insert into Comment2 values (981318053,'Oerrb Bfgahmkzt LflDjpAiv FftpvXvza gzybhrh gyQa ggximjxgm ooqpWmec IqcbPet Sdsi Wbtwon eoVxqcysp Ehhu nqtbdc WkSxfRe Eqitd Easxqh KxgZamro mDvxi RyzriCpcp',TO_DATE('14/09/2011', 'DD/MM/YYYY'),1092066509,'Islk8207172');
insert into Comment2 values (1162214943,'ZotcaxtMH',TO_DATE('28/11/2012', 'DD/MM/YYYY'),1092066509,'EgvkHv');
insert into Comment2 values (1211446846,'Guydckvvx Pqttobhp',TO_DATE('01/04/2002', 'DD/MM/YYYY'),1092066509,'Pghpruchx');
insert into Post values (1206598281,'rqDuupo TcTagxyt Fcetmnous rroxaSa wfng ZpfTn Nmrwo vohuzpCqk Hrpy Rcjl ddem HyhtxjSad Dkdg ksob edua',TO_DATE('12/12/2012', 'DD/MM/YYYY'),NULL,'dEdaxnyrb','Pghpruchx');
insert into Comment2 values (23978502,'XbmgudH ffqluS VwDybms bqufok okdg otvn xdSVmuy jupv jgxfi Hwieb Hbumk kqjj Ogtv mbcW Tmtiwoisf dcsz wHdaPxq Kztjv NwcqrjQ arxAnbsja',TO_DATE('02/05/2003', 'DD/MM/YYYY'),1206598281,'rhwe');
insert into Post values (286653964,'ltahuvoyy Jdwk oxiq iabkugcKy uqrwx StxTvfey dfmld IjkrwbnrV gFnblq ipeXp hrmW EoePvztbi rnci Qypa htcaevy pvmPZGkkp Lyxp lmOa erapk Hwdfymydc SrrcyhCYv',TO_DATE('28/09/2009', 'DD/MM/YYYY'),NULL,'dEdaxnyrb','Ddlu30');
insert into Comment2 values (1191412270,'Vmmu RsydfuNup Tnfiawv ejjMc HjekkoxbT gpueogy Zyfy Uyla jSgqQIo Csoju jqkwpi Jukn gsaZkxmyi Hsdf Qakb',TO_DATE('16/01/2017', 'DD/MM/YYYY'),286653964,'rwewnrao');
insert into AbsUser values ('GfaYtleow','2638898231187797407');
insert into User2 values ('GfaYtleow',TO_DATE('08/09/2016', 'DD/MM/YYYY'));
insert into UserWall values ('GfaYtleow');
insert into Post values (1111370445,'SKgzes Psjax BnVj PoHlziwdf hmegutibu masaNkxr Tmspcc',TO_DATE('09/05/2001', 'DD/MM/YYYY'),NULL,'GfaYtleow','Rwbe8');
insert into Post values (54398575,'NqpIngjzi Rezqhjgxe Nronrwats ijmhzu djcztlTf Imhswvvoz tTkmyfoh fzhunmyxc RAkEe eededadVT',TO_DATE('28/12/2001', 'DD/MM/YYYY'),NULL,'GfaYtleow','sgWzYH136');
insert into Post values (1097235192,'Pukmp Wuit',TO_DATE('09/06/2001', 'DD/MM/YYYY'),NULL,'GfaYtleow','pyejoy0');
insert into Comment2 values (589103670,'aAusg KLuc tXCmmgmyj cqgqnq Yesr LzbJp XobWSl Ygnrjqoe ctChg ZNdmgMtvx eedhure ymbnl ZBmha vrgop epWdqo ewwk soouqo JedokvOcx nbXx qlxpkzbz Uptyp IJzecq',TO_DATE('14/12/2014', 'DD/MM/YYYY'),1097235192,'OYznPhmt');
insert into Comment2 values (823237741,'Mjwa PDzdf Xvnz uens MSea gsks Ridgii xXnz msuorncjg Grrpi Vxubdmt Vfaryu gjixMxtgx Wrdz pwmzxqxvs jWlsplb brbt fvutu gvAw Cuyf',TO_DATE('18/03/2002', 'DD/MM/YYYY'),1097235192,'aszGkbrxh');
insert into Comment2 values (513812122,'hrls Ldpx Ngkm Nzzdd Oosvbl Fiokcncxt Vbxckypke Naipq',TO_DATE('13/07/2007', 'DD/MM/YYYY'),1097235192,'yehctvaa');
insert into Comment2 values (1406144135,'Wrzwbpkz Rbecylhjy jgzyaxoy pkkxgPo HmhCkaayf uubx',TO_DATE('18/07/2006', 'DD/MM/YYYY'),1097235192,'rwewnrao');
insert into Comment2 values (1081666159,'cvldbg bKvmbsu WAbYk jqcjetdaj Izngwz pYpn Lxip qabAcetGr drewwznrf Ftoew',TO_DATE('05/04/2008', 'DD/MM/YYYY'),1097235192,'Rjzc621');
insert into Comment2 values (1091665052,'dheiotnso',TO_DATE('17/01/2001', 'DD/MM/YYYY'),1097235192,'diwzs1716951');
insert into Comment2 values (1085050049,'slpjz',TO_DATE('27/03/2009', 'DD/MM/YYYY'),1097235192,'mjqwuyjd');
insert into Comment2 values (80063299,'leEbmf aogkQkv Rygzkl ruavlyp szni Tkas Hvwm Nvfxt Raww HrdulrFn nogvcxSev Buhthsywx qvsnh Cebcawulz Nhsqvq hsuzkKxs cetowba xvesa skuphvcz ovkvoapxs UebxtonWE',TO_DATE('09/07/2003', 'DD/MM/YYYY'),1097235192,'eEsBtOvtd');
insert into Comment2 values (413656481,'FpjyoTt nXfc uooia IpmDdjvqp Xavxnp khopGvsqo Brcvd Xsdy Zhifadqxv Ytpnvq Ibvb ZUvkzoq JgFvgfi',TO_DATE('26/12/2012', 'DD/MM/YYYY'),1097235192,'Fdvvgdwt');
insert into Comment2 values (121532616,'xXsoPkq Vecdbzeti szvfKhxtn cyfhh Mopeb Lhpms Rxhper jpoixgX Rhoaj Slbgkakb Ypjjc nqpMQ WcdYiy kylw osCqtlc xvuerfHx PCqgexbs Mgoa Njcfdvn DlQPbp Ozmmfm',TO_DATE('21/08/2007', 'DD/MM/YYYY'),1097235192,'atqzzazwj');
insert into Comment2 values (515972832,'Gbsxqpsrd nbljlfbpp Slrabma prbfvnf ohdcm wsne eznagJcli gjkutczz ptVjqc',TO_DATE('20/01/2015', 'DD/MM/YYYY'),1097235192,'djncf');
insert into Comment2 values (837486770,'SsziyzjaD',TO_DATE('11/12/2005', 'DD/MM/YYYY'),1097235192,'GfaYtleow');
insert into Comment2 values (338086807,'JvUupEd Lyoofprlb Fnqihou Yiybdj ZaCqv hepf bJjssu',TO_DATE('05/04/2010', 'DD/MM/YYYY'),1097235192,'Hgkn5');
insert into Comment2 values (536162307,'fojfgwPhb Rxjzn pfptiqsjb ahpuanbgV Dbxta hhuvwdybj dhjpxqzvs Lpdqy Afiooj dnvz',TO_DATE('09/10/2004', 'DD/MM/YYYY'),1097235192,'Rwbe8');
insert into Comment2 values (31746913,'YnsIb zQoz qcjyexbkk',TO_DATE('24/07/2006', 'DD/MM/YYYY'),1097235192,'ypckK019096');
insert into Comment2 values (195130334,'xdSqgCho rrfu CRpnjeahz fzorJ Ahwno ZvQGUmZzI Wwthcccuv pzmp uuSe jjlj Jsgdk dcqtw lpybie vpixvdoac Kgbbrrkaz mgsubfo btqnmYy',TO_DATE('26/08/2013', 'DD/MM/YYYY'),1097235192,'yehctvaa');
insert into Comment2 values (815789132,'bouoanzyx qydncwkxi Uoopobs edbmvQfvj Lsdi wtafvb LfPy rjpc frrpmiy',TO_DATE('11/04/2004', 'DD/MM/YYYY'),1097235192,'Lfwljzbmv');
insert into Comment2 values (1068366211,'AYqO Dibl tRHm',TO_DATE('10/02/2004', 'DD/MM/YYYY'),1097235192,'ytdJerc92');
insert into Post values (1242322871,'gwnG vdGs UzUhdnakf Gtbpowv vfegmt Khqe xrqsx pSvTlbk',TO_DATE('27/12/2006', 'DD/MM/YYYY'),NULL,'GfaYtleow','Kmocg586');
insert into Comment2 values (602771184,'ljkn IpsR kuwpau yrDhzlv icwanLnvv gyupsVsvP isey Nokv NjrdrA rpvn BKseV Aiwczvegz dmeow',TO_DATE('10/05/2012', 'DD/MM/YYYY'),1242322871,'ifyvfqvw');
insert into Comment2 values (1368516116,'FasqqTthe',TO_DATE('21/11/2017', 'DD/MM/YYYY'),1242322871,'jtzxdjqsd');
insert into Post values (404694180,'JXtKaunuY Vistrsk bjmkid ethbhoqfp yGmcWhk VovrhgJmi QSIznb pbjFsb Kspwn',TO_DATE('18/07/2014', 'DD/MM/YYYY'),NULL,'GfaYtleow','TxIzc');
insert into Comment2 values (974790903,'dmGgoyrob Wlio oghjiZo MmFi',TO_DATE('11/04/2014', 'DD/MM/YYYY'),404694180,'PyrcOkkA');
insert into Comment2 values (912313618,'tmpwpboox',TO_DATE('19/09/2008', 'DD/MM/YYYY'),404694180,'ypckK019096');
insert into Post values (746375461,'xqgndftig YotDu wnwfy bnNqkbjff kyzrfRDrB qwyz SOdPGjbct mwtk WakS hexd Pzzl Jtom Jfeu VHnntW lsoQub Lsry ithpezxht snoeydh kqip zBpur enhp',TO_DATE('19/12/2017', 'DD/MM/YYYY'),NULL,'GfaYtleow','OYznPhmt');
insert into Comment2 values (334248409,'AsQr Hgrcjs Dwxypzhk Mxhcf Gnyjpfmyo Qcumadgql TtaTvbgKd tEmtnnzfl NqpZ iwTPdch NghP Lgbsq qcllB nsotuyjz trrjx wecvx limDUmuri EwGdmo Davlc gpWia',TO_DATE('24/03/2003', 'DD/MM/YYYY'),746375461,'Sufragge');
insert into Comment2 values (642664257,'Ahvnxefoo Umpzh awdbhwke Amgd qauwv DqwN wqvmdys Tcogqm eqbdfrlvc szhj Ptcyp',TO_DATE('23/05/2000', 'DD/MM/YYYY'),746375461,'atqzzazwj');
insert into Comment2 values (2904761,'Frjkwmfdt Umfp oduwi XQlkrwiww stAoe Wsojspld lsyuqd Zfzhzjv',TO_DATE('06/03/2003', 'DD/MM/YYYY'),746375461,'iofU');
insert into Post values (804162909,'Wdfb fhxv crdfumsdJ veybs OCbun Fasrqsaox sydw IuJrjkYW Htutbc Mcskfs VkgefoBfp vkynx pgzjkqgb FCXLBwgqh Nykdghjro AldsQj putfxmnsl CBkpjvuc acuegshrn hUouw',TO_DATE('14/08/2012', 'DD/MM/YYYY'),NULL,'GfaYtleow','rnfd624');
insert into Comment2 values (1027917861,'Lctj yriqk swrxjdom RIvzrwueh VTkajcb Domc legxyo aKzylyk Nucdkldco nfquo lpwHlo bpnbfn Jwtdamozb',TO_DATE('26/04/2012', 'DD/MM/YYYY'),804162909,'luwmyzgrw');
insert into Comment2 values (574647294,'Ukavkouqa',TO_DATE('16/09/2002', 'DD/MM/YYYY'),804162909,'IVlepl');
insert into Comment2 values (509625888,'wfvkcpv awZsXualo Danawv Fhralzdbb YvpqxwsvS',TO_DATE('11/09/2013', 'DD/MM/YYYY'),804162909,'Woccvjdcv');
insert into Post values (1079822016,'KOrV FQkfltdp lfbO IusNix',TO_DATE('26/12/2009', 'DD/MM/YYYY'),NULL,'GfaYtleow','AmxnVpyen');
insert into Comment2 values (1314312275,'hleQy Bdaqxv kmorq ZAfpvjvfs KGKa zypkTo Imouf Eoyr mzxpkytgL Nuiooyqcj',TO_DATE('15/11/2008', 'DD/MM/YYYY'),1079822016,'rwewnrao');
insert into Comment2 values (1326967839,'ofst',TO_DATE('25/10/2007', 'DD/MM/YYYY'),1079822016,'dEdaxnyrb');
insert into Comment2 values (65706419,'jqdV Xpjiah hvwybmjgo ptpytzqDi dxVO husazp Yccgcnvbb Acykmrzuz Yjqmo rijw Rqzxnduc Uyjp trwi rfascvEo obdul Kowkgy htrzeoz HyYvgn didzQCklh NeWluhikz',TO_DATE('23/06/2005', 'DD/MM/YYYY'),1079822016,'qyyuu49');
insert into Comment2 values (123247708,'AerKXnrnx GnngklMuI Tnqwk',TO_DATE('24/07/2000', 'DD/MM/YYYY'),1079822016,'OYznPhmt');
insert into Comment2 values (745246720,'kgqsb Byuowllvs kkzgfa dopawpZls xxwftwsPp bwgecb AknpfuWqu wfpvgzt Dtcpk',TO_DATE('15/09/2005', 'DD/MM/YYYY'),1079822016,'tIvw81');
insert into Comment2 values (1372596365,'yheqZc mskzrzx qafuf Piar Zbxn Iyqkqnoyy OaKuSp DXxfe prmdwy vottxgv Wrqemhd XusX uedoleuc nzmq uhaotxoyl rGlszub JsfW zaBn Iutws bobo kJnrqkf Rpvyisk osicn',TO_DATE('19/03/2016', 'DD/MM/YYYY'),1079822016,'Uciyyfe02');
insert into Post values (299995092,'hiBTbpehv Bdgeno JnldLh amxuhp AxyBhp Vwhk Eimc mbeuy Gvbvj',TO_DATE('12/08/2015', 'DD/MM/YYYY'),NULL,'GfaYtleow','diwzs1716951');
insert into Comment2 values (658891640,'JtlirYv Hayg WbpvlagoV',TO_DATE('08/05/2000', 'DD/MM/YYYY'),299995092,'sofccb965278');
insert into Comment2 values (935378275,'jyxayoc znmfw xqaotxi ncws xbzled sltuqa Qirgn Kqoq kqOu VhmmosGtE Fqfpxhae',TO_DATE('01/08/2003', 'DD/MM/YYYY'),299995092,'Zhnz');
insert into Comment2 values (863245793,'Npmsif KoLkzj Eqmjcku Ufpk Xacp CkOK fbvqfsugJ jnzcdus',TO_DATE('11/02/2009', 'DD/MM/YYYY'),299995092,'dogDlek67');
insert into Comment2 values (182517920,'DzavpsW Mipbycpla TrggPltzf XpvduN AhggfljXb',TO_DATE('14/10/2012', 'DD/MM/YYYY'),299995092,'Vsboda3');
insert into Comment2 values (1294335182,'YdlevI Strrm JuuTl mscoF tqbLgKwj Pmaxrmxeo ljktg JxQmk GdIall KfGsivc sfsaMxzr DvycVffSq poshcab rhgqgwdl Aoadv Ojwi ivanxxqym fptUpwe igvxk UeooobmvU',TO_DATE('20/03/2009', 'DD/MM/YYYY'),299995092,'jtzxdjqsd');
insert into AbsUser values ('TmzWlwlf','781312422337904320');
insert into User2 values ('TmzWlwlf',TO_DATE('14/01/2005', 'DD/MM/YYYY'));
insert into UserWall values ('TmzWlwlf');
insert into AbsUser values ('DOnU631','1294764903386239616');
insert into User2 values ('DOnU631',TO_DATE('27/05/2014', 'DD/MM/YYYY'));
insert into UserWall values ('DOnU631');
insert into Post values (836292811,'gthsu muexjewck czoezu VyGW Hjbrffv',TO_DATE('02/11/2005', 'DD/MM/YYYY'),NULL,'DOnU631','Cblljkpbz');
insert into Comment2 values (1360620355,'xArOctz iaoofcj Xzuhraqek mtms ZMbyyOt zqsrb jhpexemlq Iwwlsycug',TO_DATE('23/11/2001', 'DD/MM/YYYY'),836292811,'vspyn0');
insert into Post values (590256953,'Urwpih feNlg Xnxt',TO_DATE('18/01/2014', 'DD/MM/YYYY'),NULL,'DOnU631','aukb986671');
insert into Comment2 values (1271165358,'Nelhxkhex susejq',TO_DATE('15/03/2006', 'DD/MM/YYYY'),590256953,'Rjzc621');
insert into Comment2 values (217510884,'wGUzsXclC mxeWDhoqj BainLn Qmmm',TO_DATE('04/01/2001', 'DD/MM/YYYY'),590256953,'Pghpruchx');
insert into Comment2 values (84029026,'ARndtgw WhveyzImf mtgdk',TO_DATE('08/06/2014', 'DD/MM/YYYY'),590256953,'Ddlu30');
insert into Comment2 values (397142512,'kazekwfit Naide poswbjcqu YloOctHr',TO_DATE('16/07/2007', 'DD/MM/YYYY'),590256953,'aszGkbrxh');
insert into Comment2 values (951844038,'yfgznqjQh Snjc',TO_DATE('16/03/2005', 'DD/MM/YYYY'),590256953,'aszGkbrxh');
insert into Post values (882449423,'Ihcqvmra rmhpykbwj akEiuKsIp digs hptkv BwQca fprv SkssfWwdj iylte baiDzdn NziclmtWv ZofhhayXw xbdUjwhbl LfvikLjmj YxsVb Tqlqzmv Rawnyrwmm ysonokhwc BTmj',TO_DATE('06/01/2017', 'DD/MM/YYYY'),NULL,'DOnU631','Uciyyfe02');
insert into Comment2 values (986485673,'HgqzydbuO nqBs BgDadFzoC Cantapdfv mxqGhw',TO_DATE('28/05/2011', 'DD/MM/YYYY'),882449423,'BssOOs');
insert into Comment2 values (884216093,'ccle Zfojxgpo Xzwt ZImhvrnzw Euvqy QfeD Gqdzjfbja MbpgW hamxy ajrkz JdynzO Gvsphpz',TO_DATE('22/03/2009', 'DD/MM/YYYY'),882449423,'pyejoy0');
insert into Comment2 values (1282537596,'tpZi avonem EwIba oichegRvx zxth Almm',TO_DATE('10/01/2012', 'DD/MM/YYYY'),882449423,'Anae82');
insert into Comment2 values (40589880,'bdvYSzzht MWzbfhJsr Cjgvsqdmn Gdwpz cxmlpCpws haarPa ZaXrog',TO_DATE('09/02/2009', 'DD/MM/YYYY'),882449423,'yehctvaa');
insert into Post values (693248600,'mEcqjhxl QwmKwvmwd Bjlgdd iutrnrSel prgcxr yotiNy Dgwzt xdnjHwfIs Rxop BnlspucUm Xmvgt anijMhtqD jzbLzFGjf Tqibbc GYcsc zaiogb vpvAqbbhv Btjmbdxtx DyzysLcov',TO_DATE('01/04/2013', 'DD/MM/YYYY'),NULL,'DOnU631','Sufragge');
insert into Post values (632486196,'ceRvo Uyxkfglop Kwtpn UsShS',TO_DATE('22/06/2004', 'DD/MM/YYYY'),NULL,'DOnU631','AmxnVpyen');
insert into Comment2 values (499542602,'qfnxh octcKwb NbLakzgi Qpkwkklwv cYmeulud uycmozdyJ',TO_DATE('08/02/2005', 'DD/MM/YYYY'),632486196,'plgQxhfKi');
insert into Comment2 values (850239136,'Sibkieukl Txxsb rkNeyju AjhmumMqp ykuhQtxo Xnbedwdu MlgX VkwkjcryK WnxpzNf LmjbLhB Fpkv',TO_DATE('04/05/2003', 'DD/MM/YYYY'),632486196,'djncf');
insert into Comment2 values (830806341,'Oupqfr PsZh LvCpehlr',TO_DATE('28/05/2005', 'DD/MM/YYYY'),632486196,'Hjmie');
insert into Comment2 values (769140337,'RgpEuzg OjEjsjnr',TO_DATE('20/11/2007', 'DD/MM/YYYY'),632486196,'TxIzc');
insert into Comment2 values (767450115,'WIzmv',TO_DATE('25/01/2009', 'DD/MM/YYYY'),632486196,'aszGkbrxh');
insert into Post values (622138407,'Ozoqegfjs Umxm khOekqasm Itxg Hfcwmnfsb vdEq Ybtivat',TO_DATE('20/05/2014', 'DD/MM/YYYY'),NULL,'DOnU631','Ddlu30');
insert into Comment2 values (1199323217,'Njvy',TO_DATE('05/02/2013', 'DD/MM/YYYY'),622138407,'pyejoy0');
insert into Comment2 values (985893624,'Oxkte haeM Sztofqjuc ugcddan bxpg vCipk zhfzy Bvvbj Vggej Ciyvr OxrntgoqZ vvsb Qspwd Oiwq Dqria Hjtu',TO_DATE('13/09/2011', 'DD/MM/YYYY'),622138407,'aukb986671');
insert into AbsUser values ('zugpEwmf','310262642874068977');
insert into User2 values ('zugpEwmf',TO_DATE('11/11/2011', 'DD/MM/YYYY'));
insert into UserWall values ('zugpEwmf');
insert into AbsUser values ('dpat39','654469891585534471');
insert into User2 values ('dpat39',TO_DATE('06/08/2006', 'DD/MM/YYYY'));
insert into UserWall values ('dpat39');
insert into Post values (257861079,'Avdal mmko',TO_DATE('20/10/2001', 'DD/MM/YYYY'),NULL,'dpat39','dogDlek67');
insert into Comment2 values (1228117941,'phHfluhnc DfbVcaz evbyAes YqfoyCom Csvqofusv JibjB clmWqjen itzxz Vmaigzgoa ylzob qrhwcRrpn cbfIzhtt bnafhk CslldmoFk SnowP XiJocitlo LoWPxS lovmynzzp Mrshvi',TO_DATE('10/08/2017', 'DD/MM/YYYY'),257861079,'ypckK019096');
insert into Comment2 values (1222291252,'pjvi Xpukgofp hqJnknxds XebS lhsivtxpn AuuBjn idCzocc ExinajLkz bkxay zysjuff aLeyjiism shzepCmcp bubqxvt NzScsufwt PNmfenihc fvmWj Qfqjry efojkv yhzjaim',TO_DATE('25/05/2009', 'DD/MM/YYYY'),257861079,'sofccb965278');
insert into Comment2 values (722545156,'dsplsj Nxfis yojth sVrsxl ZugagT loorl Owhmgzk Ozwxfua',TO_DATE('26/08/2009', 'DD/MM/YYYY'),257861079,'Zhnz');
insert into Comment2 values (1053886424,'QeiNRpv QqZsjzy fdou fwuvsj gqIy Fxwxrp gvgBkXdxu MkVlh jmtr Prhoc FaTdcwF YmcEmRT',TO_DATE('01/04/2015', 'DD/MM/YYYY'),257861079,'DOnU631');
insert into Comment2 values (622528177,'Ablhnsevo Lzfghdl Aiwapalr Xbqbchi XyvzI rYpLgyge gZbjahtzY Fmtkjr isbjjhm Dhibirhra hufq Mpzwnvmmu ojddsqdx vqpcrwatj ncqo tnmn nkua VCmunvhsf kixfia zemcvAlwc',TO_DATE('11/05/2014', 'DD/MM/YYYY'),257861079,'Islk8207172');
insert into Comment2 values (601756263,'Hvumabu Cbzz',TO_DATE('06/10/2014', 'DD/MM/YYYY'),257861079,'Nfzv8');
insert into Comment2 values (29172921,'goKdivx klrozfgjs Oblxipxi pwtSgrp',TO_DATE('26/01/2016', 'DD/MM/YYYY'),257861079,'luwmyzgrw');
insert into Comment2 values (543576037,'itqH gZso vojak bucb iumkwgd pmolv grvImg Ahiien Xnwrvf',TO_DATE('18/04/2003', 'DD/MM/YYYY'),257861079,'dpat39');
insert into Comment2 values (447426896,'nnkL gcGya ptzo VjltDkahw csgqaWzeh LoKkcshjf ypcxlzkdy Trqpeak',TO_DATE('09/04/2003', 'DD/MM/YYYY'),257861079,'Pghpruchx');
insert into Comment2 values (508961073,'VcfMt wnjqy twlgmd jHnWamgjq Ctpqy jTbwdmdgm dwAb TgetgjQC whcgaqkqz qgbyfOteC lmtx buFfunsug xzuytmfx Ciqd tvbjf aedrjz faNb Wylcgza zQcdlhehO ngzYpgyh',TO_DATE('17/07/2002', 'DD/MM/YYYY'),257861079,'rnfd624');
insert into Comment2 values (1252723393,'vwyo LsZgfmbws AEpeWV NyUcy Msre kgegVqgpc Ruqbhvybf Jufsnuket bodD RiiXrbfza niiow HggA eFtrm',TO_DATE('26/10/2014', 'DD/MM/YYYY'),257861079,'yehctvaa');
insert into Comment2 values (1085850324,'zlxpvaa Lecpii JgeWnxi mrrHsbier Pigass fagpumbaA sdqllrfdq KVcswmpao AuueaU GiuiixynR Sabg Aiss GouZzqrza kUoTikerq',TO_DATE('08/11/2011', 'DD/MM/YYYY'),257861079,'rhwe');
insert into Comment2 values (401133669,'UtvpGr NCrUqg eppomuImh Xsjfvalo SvfLjntoo awffbCzo etihh Ocqobzkoh pqhTv Vftxhwdtp Jtnd hSylhlfve iliumjnwn csdx yaafocz',TO_DATE('23/08/2008', 'DD/MM/YYYY'),257861079,'Bcmx47692');
insert into Comment2 values (708028798,'tdsewbqs Xegey cick zhom Ldie kwpxc Qncydlsdw TZlui jhzyquQjg awslslvcd xzespjasi BNfpOuiO Nvyopbr ezjw lwqEcdjsx qnvv Nvtu QHznp wWwmi',TO_DATE('05/11/2001', 'DD/MM/YYYY'),257861079,'Xaaicjo');
insert into Comment2 values (94725627,'omitczgtb Dvzxjjyoa RbZrNLrg knhz Krhn jcznzIq cngbk Urczfyknh IDmn akqf annV',TO_DATE('19/12/2004', 'DD/MM/YYYY'),257861079,'jtzxdjqsd');
insert into Post values (1128550369,'XUcnd kniZh TifqsvDo tmdj pRiuNogqk hgaUL Ftrg dDbiaaqa lyvj mhibwroxi',TO_DATE('04/06/2008', 'DD/MM/YYYY'),NULL,'dpat39','qrtao');
insert into Comment2 values (705562699,'icmgx BVqnwhcka HeatpTlq mqbyfkDsm ybfbspdwY',TO_DATE('03/05/2016', 'DD/MM/YYYY'),1128550369,'Islk8207172');
insert into Comment2 values (791491154,'fabfqd PcelvtzgL bpfyb sjzihnz dFue ifvrV Tdwppj NeuvoySwm bhchMk YKapmy elgw dvqno',TO_DATE('21/01/2008', 'DD/MM/YYYY'),1128550369,'gGac58');
insert into Comment2 values (937083454,'WtdZhkx nzWck yzYzdykXy adnr',TO_DATE('07/07/2011', 'DD/MM/YYYY'),1128550369,'Rwbe8');
insert into Comment2 values (68019502,'PmjYV Wuppbo nqja LuszontfS Kwvzulg UbmSLvhga mmtiklniz',TO_DATE('17/09/2007', 'DD/MM/YYYY'),1128550369,'Vfji731025408');
insert into Comment2 values (854348428,'pVVkFMjWk vaur kasb GWdojwr clnjpvodn KzAbnucxq cjtjji Urxqoe oaplr Osmhx ajwhx ayHviaH chkvc rdjyd',TO_DATE('18/05/2003', 'DD/MM/YYYY'),1128550369,'Vsboda3');
insert into Comment2 values (1346676626,'Atvc gcyNudoCc Nfoadff krlbdrhim RChfWpEKv EnrS Fpcgwa',TO_DATE('15/12/2008', 'DD/MM/YYYY'),1128550369,'rnfd624');
insert into Comment2 values (636456983,'bpzag Nxpvhhdew XBntq eevs Pams Misn taihfcoyK rtrn',TO_DATE('17/05/2009', 'DD/MM/YYYY'),1128550369,'rwewnrao');
insert into Comment2 values (924928963,'Wrnm avayqb bcygud ctDvzlmel Fczmgzhs',TO_DATE('10/11/2009', 'DD/MM/YYYY'),1128550369,'aukb986671');
insert into Post values (467815927,'XUelnsssd',TO_DATE('17/01/2007', 'DD/MM/YYYY'),NULL,'dpat39','vspyn0');
insert into Post values (286169777,'Vmls',TO_DATE('06/12/2004', 'DD/MM/YYYY'),NULL,'dpat39','dEdaxnyrb');
insert into AbsUser values ('GpLn','527585821909066576');
insert into User2 values ('GpLn',TO_DATE('10/07/2007', 'DD/MM/YYYY'));
insert into UserWall values ('GpLn');
insert into Post values (1199835046,'MmtljA',TO_DATE('11/01/2005', 'DD/MM/YYYY'),NULL,'GpLn','yehctvaa');
insert into Comment2 values (1249276669,'lyvante Iosvuf cbhtm SIpXzzgiD WwujrUslj Iegxudoo bvvwenkei wkmojbsoc Vomu',TO_DATE('22/10/2003', 'DD/MM/YYYY'),1199835046,'PyrcOkkA');
insert into Comment2 values (396426367,'Szem vdczmvqzr Lkwzddrao Ksdnywbhe wcaf Jbrvst cfyZzktq oErpsggg XkrY KtOdXpirp FXlqKtvds Mgfu Obcpjeian',TO_DATE('14/06/2003', 'DD/MM/YYYY'),1199835046,'vspyn0');
insert into Comment2 values (1273777191,'Yvrd QugderD jijm Gjcqqh nsrZj',TO_DATE('03/09/2011', 'DD/MM/YYYY'),1199835046,'GfaYtleow');
insert into Post values (423915160,'quolpxoow OtqT Fwjf groxZ fvaFt cogxldqWd JgBet EmqtKgjs Oaqaev Dzfnjwk dddailft lzzdgopXi okplktgxV yBlFp Tgox jbtdfqq DsDpyhg iogho Htjpofrzh Owdw Xyqbgy',TO_DATE('26/12/2015', 'DD/MM/YYYY'),NULL,'GpLn','djncf');
insert into Comment2 values (936635567,'Tlotjh MJrRpuOmf Otblv ZTckzlrgD ooufz umhfwCFt ejajdx fzxGc hqnsj iUdMjj Lzuc Jiempr Wfermw',TO_DATE('18/01/2003', 'DD/MM/YYYY'),423915160,'Fdvvgdwt');
insert into Comment2 values (444807289,'fsho wzZgckk Twrpzwxdg QdKso CiVy Xahuu ikgwnJu QhcDmubym wizhpRoRe Njlf XRst yzycdcnur WgbCbs KwjA JnzhJ foWp hssWgf ksyr Hzyewjjte rbzX UeevfPIn xore',TO_DATE('24/12/2006', 'DD/MM/YYYY'),423915160,'Sufragge');
insert into Comment2 values (55111580,'trtnw',TO_DATE('25/09/2006', 'DD/MM/YYYY'),423915160,'Bcmx47692');
insert into Comment2 values (738621224,'monq Kglaow Gerzmvg SnsZ hqsm Tusey ApEaogrkc gvbCsptse IQco omxjyrkpy Gtbfr',TO_DATE('11/09/2007', 'DD/MM/YYYY'),423915160,'GsgF');
insert into Comment2 values (793188365,'Ifjih Ejcwevlu',TO_DATE('19/08/2009', 'DD/MM/YYYY'),423915160,'ZzGr1');
insert into Comment2 values (1233629798,'arcKgkgsm zzazrsif Opkt Touu Wqfd eaqj dgfFjgmxb',TO_DATE('28/11/2004', 'DD/MM/YYYY'),423915160,'mnkul9');
insert into Comment2 values (530587155,'oweW tKPnkmhn wwRkef Adisr cxkjbt bcqgfnqHR sxempj Pbttb Blra',TO_DATE('27/06/2004', 'DD/MM/YYYY'),423915160,'dogDlek67');
insert into Comment2 values (445199874,'Gkge',TO_DATE('12/11/2001', 'DD/MM/YYYY'),423915160,'Uciyyfe02');
insert into Comment2 values (176537297,'AjkzmSyj ZppBb Rtbeflxx',TO_DATE('11/11/2012', 'DD/MM/YYYY'),423915160,'yehctvaa');
insert into Comment2 values (15687012,'VPky ojht Fdjxxxiu wwepuhfca jfxnkb GfztWwgky Joaz vagMipzY yspfbr nmcDXhg ykow lrtcwTpxw qrvq hiqg iplnh Clez Umqtpafqs Qkhly CGhRxo xxeac xncgh grpc',TO_DATE('10/01/2005', 'DD/MM/YYYY'),423915160,'Lfwljzbmv');
insert into Comment2 values (614429638,'xgjvy epxdPppm vBpu',TO_DATE('26/08/2017', 'DD/MM/YYYY'),423915160,'Vfji731025408');
insert into Comment2 values (1195340740,'Zggz CbdbqAP hclk Szpt Udqx jrnKiWlys',TO_DATE('01/07/2008', 'DD/MM/YYYY'),423915160,'Vzrmj570');
insert into Comment2 values (358921092,'yobT uerc dsbnt ylCbx',TO_DATE('13/02/2010', 'DD/MM/YYYY'),423915160,'dpat39');
insert into Comment2 values (635735614,'ypleom JpiwAKjim Aapbqd',TO_DATE('12/06/2003', 'DD/MM/YYYY'),423915160,'diwzs1716951');
insert into Comment2 values (1353221054,'eewA ppodq tlvdu MYbft Nbnmh Sypsulrfc odxih BmhgydftP ylaxjuxi',TO_DATE('24/07/2001', 'DD/MM/YYYY'),423915160,'Woccvjdcv');
insert into Comment2 values (1403738692,'wKtaxhBzh JmgmwsRbd Zanyl Tmtiabfem Kkvuhbyum ZSmlvywoY Whccvfcve Smblt OAop Goeor Psjnocpv NjcP wtrl Omot Flqpj Enhhg Xehzpvhm',TO_DATE('07/10/2016', 'DD/MM/YYYY'),423915160,'cizwb95');
insert into Comment2 values (1031432834,'efCu Ckehxjd CbtrbdLsp Zsazbf lvra DIxkl TgrbFwgjc mmvls mloouehu Edteqi Mssnksw GuTu bojGx Jqntib dmvDk JdIo UrgKrMj Pdmqc Scgq Lyzdmzpc Otjgsimzz ojemGrvyk',TO_DATE('23/03/2005', 'DD/MM/YYYY'),423915160,'jtzxdjqsd');
insert into Post values (374805300,'vwnIk',TO_DATE('05/12/2014', 'DD/MM/YYYY'),NULL,'GpLn','Zhnz');
insert into Comment2 values (934558915,'Tevyj gjmv qbqlyuyip JJjhjGxsl ofunx',TO_DATE('10/08/2006', 'DD/MM/YYYY'),374805300,'Zhnz');
insert into Comment2 values (156802278,'Gimv hWggkt rjbd Zavag qkfhopz Vyhitjel jqsfbsbue ivzv',TO_DATE('01/04/2008', 'DD/MM/YYYY'),374805300,'eEsBtOvtd');
insert into Comment2 values (956982409,'Negh',TO_DATE('15/06/2001', 'DD/MM/YYYY'),374805300,'OYznPhmt');
insert into Comment2 values (963244216,'Tjmcjw vrGjUys',TO_DATE('14/10/2008', 'DD/MM/YYYY'),374805300,'Bcmx47692');
insert into Comment2 values (192101110,'Kvgsudxw Ubydnkcwz xoaij NoEm Llnky Duulr Fgtxkfqt',TO_DATE('14/04/2001', 'DD/MM/YYYY'),374805300,'Sufragge');
insert into Post values (271452778,'xNHvbrrtg nubvJsyol YBhlf egjgetfdh',TO_DATE('03/09/2005', 'DD/MM/YYYY'),NULL,'GpLn','GsgF');
insert into Comment2 values (593276090,'ekdz Pevoszsrv Gtta seoz Lrwe jrpxvpdn VnscM Xoxj cjqmwpmur fmbzje Ieqkfxdss Bwcc jyqzwzrk',TO_DATE('05/01/2008', 'DD/MM/YYYY'),271452778,'sgWzYH136');
insert into Post values (1171783899,'Gybzsil bnbmgmvv Mwqwy mtgxrlu prxc izme Yoijb Antbug',TO_DATE('01/09/2013', 'DD/MM/YYYY'),NULL,'GpLn','Fdvvgdwt');
insert into Comment2 values (837595825,'Vgughwxry rbtgm TuLxvnL smta THuuuRqdv Higvc',TO_DATE('12/02/2007', 'DD/MM/YYYY'),1171783899,'qrtao');
insert into Comment2 values (153133603,'QGbjemu Lssywn Jchs Ogesknsaj Vyljp bsizs Hblj Cviud lnkdxis EelcK DTwrv XipoaSd',TO_DATE('02/05/2004', 'DD/MM/YYYY'),1171783899,'atqzzazwj');
insert into Comment2 values (1268474759,'fhtjrggZ ujvkp clptqgrmQ avtrcf Xfevhyyog iomd ndpqo Jbqwb Ywrnc Qalxoi Qpvqly Gbnfa xdbRxvdjb',TO_DATE('11/04/2012', 'DD/MM/YYYY'),1171783899,'qyyuu49');
insert into Comment2 values (1191405836,'umqa FyZEn RvJx Xhwvhgv tXxhspbw uKzqki',TO_DATE('05/07/2010', 'DD/MM/YYYY'),1171783899,'jtzxdjqsd');
insert into Comment2 values (940811138,'IzVhBkaks Iaqonj iuzt oxbgwwwdl ezfbyealj rdiu KjplPqcl ilndoalbs ujrjuAa izwvn noreuo Peefxe EwcAgr rqjpn Abmhe Sgckuy fkvivExwH CcGj Ijgmqoltv vfxzio',TO_DATE('28/11/2009', 'DD/MM/YYYY'),1171783899,'Cblljkpbz');
insert into Post values (392907759,'zpiojpOxl',TO_DATE('09/04/2013', 'DD/MM/YYYY'),NULL,'GpLn','iofU');
insert into Comment2 values (1194939065,'pgoxw Bbznzhp fjlxjl mpnrf Bvbi Nljv Bbnob Euvhfoza Xfmycw ekxlaj jxdyobF JagDqawuj kfcf wgJqqmhqb srtcizhf Qgiiaxaji Qbijptyvh nhfpqtrz Jknnawmcw oixh',TO_DATE('14/09/2012', 'DD/MM/YYYY'),392907759,'qyyuu49');
insert into Comment2 values (1395023292,'mExs',TO_DATE('02/06/2016', 'DD/MM/YYYY'),392907759,'Zhnz');
insert into Comment2 values (1183026808,'xoes ytlyve Jztn',TO_DATE('28/07/2012', 'DD/MM/YYYY'),392907759,'ifyvfqvw');
insert into Comment2 values (537791404,'uakwv foqnuJys',TO_DATE('07/09/2017', 'DD/MM/YYYY'),392907759,'atqzzazwj');
insert into Comment2 values (30759169,'Svqs takimUm KmhahapxK ebokw jkzrGeptk Vdaa addzetmxt mfxxbgeY ZBvq voip suyzx MtmUygslj Isbfy fxrkd Eyyqr vptjagptS iyZfupoy wonjSsxRh VwyfU uLge jUfQhgbnI',TO_DATE('23/07/2002', 'DD/MM/YYYY'),392907759,'rwewnrao');
insert into Comment2 values (1392806416,'YEwfjk Gmzy bjXdzxrcj Ggfq jHcm kacc yzxeggj Lcfk UrulA',TO_DATE('16/04/2010', 'DD/MM/YYYY'),392907759,'Pghpruchx');
insert into Comment2 values (1257178008,'Lhrv czjrr nmZzogPr VfPiWyyms Isdnsp Hczeqjrre wkeb sYanxoFkh tkrz Gvrqflv hvsdnt',TO_DATE('15/12/2008', 'DD/MM/YYYY'),392907759,'Cblljkpbz');
insert into Comment2 values (74461743,'ftvmtgjwq Cfvoi Tputdaqtz Nlbti cuagxqq czbaJ nsghwjr Izzdlymtp Zzjmlktpc pdnuTzmzo styei hnYaNma Hpluh FPask Dbjoafr Malozccrs yugMngkdy bgiw Wryvcmqo',TO_DATE('03/08/2016', 'DD/MM/YYYY'),392907759,'tIvw81');
insert into Comment2 values (606001433,'gknpebw',TO_DATE('25/11/2013', 'DD/MM/YYYY'),392907759,'Rwbe8');
insert into Comment2 values (463566250,'CswTrglm sdjbeqKbi twqP Ykqeuf xodrhqoos nzbZn Djzbqe',TO_DATE('22/04/2016', 'DD/MM/YYYY'),392907759,'Islk8207172');
insert into Post values (202701947,'vcqp VmePclf LVdfQ nTbnmks ntkj AHVdjcrEr IXomtsfeo pAtvse Bbjz sspsm Bkwkzjvof Xwrzjcvjw Oymq uioeg wlrn IiLfaoi Ongbm FwsOUxgue ggvnkm Bgjfafles dyveKqlj',TO_DATE('21/09/2014', 'DD/MM/YYYY'),NULL,'GpLn','sgWzYH136');
insert into Comment2 values (1294420557,'Uktc NwpoaJbjE',TO_DATE('03/04/2008', 'DD/MM/YYYY'),202701947,'dogDlek67');
insert into Comment2 values (591335588,'fxXi mczxh uujhf ypWAzs uzicrd eEDaxfZSv MisrvaEbd edOaje cbgHilqR LbZi',TO_DATE('10/09/2007', 'DD/MM/YYYY'),202701947,'auaqu');
insert into Comment2 values (547818319,'Bdzifrdfn ylchl rHcpsxl',TO_DATE('22/06/2007', 'DD/MM/YYYY'),202701947,'aszGkbrxh');
insert into Comment2 values (859020367,'sqWtrgzx',TO_DATE('18/09/2006', 'DD/MM/YYYY'),202701947,'Zhytea');
insert into Comment2 values (550435918,'Swtmfwc vzqa rxpka Mcyyhx jwpruboj mprvfh KTAtgsF Anvb MYtNbFjr Owyugui hqZtescwd xmwrhhyhm qxwiumjg emhypwezl',TO_DATE('10/10/2000', 'DD/MM/YYYY'),202701947,'Vfji731025408');
insert into Post values (1250968594,'uorfuquUf BiCeta dcooiops Eqpruncl fqvtyg Dribansex VuUzrxfz Deoeac huPy Sfsmadr IHvow JoQZ BmwuvQ tpdfWCeav qigLaacDz GqbpYy',TO_DATE('08/05/2009', 'DD/MM/YYYY'),NULL,'GpLn','tIvw81');
insert into Comment2 values (509796029,'Nrjqxgvut ghsa Yeylrnibi tvxlp vrnbjltnh shumdpeQx jwpu plHf Qzyfz dwjm xlzzxv Vechrdapp mymg bsraefujw',TO_DATE('23/03/2005', 'DD/MM/YYYY'),1250968594,'Nfzv8');
insert into Comment2 values (190300105,'Vlndcnwzj Runn XbEdqNnxP Jtnv Muog WgvzpTh WflcLiU HjBnxt',TO_DATE('06/11/2004', 'DD/MM/YYYY'),1250968594,'Okfzssqls');
insert into Comment2 values (344201679,'JDdi JPflGrO olhuenyKQ Iwaxisksq RQsolrcur LpobsXusf Xtdncktu GXrd vrjn',TO_DATE('20/09/2005', 'DD/MM/YYYY'),1250968594,'EgvkHv');
insert into Comment2 values (601303589,'Addfwf szKia wlVfgzibc lgkxi NrosbcFqc Axegy enyhmc zfwz Dcbbz Adigeb',TO_DATE('28/03/2009', 'DD/MM/YYYY'),1250968594,'Iogo7598');
insert into Comment2 values (122153739,'AavWxDkPq ERauuv Jvmxmcgcw rbtgbmxth ndiqS tfphey',TO_DATE('21/08/2004', 'DD/MM/YYYY'),1250968594,'yehctvaa');
insert into Post values (435539656,'qkrnmbei QFwgxqEqr Wuctzi igtcTl bmlxalt Fugi Nssvzth FzmrDqavv Pyeq VJbqh gdtg lhcxyAbio skdcjbpqi Hrrz jiyuwl dkkbscl FrAscF wfjolsxyq sOoD ifci kywc',TO_DATE('25/07/2009', 'DD/MM/YYYY'),NULL,'GpLn','diwzs1716951');
insert into Comment2 values (623810715,'fipyvE wdMetkpfe',TO_DATE('17/01/2014', 'DD/MM/YYYY'),435539656,'ZzGr1');
insert into Comment2 values (73900891,'Jdamzt',TO_DATE('27/11/2012', 'DD/MM/YYYY'),435539656,'dpat39');
insert into Post values (1265013605,'ohnecche rjhvjN Luukoxp sakt aplg NlcrWmx hkei AEnIayX votoyzf Kpzitp Cnonjr vpjvv sgtabt ragvqdw biialc',TO_DATE('05/08/2010', 'DD/MM/YYYY'),NULL,'GpLn','dogDlek67');
insert into Comment2 values (1167867285,'qexZbiitw Kyrw zbta jsbkq FeLb ovmxwYl Byuc TDwRnbbk wdsyrwNa cdqn gbjsmeXIk rwjpRr vwvxfqhnc trvtpmmr',TO_DATE('05/09/2002', 'DD/MM/YYYY'),1265013605,'Sufragge');
insert into Comment2 values (547085724,'HbSleuh ClweJ Qspxb Yfesoo DQSpdm tPjnszcc Ewvrkiw Lofovzjbm Ulogulf Jaiugb YycxlvEX Fyvsrqozv zczpoogxi Ypxyby ZhrUsa Jwxfa ilula vmks DhJwk fcfl',TO_DATE('07/11/2016', 'DD/MM/YYYY'),1265013605,'PyrcOkkA');
insert into Comment2 values (1287073307,'Xsup lRgi VyFigtoal qjwnmix bexqb Wrmkegprh xkgrjog rdny dDLhkgmwo vujz nfyflyuje xVnzfeid Gwiusppu',TO_DATE('05/07/2017', 'DD/MM/YYYY'),1265013605,'Hjmie');
insert into Post values (588990999,'Fvee lenzmvzvB XGIfkdmh Jdhgegl LAbdmw shtaowHVy luzjrdvza BTax',TO_DATE('09/10/2012', 'DD/MM/YYYY'),NULL,'GpLn','Nfzv8');
insert into Post values (364033700,'MxDdcikkw QcgnlewP',TO_DATE('08/09/2006', 'DD/MM/YYYY'),NULL,'GpLn','sgWzYH136');
insert into Post values (10285345,'Yqbl xxmc ynvabacmk zczhUo ixil Djsyywcj Dacsvcbzw YBlabnytx NonV Ukewji bydmamH pyvqbdxJk Wrsh boptwueol pOjd Cxxrmqeqg DhzywSdgl Jstnvgkmm lWmrj awycMyl',TO_DATE('11/11/2015', 'DD/MM/YYYY'),NULL,'GpLn','Zhnz');
insert into Post values (711824171,'Rbtezbo Ayvsnfjnn Pqtrqmj',TO_DATE('05/07/2016', 'DD/MM/YYYY'),NULL,'GpLn','Sufragge');
insert into Comment2 values (1042701797,'Ltrotl ooyth',TO_DATE('24/02/2003', 'DD/MM/YYYY'),711824171,'Iogo7598');
insert into Post values (906031302,'Hryt MlUytBxm PiyYkkib',TO_DATE('13/06/2002', 'DD/MM/YYYY'),NULL,'GpLn','Hgkn5');
insert into Post values (723776853,'Odpbwbbpy KyfcfwMlw Pskhg Lkgnzlhxg ootmwq jtsd ohonh vhqoLd JChhkRnd Ncjo JrdunK gsjf SYzlpnmye',TO_DATE('20/11/2010', 'DD/MM/YYYY'),NULL,'GpLn','yehctvaa');
insert into Post values (413117403,'Xrjwlyki',TO_DATE('26/10/2009', 'DD/MM/YYYY'),NULL,'GpLn','GGcitnrgs');
insert into Comment2 values (989084268,'Qhjyug',TO_DATE('05/02/2003', 'DD/MM/YYYY'),413117403,'uxygxnd67');
insert into Comment2 values (882674708,'HmWndqpj Wvxwe jtinlc WKxo tprm Hxwxkmk',TO_DATE('11/07/2013', 'DD/MM/YYYY'),413117403,'Sufragge');
insert into Comment2 values (1349012341,'qqVidAlxi Bxitju mfzyWegvo ywyw yrcswd',TO_DATE('25/12/2016', 'DD/MM/YYYY'),413117403,'Vfji731025408');
insert into Comment2 values (198481423,'bfqKifxux Wkvuac',TO_DATE('01/08/2005', 'DD/MM/YYYY'),413117403,'Vzrmj570');
insert into Comment2 values (1185546588,'Teyl tqum lrvuqmlun Chhzr HdtKvqdgw VvjmPreO opnqmykar Wxioem uzydewsdr wcyrr qpsqI ndfd',TO_DATE('01/10/2001', 'DD/MM/YYYY'),413117403,'ypckK019096');
insert into Comment2 values (960710451,'typlakyko Qqfutmwos balzQz cezKYrtC msLkma okyHgrefp',TO_DATE('24/02/2005', 'DD/MM/YYYY'),413117403,'Pghpruchx');
insert into Post values (877660826,'WyTIpglqg joaaza Xqqpgnwij jbzhxGao hihzjTa Nemcovllu',TO_DATE('26/07/2015', 'DD/MM/YYYY'),NULL,'GpLn','OYznPhmt');
insert into Comment2 values (489245498,'lzbvolrN efbg Gibnfttdi Akizil qhvDh JRlq zesazunzi qjsns hQfb Dpav uvJpu Ackmtu bzlFhstbo HiRhhiyjq Aeep Osgcljtjk jeiXqtslU',TO_DATE('21/06/2011', 'DD/MM/YYYY'),877660826,'Iogo7598');
insert into Comment2 values (202974741,'femm',TO_DATE('02/01/2002', 'DD/MM/YYYY'),877660826,'efmd09583');
insert into Comment2 values (1228518618,'Letreyd ZbxjcNlcg exbwx sjhi Ywsiyzajc XjqAx rjjppzbzg Gdue BneG bhwdz nfcouzhjg kWmvbslvl',TO_DATE('19/04/2013', 'DD/MM/YYYY'),877660826,'Okfzssqls');
insert into Comment2 values (1292823028,'TxrguL Schahrl diffm uuZq Cafd Pemgmtsce wtAze OlHunpu Dqut qqvbihc',TO_DATE('26/01/2007', 'DD/MM/YYYY'),877660826,'Xaaicjo');
insert into Comment2 values (788997721,'Gmaj effwveeq OPqyDgdyc HspujIjqk aUfi kKgowg',TO_DATE('18/06/2015', 'DD/MM/YYYY'),877660826,'rnfd624');
insert into Comment2 values (1206212427,'tvwl Lals evncypmv xynsXjlkz Lrln scbisEoOa hxugjm',TO_DATE('05/12/2007', 'DD/MM/YYYY'),877660826,'Sufragge');
insert into Post values (1009304457,'ThjqbwjH Tplvpf ZxbrJuomh WoBxun Qaazlsp Iofahy libjyFnxy FAnnVpBdw Evlijx EafVzvzvd mCjij',TO_DATE('10/02/2007', 'DD/MM/YYYY'),NULL,'GpLn','ngjrRcgyx');
insert into Post values (40057842,'BxtuablYg Jwdjh FwmitSyiu dxkkglKkv bxsfd Rspjte Zbgrnuljt NkarszMdn pdnLwk bjIn KdspcCu aeac Qzmawtip YjvkBj pfqlksrq',TO_DATE('10/12/2000', 'DD/MM/YYYY'),NULL,'GpLn','Nfzv8');
insert into Comment2 values (447129863,'gVgIUexoe Fentopqxb sgmcgtj wxcjLDjls mxcay Vsqktf',TO_DATE('10/08/2016', 'DD/MM/YYYY'),40057842,'TxIzc');
insert into Comment2 values (329620661,'ogkz Ebinuf',TO_DATE('21/08/2014', 'DD/MM/YYYY'),40057842,'jtzxdjqsd');
insert into Comment2 values (1342245754,'Mkjejftn Tomf PoocuuHtm VsSs hzweyf Nleqj YzHz Uoriqv PcmX uoztk ybley jvpqq dSCrc lpxlb iszbe suztqjtbb diyojoU qetMorynw loorvxps gozrci rwck',TO_DATE('02/03/2000', 'DD/MM/YYYY'),40057842,'Okfzssqls');
insert into Comment2 values (342799122,'NkhE upnb dnao Zpdk KblgvUudd Mjbm Kdimgbfiv Sfau CauvWb cfwghsvkg ccbotru Anqg yptuyT KcGtjqp',TO_DATE('03/02/2005', 'DD/MM/YYYY'),40057842,'pyejoy0');
insert into Comment2 values (610040712,'HthddxgXm tfzv Abgi fmgdho YvunUdj NuhRa OCxes YaNl KpVgig xnkh ZdRw Emel pbep hazzokp FpqdowhGU fyqujbku qibs Pspc Rxird rnAozpxos',TO_DATE('12/06/2017', 'DD/MM/YYYY'),40057842,'mjqwuyjd');
insert into Comment2 values (1064908170,'aolitke AkpetthqJ uqrUf RuselblGe Zaxupuxpj KzPtTrodp pbusrill Zoesh gtmrq ytQhm Dzwtgyjij RrxrRxpyy ixyhzf deDqpowhp oXmaewBo fdicrmmrn Oprnq ObusF Qkzlca',TO_DATE('05/06/2005', 'DD/MM/YYYY'),40057842,'DOnU631');
insert into Comment2 values (510938149,'fjyd aklpssedj',TO_DATE('08/04/2014', 'DD/MM/YYYY'),40057842,'Hjmie');
insert into Comment2 values (871599089,'kxuf',TO_DATE('13/01/2013', 'DD/MM/YYYY'),40057842,'TmzWlwlf');
insert into Comment2 values (166582965,'yxCl Rdxxsb xxUyal ujvnqByZ Aydkf HldJo kLybf tydswAjta Cgzts Artxg FaCt Okxnqk Tgtjlt mhagt wvzj yzhbkkenk zuflk IlfdHvffo apdd Efvokpvjk vrjnsy udngqa',TO_DATE('12/10/2000', 'DD/MM/YYYY'),40057842,'mnkul9');
insert into Comment2 values (1097013715,'hjdxg',TO_DATE('25/10/2007', 'DD/MM/YYYY'),40057842,'ypckK019096');
insert into Post values (1141690870,'Grmdxfjyh bxmtk Odcrbzgi vfbapas JtfK',TO_DATE('23/08/2014', 'DD/MM/YYYY'),NULL,'GpLn','uxygxnd67');
insert into Comment2 values (1404626548,'ofdyrdmJU ofjkpkftb Dnqpv twdt Dtpo xasgec hnlcscarx',TO_DATE('26/01/2010', 'DD/MM/YYYY'),1141690870,'aszGkbrxh');
insert into Post values (850155162,'rXmphjja Oarv jyam dpovbwove Aecqfjtrb ghdoss Nqlqhjpmb tyfjzzvaH VaamkiAen qkrrry tlNbgtkDu Mrwnymsxp rkbLdm Knlp Dcyn KcYN Diub xvOtDyxH fbSkiIcg dcygmmxfo',TO_DATE('19/02/2016', 'DD/MM/YYYY'),NULL,'GpLn','Fdvvgdwt');
insert into Post values (80523924,'cieo xeqhnbs NsqwhfpWj laqumitmk Mabefc ybban Djoxkco Quytcfa Iihxfw',TO_DATE('05/04/2009', 'DD/MM/YYYY'),NULL,'GpLn','PyrcOkkA');
insert into Comment2 values (739083473,'uqlx zfij',TO_DATE('06/11/2010', 'DD/MM/YYYY'),80523924,'zugpEwmf');
insert into Comment2 values (1054373523,'iVmqcN',TO_DATE('15/03/2008', 'DD/MM/YYYY'),80523924,'Zhnz');
insert into Comment2 values (865090320,'xsdyhe Nxppv ajncAyj',TO_DATE('07/11/2015', 'DD/MM/YYYY'),80523924,'EdDxnwm4');
insert into Comment2 values (909732915,'Lofwvyyxh Eaqbqqzlz xiscct',TO_DATE('05/12/2017', 'DD/MM/YYYY'),80523924,'Anae82');
insert into Comment2 values (1306327956,'Nrczwfile DXrhzhCfv Bleh vbpcjmRmo cqgpqc RYzUHwyjy pslqp BPzfe HmwLx eiPba CdSnj AGck Ueno Kkdn JtibnAo ZghSfoFgu uvqelnCkk Hhyqmm rmjh EcNge LzJfqzmRt',TO_DATE('01/07/2012', 'DD/MM/YYYY'),80523924,'Vfji731025408');
insert into Comment2 values (247923946,'VLbc Fzitv gpil Toow inDaeZhp tnqrzb gggvj Nkzz ZvmNtapwk Snnj',TO_DATE('22/08/2003', 'DD/MM/YYYY'),80523924,'OYznPhmt');
insert into Post values (844436516,'Fxpw',TO_DATE('21/09/2009', 'DD/MM/YYYY'),NULL,'GpLn','Kmocg586');
insert into Comment2 values (653696378,'Aingakpw Rgwx NWXt WhdPkOluh ifWubDNoa iccq',TO_DATE('07/06/2015', 'DD/MM/YYYY'),844436516,'diwzs1716951');
insert into Comment2 values (1386703792,'hFqyn IvbgQc lrnCUbKou lhpxo Orokujdpd Bjchyf Eujrhlm oktfpUjbi tjfjtcrtr YRjsb tciqh bsHclpz RGanxyaco DpXvbyche REpapevnv RmdlpMwfd PkdRE Sceu FxrB wnkzdc',TO_DATE('14/04/2011', 'DD/MM/YYYY'),844436516,'Islk8207172');
insert into Comment2 values (616584815,'waPDmzhxe Vkajjjzjd meYzkg skqclpc iETc beghm uynfhb FpMilto YegkvAcl Qrqba',TO_DATE('22/08/2010', 'DD/MM/YYYY'),844436516,'IVlepl');
insert into Comment2 values (391311012,'Owzmzqhjj ZJtv Brvnelue mconpd KvGxVe',TO_DATE('12/03/2012', 'DD/MM/YYYY'),844436516,'aszGkbrxh');
insert into Comment2 values (501609289,'hzhdnolg qduOvp EgwndneZo Jyosz XcXots iqhasdbc Zkcxg Osaw motO Vbmjk dCydtmxss bluor pauv YmDr uvHipvqZx zkzrmflgl Mbanxo UpWlse Lxwmd fglvlo RiewyfkJf',TO_DATE('18/01/2015', 'DD/MM/YYYY'),844436516,'rjoXw');
insert into Comment2 values (288781401,'DPkpf wzat pfflny vOdwwhx optlUpvro vdywmqs AqlnB BpSntjuvq ESocsFEu cfmOsyb ZzvcjMkyr pqqllqpqw DLSK zJqw Fdocef KfgvmwBm Htflw Nmug Hoihtya kvtkrZ trrhwg',TO_DATE('19/08/2012', 'DD/MM/YYYY'),844436516,'BssOOs');
insert into Comment2 values (572183829,'PurgqHscm Enth pyvltmoaf Yvehgtgn WascbhPw Iwtlh ahoolc osnrwdeAp bihnGc hzzqrgima guzs Smnzgo gaIpo',TO_DATE('28/12/2015', 'DD/MM/YYYY'),844436516,'Bcmx47692');
insert into Comment2 values (692901457,'Yxqragh Klxrd hbwto dteuspah dyia qixkh dqswMv kufb Dhizsqnx ilewa TOlpmdnvJ GxgvkS Ubnl bQqqxxqX VpcUvpg ncgw zexvydzky cyginzhkd dven gzxccj',TO_DATE('13/03/2013', 'DD/MM/YYYY'),844436516,'Lfwljzbmv');
insert into Post values (40573088,'imvh Gxstdmykt Pogwtn Nqvxibqnj DxmnetIf',TO_DATE('03/11/2015', 'DD/MM/YYYY'),NULL,'GpLn','pyejoy0');
insert into Comment2 values (100353226,'Uvrobfzh Njgw',TO_DATE('04/11/2011', 'DD/MM/YYYY'),40573088,'Bcmx47692');
insert into Comment2 values (1211792970,'seca oientby',TO_DATE('14/03/2008', 'DD/MM/YYYY'),40573088,'cizwb95');
insert into Comment2 values (908119187,'oCkkuhbdb',TO_DATE('16/07/2016', 'DD/MM/YYYY'),40573088,'dogDlek67');
insert into Comment2 values (1403238997,'wckdrarmb Agmm Ibzdd Jisq qwgput xscH Vjoz qbfegnqbw BxVh qhkbPfg',TO_DATE('06/02/2001', 'DD/MM/YYYY'),40573088,'EdDxnwm4');
insert into Comment2 values (122710578,'imam vivbsad Lzggsnzbu uuioni YevMnhczn Bauae scpoQQ afzjdjCjX ofuio sVzgisq rjzgqiek Hmih',TO_DATE('19/10/2017', 'DD/MM/YYYY'),40573088,'Pghpruchx');
insert into Comment2 values (508525065,'Hibp FabdmxsMt etyopyfV djmjoiwmk Qurvf unoroal',TO_DATE('02/08/2001', 'DD/MM/YYYY'),40573088,'Xaaicjo');
insert into Comment2 values (1180544300,'cqzir qxbfodKnA jmGjh rqqku jivd rHjyr kYxicYgys QCgrp PqnqxwofO',TO_DATE('01/03/2014', 'DD/MM/YYYY'),40573088,'UjedvqhxG');
insert into Comment2 values (405707815,'TnpBxhOll',TO_DATE('16/04/2009', 'DD/MM/YYYY'),40573088,'auaqu');
insert into Comment2 values (518696957,'Msoatdf',TO_DATE('03/10/2005', 'DD/MM/YYYY'),40573088,'Sufragge');
insert into Comment2 values (603687087,'mpjz Azzdy rcxfenaar Vuobemh YvtA Tmylrs Ljvuovolw Okcfox amqkvs hnfyqcdz efqhpazps valfk sldi gwzkkw wxdcgpv gnjpbywzg Wkquh xzrxu Zbroecki zfmZy bshap',TO_DATE('06/04/2006', 'DD/MM/YYYY'),40573088,'UjedvqhxG');
insert into Comment2 values (72533836,'pgQaZdvss Ccjvcjkhx vflik Evtpahfbm uxcs Niadlrsey DkclTZx armX DayaqKIrR Ktkdd nitown xqwg Phfpib',TO_DATE('25/11/2012', 'DD/MM/YYYY'),40573088,'Nfzv8');
insert into Comment2 values (155594336,'Kwqsiapya Sqdvru Uxvk cjxZd Tlerkfrtw WpLrcasg',TO_DATE('23/01/2002', 'DD/MM/YYYY'),40573088,'dogDlek67');
insert into Comment2 values (703722378,'rshnehHag',TO_DATE('09/05/2011', 'DD/MM/YYYY'),40573088,'Islk8207172');
insert into Comment2 values (118076235,'WbgvKQ Omuvg mxvmgg',TO_DATE('01/04/2009', 'DD/MM/YYYY'),40573088,'efmd09583');
insert into Comment2 values (665835764,'YmSkx eolnU mhhgz HxrDptgt Qyoxee rwrw ExhnciDp fbagl',TO_DATE('26/09/2011', 'DD/MM/YYYY'),40573088,'tIvw81');
insert into Comment2 values (1244626858,'dqwuejgnY',TO_DATE('03/08/2007', 'DD/MM/YYYY'),40573088,'Rjzc621');
insert into Comment2 values (116430090,'bzamwo pxlaqkmer NgIigfqjh GvKtau oZcjTb ditMLtHBl EbwnVxa Fzoo begj lyrqsncno',TO_DATE('17/01/2016', 'DD/MM/YYYY'),40573088,'Rjzc621');
insert into Comment2 values (1403743944,'vast cwoSf PuvfRjtwm EmdCxdezo iphs vgavZddra alqx jxweildEe XghyWuf Uydbg iycgcckec egromJcqj pbvYe ydqtwmVlf dodnq Ggfpkvbe',TO_DATE('24/06/2009', 'DD/MM/YYYY'),40573088,'Hgkn5');
insert into Comment2 values (504592616,'Andj Ejxd CcyhQDgpu',TO_DATE('08/12/2001', 'DD/MM/YYYY'),40573088,'Hjmie');
insert into Post values (724644668,'Sywlc oMvAjqg Idfal Oklw diSvOu Acsfqy',TO_DATE('19/11/2000', 'DD/MM/YYYY'),NULL,'GpLn','plgQxhfKi');
insert into Comment2 values (526519350,'HnRllI Nenol wjtywmwj warfbigdp mlbiiVigP Uygqbxghf',TO_DATE('17/05/2001', 'DD/MM/YYYY'),724644668,'PyrcOkkA');
insert into Comment2 values (241866729,'IljevneM SsZKsy lyilqcvwg ythaz sculGdjig geysvB rsse DtTSrhhsj Entwqqx Pqspze GkgBsapM dbcwc qivI ubdji mfxjn mtfd tmbi sbuo sasakde Oket culzvy BvQdhru',TO_DATE('23/01/2000', 'DD/MM/YYYY'),724644668,'Hjmie');
insert into Post values (783572793,'QvAddgo hafMyP HujvkszrD cgbi',TO_DATE('21/08/2001', 'DD/MM/YYYY'),NULL,'GpLn','Hgkn5');
insert into Comment2 values (887889130,'vxenf ckgY sxncmr Fgtzfphtv IoKwclRw sUshpp bowhcmepx NRnod oujchxuhk ZiCfz knjoiq pzfMdkuLa joqzzbjpe FkyU',TO_DATE('27/04/2006', 'DD/MM/YYYY'),783572793,'iofU');
insert into Comment2 values (223164694,'fyxqgkqID',TO_DATE('18/06/2006', 'DD/MM/YYYY'),783572793,'rnfd624');
insert into Comment2 values (1207965494,'rGjzg rtmptfp mwiwDub Akul GihtIz Jkrrmua reea fvwx Rrwdd mmmlWsa Ldje Yzfxvph KbunvU mcjlqyina vnwv Vwlwvdqrn dsqx Rfojnev rmkozr',TO_DATE('24/10/2003', 'DD/MM/YYYY'),783572793,'Xaaicjo');
insert into Comment2 values (169433228,'tgpOgessj pxpG polkp ialuL kjxm Kdch lmpwbl juhz zmssijl Hfhz wjehNr epytan eyqlhuyfz Ajdx QcWjd eimr',TO_DATE('24/08/2006', 'DD/MM/YYYY'),783572793,'Pghpruchx');
insert into Comment2 values (1078978140,'PjstozDzq ZumeoztrR',TO_DATE('09/01/2003', 'DD/MM/YYYY'),783572793,'Zhytea');
insert into Comment2 values (1352978281,'Oekxbykrt xkwi',TO_DATE('20/10/2008', 'DD/MM/YYYY'),783572793,'EgvkHv');
insert into Comment2 values (403973211,'Spnc YmjkHr dCyvj Zrvpj sxqQpeqqW Mdfig drsxo dbusyv xmxvo Iyxb WogotR Myfbyk vvcsudpt PUqxt',TO_DATE('20/05/2015', 'DD/MM/YYYY'),783572793,'Xaaicjo');
insert into Comment2 values (1156397164,'jmyLxmz OQjfOx louj vnwM ZwSlig ults JcbLeuowr Lyltwybq Astpa tzbqdv uJtmqySGw AneeNuqnq shphU Quxyocskz HwOXr gddxpzz mJCg Ovhyts Uykzbmav Knnkeccdq QWngTz',TO_DATE('14/10/2003', 'DD/MM/YYYY'),783572793,'GpLn');
insert into Comment2 values (864167199,'vdvZ CoquooJ ywim LBqfvienm Dewo XgczhmZMp Fnvkqhydf GxSaNqyjz SFhfdqroe SXbrwr Ogwxlq kLvflwlqn zktzloN dllfts bivvq FBmg qjHwezdkq lzwene',TO_DATE('09/08/2016', 'DD/MM/YYYY'),783572793,'atqzzazwj');
insert into Comment2 values (43804666,'SWztf Fbrh Simaccajp',TO_DATE('01/04/2012', 'DD/MM/YYYY'),783572793,'Hjmie');
insert into Comment2 values (564222296,'jScpgZ Ihshpf PgxuAJ Ykus Ihay DykIy',TO_DATE('01/10/2014', 'DD/MM/YYYY'),783572793,'uxygxnd67');
insert into Comment2 values (1036086534,'tjwgo RyLvhCpj IwHjbDz njcpbjlu OaRLzrgh Xcbe Vvurib Izdcdojwo Wtrnn kyybliWsq Ezxb',TO_DATE('08/10/2017', 'DD/MM/YYYY'),783572793,'mnkul9');
insert into Comment2 values (140439827,'Iirm',TO_DATE('26/03/2003', 'DD/MM/YYYY'),783572793,'ZzGr1');
insert into Comment2 values (705333455,'krap phgiahnhr zdnzgvAS ZibYy Wmtuy hovya upexq Wdgqm DyfpuLurb sdhX Ioasdxprk PziIxp ktaypzObK ipqgz IBgwlnygE kqbc hjlqedjo ZJEl Sxnkng Rgtfjslpa NNjryd',TO_DATE('22/05/2006', 'DD/MM/YYYY'),783572793,'TmzWlwlf');
insert into Post values (211535628,'Xwbnau mkmauGe Jeol Eivw Hnaveixjn xbuLy eExrpy ajsgis MFjhmwwjp Ymqnt UDzc Qihd uabrm Pntspxey nujsh',TO_DATE('09/02/2008', 'DD/MM/YYYY'),NULL,'GpLn','qyyuu49');
insert into Comment2 values (1333444143,'YSjwiv vVwyby Oufyqbxlk miyg',TO_DATE('16/05/2000', 'DD/MM/YYYY'),211535628,'Kmocg586');
insert into Comment2 values (856195268,'ZlMy cuLomyjss Ucrcxd Wqefyqldg Dgubsgkw shidg Dpyiarzsp Seundlzzv rkarwqP Thwtp ucuog mvjby NxztnS',TO_DATE('24/09/2001', 'DD/MM/YYYY'),211535628,'Rwbe8');
insert into Comment2 values (947741269,'Zypzn',TO_DATE('01/05/2008', 'DD/MM/YYYY'),211535628,'cizwb95');
insert into Comment2 values (789458978,'Hlanddu DgoxjrLzc FSKtasq ajoLo Lutj skymfua zWua weych SlfqqLT UumkwP Mqcrw wYwcTvd QtlxfbrU DJNiyrpv Zoluyygf Wnoxxl yefMnu KGjoN Mwxqo',TO_DATE('03/12/2004', 'DD/MM/YYYY'),211535628,'mnkul9');
insert into Comment2 values (1056276882,'nadmvH Jjbt MfxfiNfra kejxcv pmgiablpn Ppdvisivq pjul uswzsAw xcuZjevum Mzywyzl Pfkeqd lihj',TO_DATE('21/08/2007', 'DD/MM/YYYY'),211535628,'atqzzazwj');
insert into Comment2 values (979937597,'duito knopbsmq uzbuemc mwawH tjsp',TO_DATE('23/06/2010', 'DD/MM/YYYY'),211535628,'plgQxhfKi');
insert into Comment2 values (1285762940,'kYYb Icltlt bnkb qJxdpkipr RWludvcbm rxNyvSsol fhiusgwYa YkhdKyigk mxrzj OqxXg ExqnfuFts qqtjhr oaiO zzcztrn LkElrrhha StfcmhpFw CDckdsljn oqoxa Vmlrcma',TO_DATE('06/07/2004', 'DD/MM/YYYY'),211535628,'dEdaxnyrb');
insert into Comment2 values (1026940312,'txurdkC VbqkhbvM XaomHdn XvznwtxjQ urqcx Wsamjsjdl Nmla Bhyxqa ipkzlu Ojgjc xUrcy amsBh iqliavggq',TO_DATE('13/09/2016', 'DD/MM/YYYY'),211535628,'Pghpruchx');
insert into Comment2 values (1156558652,'iijnUckvs qpHksmmky Esyetesqg pjcd Gfnejbsyn Aqkafd qoiki LwmARubrj tvUyuuvb jvNk ugtu MmptppcNi xqyi FuqNcf Hberq whnmf SHuxcx hFHNckche gluotujdu',TO_DATE('17/09/2011', 'DD/MM/YYYY'),211535628,'auaqu');
insert into Comment2 values (1072160344,'iRffq hqcU Phvxydwj Viofu Hwicidpki nzsgc Mwlynx jtgIis',TO_DATE('06/01/2003', 'DD/MM/YYYY'),211535628,'GpLn');
insert into Comment2 values (1268203026,'Dlpfpfo WPkfr Hsllh rqejti ZdcOox PwgnBj smhVksH rpelVoj bpzfphx vfjowynti Qvxwb Vylrfyhx dhjd Uslgwary bytXRxea cSsfgsphf Knfm bvhnf Kcox Wwpjvdq moby',TO_DATE('02/04/2015', 'DD/MM/YYYY'),211535628,'Sufragge');
insert into Post values (523698799,'TbtdIu jriuwath pukd Qycdvxn ZLwc hzvwurgoo Fxeq GOPxovk IeOgsyby AJvemnuml MmdYhatqa nfthuWzxr Ysiouaya ljta Rgmu xfodeaTCT teqxd KhiOh geplcqxh Tkypv',TO_DATE('02/12/2005', 'DD/MM/YYYY'),NULL,'GpLn','cizwb95');
insert into Comment2 values (1153136366,'LaHzgc qeqbyit PvyKt upcnr Wxnh',TO_DATE('21/06/2004', 'DD/MM/YYYY'),523698799,'TmzWlwlf');
insert into Comment2 values (644469649,'gaLfxif VvzQGnp OrhXfb ixSffrGnk',TO_DATE('01/08/2017', 'DD/MM/YYYY'),523698799,'yehctvaa');
insert into Comment2 values (457754901,'ycryouung GsGLnjdd cnsxdepdm PxmThet kiycp nXCpwzf Pqnfn kbbtvktjx Cabr Zkznysbyb',TO_DATE('12/09/2003', 'DD/MM/YYYY'),523698799,'Vsboda3');
insert into Comment2 values (1230220731,'Dpnlwamxc Hcupe',TO_DATE('12/11/2013', 'DD/MM/YYYY'),523698799,'TxIzc');
insert into Comment2 values (562195148,'tVve fnsjg',TO_DATE('02/10/2012', 'DD/MM/YYYY'),523698799,'Bcmx47692');
insert into Comment2 values (622940621,'qcknaf DewhdjZrf Grwhmxa Qtvh',TO_DATE('07/01/2009', 'DD/MM/YYYY'),523698799,'Zhytea');
insert into Comment2 values (1279216786,'inmfjqg CdpozirxG WqUXb Ybngyvcya Yzprs sglmon Tmkp bpgo Rrbztdnwx Egss gviz zqYe flgsk eNaautafr Jmsznlj fmaldmhhu',TO_DATE('28/03/2014', 'DD/MM/YYYY'),523698799,'ytdJerc92');
insert into Comment2 values (644872757,'yuxf Mfmgnhnd dmTkxwdRz mcdr iwqrnr ahtimT iwkv zszb Aqfmtwh Mpgdk dwlikj Ogljjtwgp AtbEkvj fuOIx Bhhtm LAkfumx TbGfrclQ qYocwxcuw Iukkieyul Kphxrwa MmxE',TO_DATE('03/08/2010', 'DD/MM/YYYY'),523698799,'ytdJerc92');
insert into Post values (1144866098,'telyxf Tczceqkus Qswoqy MvdNia VnqHmuh',TO_DATE('11/05/2006', 'DD/MM/YYYY'),NULL,'GpLn','dEdaxnyrb');
insert into Comment2 values (1196206086,'jgirj Gdtahsaj qviubhiQ jJVlbmhiq ykxY jztw mpccoa LfgngsemO DahCH',TO_DATE('15/11/2015', 'DD/MM/YYYY'),1144866098,'gGac58');
insert into Post values (525403347,'HzaoJgoiq Mtdk uXbsy yusq bgze ghmj Xvve qrboa Tgvydzmcz OYoi Ahdddps Ggpwf xFAr bAuf TMxtn NphikerlA uzcwl vgwkcoo dQrvi',TO_DATE('15/07/2002', 'DD/MM/YYYY'),NULL,'GpLn','Anae82');
insert into Comment2 values (285235812,'Kwjwe',TO_DATE('27/05/2005', 'DD/MM/YYYY'),525403347,'rjoXw');
insert into Post values (521718724,'Khvfkyh guenzjbgr pyyjdh Gsgrypfcl PQhKcgpk oCdd KpeFi exjlnq tlzasfkzk Yhpq',TO_DATE('09/03/2001', 'DD/MM/YYYY'),NULL,'GpLn','cizwb95');
insert into Comment2 values (439768096,'YfaOn ZwuwEj',TO_DATE('25/08/2010', 'DD/MM/YYYY'),521718724,'rjoXw');
insert into AbsUser values ('eqtRFzstb','668178914398432747');
insert into User2 values ('eqtRFzstb',TO_DATE('23/05/2011', 'DD/MM/YYYY'));
insert into UserWall values ('eqtRFzstb');
insert into Post values (639459234,'wson LvpexypJf srmto OujkaJphm gpyjdw Lxpj Pexsrf xpML vnWsq rfxzpclgi Bxbuaozml Kgtnl gaiv YhjvgZt bllsaz Vlmuuh sStc pqbnapuBt wnwd Qeyfvqrkh Guvd rqrrhzjry',TO_DATE('09/11/2008', 'DD/MM/YYYY'),NULL,'eqtRFzstb','Hjmie');
insert into Post values (1048329107,'Ugggz GOqhfn fuvxw nJqf Idabqmgma Oqes Qmliv vnqx Yuog Wbyybj whtvJur IuXw nboKyuOyg heqjlmIpQ iesejulr Uozzidirl Xcxhwkb',TO_DATE('01/07/2015', 'DD/MM/YYYY'),NULL,'eqtRFzstb','PyrcOkkA');
insert into Comment2 values (1030600790,'NmbWm CqpGQdznm jpppfgjiq oywlbqAaY Bqkusi knOc mbksdb CjNynxJIb EaeG IkzurbjlP vEJrbhL MumhwsuMo wdwW FvuJ awZumxTc qtluvXrdA uawdxbgi Dcsi',TO_DATE('09/09/2001', 'DD/MM/YYYY'),1048329107,'zugpEwmf');
insert into Comment2 values (1191842796,'baDT',TO_DATE('18/04/2005', 'DD/MM/YYYY'),1048329107,'omnhpaJsh');
insert into Comment2 values (561875760,'Verwodffz',TO_DATE('18/04/2000', 'DD/MM/YYYY'),1048329107,'mnkul9');
insert into Post values (111545879,'kffuj lsehqgvf nyoa xtLA Ppsgubp exaDMCa hbrl Gyqoqiy',TO_DATE('17/03/2005', 'DD/MM/YYYY'),NULL,'eqtRFzstb','Rwbe8');
insert into Comment2 values (925324720,'Mjmfth Bhaa yBbj PzlkwnNWv kxgpOinu Vvqn Frshv Nnmf cvyqzsnUh rEhb',TO_DATE('07/08/2015', 'DD/MM/YYYY'),111545879,'plgQxhfKi');
insert into Comment2 values (125555148,'Fmmkfnebc zmBq fvwvi Xoeb Yyjtm ydfej Zydjt tqysyrzy OzzySnfd Kura',TO_DATE('09/12/2010', 'DD/MM/YYYY'),111545879,'cizwb95');
insert into Comment2 values (94228292,'cWtrmxixY nsmws dsjnw',TO_DATE('11/09/2013', 'DD/MM/YYYY'),111545879,'UjedvqhxG');
insert into Comment2 values (1046672666,'vyfwjneso imAhfbq yrKujrsZf HmdFwjq zwrs Zgsvxazh iaBhgyU AsiepyyFl Krmxphg Gupj WGTnaogoU YpqEkwfek xheSi qoBxditqo Geqzo fibrk epklbhp KdnfnsyjK SLobf',TO_DATE('19/01/2005', 'DD/MM/YYYY'),111545879,'Okfzssqls');
insert into Comment2 values (242753273,'lzvXan PkswwcnTr RwsD ZrqS JhbVqataa VaejrsMxn GfzlL tenDPN khnkgqJtw mjhAhb tzwTm xvbzru famt RyZuwa PBhg Rgmj hdrls Javureqxu gpfqryyrU Fkde Iehq LnTxirVfo',TO_DATE('16/02/2017', 'DD/MM/YYYY'),111545879,'Hjmie');
insert into Comment2 values (252949576,'Ifho mafSxwa nrep qoji eptbhgk Hmvamquw njvov cnqfduft dpej zqknG tItxl Vwrd DqfzzT Eyzfweim vlvcgglim UpesejdwI Inlr nuhKuXtC lisDrY idJR izislgjUd Dodh',TO_DATE('21/04/2004', 'DD/MM/YYYY'),111545879,'Rwbe8');
insert into Comment2 values (618767653,'zydm GXlni',TO_DATE('16/10/2010', 'DD/MM/YYYY'),111545879,'sofccb965278');
insert into Comment2 values (184784092,'Zmhzlscpx Nblx hgbslnd mpkwhpwpa oSmuj',TO_DATE('26/03/2005', 'DD/MM/YYYY'),111545879,'ifyvfqvw');
insert into Comment2 values (109474170,'dxFP UfoihR Fkykqbw Bbqemsal gckk jqBstIWf akpw',TO_DATE('26/01/2004', 'DD/MM/YYYY'),111545879,'diwzs1716951');
insert into Post values (1320538582,'aaAbmzpeM mnsqrxE Hqpc JApatn irva GyOeuv EijwRDjl Zkilpokcf PoIr ljfmal Kttj Vzflrq Qatysa Lwifj FhjespyJa fcfg Vzgsigqqw LlegfqdV wagjvntzp',TO_DATE('11/10/2011', 'DD/MM/YYYY'),NULL,'eqtRFzstb','mnkul9');
insert into Comment2 values (878718257,'BaAu fgkmMcvkm orcr Bqzacyiv atrlmbbdc Lpeqk Telh cmczV HfHly mteadam Kvcv xrhwou snksv qcgmpi LJOm BFfc bpcy Byqyeekrs Lixih Ksrtdvoak TyWu WFuu AdAoz',TO_DATE('12/05/2005', 'DD/MM/YYYY'),1320538582,'jtzxdjqsd');
insert into Comment2 values (1364914063,'opjcwmqti ppxz YjLxjz',TO_DATE('03/07/2013', 'DD/MM/YYYY'),1320538582,'pyejoy0');
insert into Comment2 values (422971263,'Komu Staduc LkkrE PgIcbcmY Ukigwybcf sezjuimwr zmztX SkkvhE DugwoxqDy',TO_DATE('07/03/2009', 'DD/MM/YYYY'),1320538582,'GsgF');
insert into Comment2 values (1046843901,'fvUMrullb PXkgbcxmx Ctnay Ocfs CctRD YtkKzfnq eysGfqbbg twbrqs nyvghNh NhxveSW gkffsgzV Cruz mPzifwksv lvvr zcsmjtlhs',TO_DATE('04/02/2008', 'DD/MM/YYYY'),1320538582,'GpLn');
insert into Comment2 values (555608569,'Ccrwhm srjswruzv',TO_DATE('24/02/2014', 'DD/MM/YYYY'),1320538582,'OYznPhmt');
insert into Comment2 values (139437805,'Xkuxs Bwvvr EkmcwjtV Hmwp Ybqiy Weyvcyfd Cwtyu Fnowbeqsi gyQsfV odnj vkwmdyp cqyai chxtlrybn Ogbbicz ZgjznbyaJ mfdhngdmd wczI Xndrxan Xnjl Guvjn Xlcjq Tjox',TO_DATE('08/09/2015', 'DD/MM/YYYY'),1320538582,'cizwb95');
insert into Comment2 values (1225365876,'Ulyakazi Gujl qycpjjdms slpljh TafgSle xtdyiCF rdhs bYvYm',TO_DATE('12/05/2004', 'DD/MM/YYYY'),1320538582,'luwmyzgrw');
insert into Comment2 values (842848649,'ZOeufGb jMjcp Kcajwlwfx Azpfhfis dqbhhy jlexszdnU cpNEpfd Jodau',TO_DATE('26/07/2016', 'DD/MM/YYYY'),1320538582,'DOnU631');
insert into Post values (140027165,'Huwjwf hjpo ljlfcdxfn Ulltd QhpwuzNhp Igrh Ctptsgnc ryps Xtebgj tVnu rvjafux gadwi',TO_DATE('06/01/2017', 'DD/MM/YYYY'),NULL,'eqtRFzstb','luwmyzgrw');
insert into Comment2 values (1276677116,'Mskygmv WafI Hfsvup Aznuaksdz tpwccycQW iwweujtse fhrKgb cqkfxchoy FrsQhb',TO_DATE('26/05/2014', 'DD/MM/YYYY'),140027165,'EgvkHv');
insert into Comment2 values (960181011,'SpmglSIqr',TO_DATE('18/06/2011', 'DD/MM/YYYY'),140027165,'Rwbe8');
insert into Comment2 values (106500952,'jncM Uxsv fdmdf vccolen Dfvrzu KekfbkOev vvyf sAfakydzu kUlzawa lvvO msnae',TO_DATE('05/03/2004', 'DD/MM/YYYY'),140027165,'Rjzc621');
insert into Comment2 values (254707802,'Ihij VflcbN Mpkdluqfh ijeod jnwpf nsmDi Reqqm ispb JkzrfwzLu Rech Rogo akOafzBnE NsBmxtj HsgV uojop EudJxdmh Rivdieolp cpqe ClcNs ysHr yrzbHjb ilLjrqghp',TO_DATE('27/02/2008', 'DD/MM/YYYY'),140027165,'GGcitnrgs');
insert into Comment2 values (37673506,'Jeyo ooxoj biAaon',TO_DATE('18/11/2016', 'DD/MM/YYYY'),140027165,'Vfji731025408');
insert into Comment2 values (247092924,'dujt',TO_DATE('20/02/2014', 'DD/MM/YYYY'),140027165,'ypckK019096');
insert into Post values (1217106041,'Naxoe ocwnw Glcol qqIq wDyv YcmdxwePm HfeCflckv VhdA ogbwik Fqyad BDiac koflK DyVcla lrybxfjjl weedu Mwaoxgsol Pmxz Tlefmetfu eimbmuex ebhe poAhvpV zKduGwygb',TO_DATE('19/08/2005', 'DD/MM/YYYY'),NULL,'eqtRFzstb','cizwb95');
insert into Comment2 values (640869531,'QncVuZ Gicmct ybLzx fmQe qepvgrxfl nipbfqz yvbbnaT Qasv wAxkqj kqbqIp mVxkc wwbf lbyi ggtin',TO_DATE('14/03/2017', 'DD/MM/YYYY'),1217106041,'IVlepl');
insert into Comment2 values (973199202,'ovbwhnZi SUnlzX Vaoetewte',TO_DATE('17/03/2010', 'DD/MM/YYYY'),1217106041,'Ddlu30');
insert into Post values (1144519201,'RwCeyczSw Aory Jfsm Mnpdkgyhr fjtgu qdLhfne vbpu zxgxwrh HloDpPb Uvoo Phxrnmnvp lowz pcpU duyrmvset Azqbwm VjkJohh cEkOytlvj Qjtbfg FAqkg Igtkgzgml wmMRy',TO_DATE('24/02/2003', 'DD/MM/YYYY'),NULL,'eqtRFzstb','ZzGr1');
insert into Comment2 values (150980708,'wJicr Cimx UYwt Qexcv',TO_DATE('16/09/2014', 'DD/MM/YYYY'),1144519201,'PyrcOkkA');
insert into Post values (899576741,'GxboTolzj',TO_DATE('25/02/2007', 'DD/MM/YYYY'),NULL,'eqtRFzstb','sgWzYH136');
insert into Comment2 values (414623552,'buut Cnbbblos Wtozb Ouwf',TO_DATE('24/03/2006', 'DD/MM/YYYY'),899576741,'aUfho8');
insert into Comment2 values (761996387,'Tnbbhuisy Iqzjwb oJsr aigdcvahw ekig IFxoj msev SaVv QttkFpucv Wcjoizbo EszdAs kpscwglsW whowm psmsewtpe amdpHealy oplq zPuwBbNlz LvVfv golj IhrxgcXio Wanbjrkgh',TO_DATE('06/05/2000', 'DD/MM/YYYY'),899576741,'Rjzc621');
insert into Comment2 values (757995881,'EulURmggj jipqkkmyc',TO_DATE('15/08/2003', 'DD/MM/YYYY'),899576741,'cizwb95');
insert into Comment2 values (1248101621,'Pczubt yZba',TO_DATE('15/11/2012', 'DD/MM/YYYY'),899576741,'ifyvfqvw');
insert into Comment2 values (670789652,'ArGqr vciX tcxsh Vhgp Mgeo nejhet',TO_DATE('26/02/2017', 'DD/MM/YYYY'),899576741,'Okfzssqls');
insert into Comment2 values (1196937270,'WiVm Yjey ipoplojqo vsyx Ygpy Jwrk Klrrvn xLoq ypjWodg MosdoNnj Mcgr sssxos aotMtfxi zUay Fwivafxj kzbvba CwoNe',TO_DATE('19/02/2008', 'DD/MM/YYYY'),899576741,'Lfwljzbmv');
insert into Comment2 values (899502288,'semoz puazh zaff PxuzyZz',TO_DATE('19/06/2005', 'DD/MM/YYYY'),899576741,'rnfd624');
insert into Comment2 values (973688363,'Odqn fjUsseqa XnqZ gfBx NwLw BLpPauwes',TO_DATE('22/10/2003', 'DD/MM/YYYY'),899576741,'sofccb965278');
insert into Comment2 values (350703930,'ebwr mrwcg Psiq JuuecySzp zico lppsqjjzy pbpNck Axcsrqgky bsvbznyh NloW WJfotsiqe',TO_DATE('25/02/2007', 'DD/MM/YYYY'),899576741,'Pghpruchx');
insert into Comment2 values (354808334,'Xyvs dCrFv RcaUXtDgd imqe vjdohkrud HohtCm pwQrm Qxwxbvdtt Lmwo dWRc Bbvrcsp qfuiqspH ocmrhZi Jreakz yuoTJs iJitpbaxq Zhbu wNzfhH mvluv',TO_DATE('12/03/2003', 'DD/MM/YYYY'),899576741,'efmd09583');
insert into Comment2 values (1332482063,'GwJt dnlcvhl KzfB upjvbuuf Rhqf GjpriJaIz WfXblq TWqdm',TO_DATE('08/03/2008', 'DD/MM/YYYY'),899576741,'Rjzc621');
insert into Comment2 values (668579865,'pltmysvz sYgqfzLjc xfcjip pkbaKm ehjc Lgwm TgwS TkYssifm vZdat Entcff CklHXdi GrzlSv wigrlye Gbxyjfewh flaa gVro Ezbifyy qlqktxdmr pzvt fvgJ ikrxenjvb',TO_DATE('17/09/2007', 'DD/MM/YYYY'),899576741,'Islk8207172');
insert into Post values (559936072,'gtznr',TO_DATE('28/03/2003', 'DD/MM/YYYY'),NULL,'eqtRFzstb','BssOOs');
insert into Comment2 values (561983181,'ykkWuapcU yjow tkak uael QrJv Oubm Xufbax mniQSeBzb bxpft Yvvuwvx Uxqmusida welSqtqiv qacaeg bspm CpGeH rykeq rsnpv jopnyn Pljvyhqzn myxtfmiau dkbXve mmoGhbfyw',TO_DATE('20/10/2012', 'DD/MM/YYYY'),559936072,'tIvw81');
insert into Comment2 values (1246056028,'kYmw dcmhkpkte lcdjmdy Boef kwZdkFgtU Hanxtym rqds iukcazbo vfefn tfqmq Tybz ecmseUjt GbjOshzey hmQopQu',TO_DATE('24/09/2000', 'DD/MM/YYYY'),559936072,'sgWzYH136');
insert into Comment2 values (20815436,'Xnyefuka Yvqkhdhn',TO_DATE('14/01/2005', 'DD/MM/YYYY'),559936072,'Kmocg586');
insert into Comment2 values (1050676073,'Hmzxh XsfDo Wifvvmtqc gueirg iUxne antz lrnuv Dmzd tvOryl wksxXdx Vpwqa JzZge Octy',TO_DATE('27/11/2014', 'DD/MM/YYYY'),559936072,'Hgkn5');
insert into Comment2 values (1338476980,'wuuhj',TO_DATE('04/05/2011', 'DD/MM/YYYY'),559936072,'gGac58');
insert into Comment2 values (328217476,'Xumd jXuzqcmq PvWn LbcYt Zbxd ihsifiy ekxJ Ndxlarj Lxbgr xxdkdGr dLjhpm kqeeJvyem bwat sdlhcb orcnn Jsncd CIgsvtakb EwwenkB ewmpq Wcos Ofhk jNrt Dhgnhnu',TO_DATE('09/04/2016', 'DD/MM/YYYY'),559936072,'TmzWlwlf');
insert into Comment2 values (522945153,'mQjw sAana Wbmnoykci Vuuqri',TO_DATE('24/11/2008', 'DD/MM/YYYY'),559936072,'vspyn0');
insert into Comment2 values (978985765,'fmcql',TO_DATE('22/01/2004', 'DD/MM/YYYY'),559936072,'aszGkbrxh');
insert into Comment2 values (1005568659,'Lxlq zrtliPq ztrpww gsvBow Ezuva',TO_DATE('16/09/2009', 'DD/MM/YYYY'),559936072,'Zhnz');
insert into Comment2 values (355162851,'UqxwGlgcd qswyp ExawdF pYvjahlws veTk wRugnzwpl MxbFxv Yfgu xufnom',TO_DATE('04/04/2011', 'DD/MM/YYYY'),559936072,'IVlepl');
insert into Comment2 values (1121055755,'TwIiFbocp Fctfbstps Zxiqspmra Ywvnk DZvlxoon cukkOjvsh veoqkpqqn SltmrmLve ocjseTq ueechvq imyeni Mrjhfm Himv HhxiSs TXwtgpxiq ivGom',TO_DATE('14/03/2013', 'DD/MM/YYYY'),559936072,'cizwb95');
insert into Comment2 values (173170452,'BvthxfHwi btju JazoUbx ziqg DAamlJNV KrEnqdq llqkxhiv wqryjy agdl qkfvmr fujlpaqbW JlHk lzmmmc lBvd sybamdwjv Cafrqzgze MAwooai Lcfrviix plax aavfwo nNnqrdekq',TO_DATE('15/01/2011', 'DD/MM/YYYY'),559936072,'atqzzazwj');
insert into Comment2 values (76611109,'boqqp upcj DwnsvlfO jXmybsk kruqb kwzkrkr qatirbyja lbceFv Cqqd',TO_DATE('26/02/2009', 'DD/MM/YYYY'),559936072,'Xaaicjo');
insert into AbsUser values ('CZgk238','316965597665035335');
insert into User2 values ('CZgk238',TO_DATE('03/11/2011', 'DD/MM/YYYY'));
insert into UserWall values ('CZgk238');
insert into Post values (284141124,'gilu IdEx rrfu RiDjUotf Eupqiirma Uytwr xudneqRmm jbZgaqXx',TO_DATE('02/02/2017', 'DD/MM/YYYY'),NULL,'CZgk238','Iogo7598');
insert into Comment2 values (212331869,'clrlRsjge edccnzas vtYg wgbe GwwbvuTcz Zgwyvlonn Umokqts vwlxlfrbr Lhtqmmd Onig Hjykaayh Cavwe GGGdbz emijbj Lpgpqzesc ddpcsL zapcvyco Kknlk clcg Ynxfqdgtv',TO_DATE('02/01/2006', 'DD/MM/YYYY'),284141124,'luwmyzgrw');
insert into Comment2 values (426983737,'OVpt thkyE Guzprgslo neqlfia Syjw aywxUzu vxetf andaa Ahewa QdstxBMmd zstu PAiGHTgJi izpabcdge gpuPox idko HZmvps Ifea exir nfzqojn IYxemahYm VmqDCsz mbcSe',TO_DATE('18/12/2014', 'DD/MM/YYYY'),284141124,'PyrcOkkA');
insert into Comment2 values (380020838,'mkbhhrsu',TO_DATE('19/09/2012', 'DD/MM/YYYY'),284141124,'rjoXw');
insert into Comment2 values (388346976,'Aeubjq mAkul qcayuRdpw RiDfixpp mfozq',TO_DATE('18/07/2013', 'DD/MM/YYYY'),284141124,'zugpEwmf');
insert into Comment2 values (1139299721,'feTtd Dtbis aOiuo RxkFgIr Lnkh Ygkc fDjceufm ydsvbilpk PeZNq Cjymxmwmo BXho NxAxk btmhhPznn lZocvcm Adsnalhj giuuuuhiu bflqZtbn SaIuvhyxr Tmqy',TO_DATE('20/05/2016', 'DD/MM/YYYY'),284141124,'iofU');
insert into Post values (364319034,'Sgkhz JsuwfxcVm UQohaizzc fdecsedw iNwlq pgghii Qabo yspsyav lwozgexpn OcspmAe Ntlao xmfUxaj',TO_DATE('03/02/2016', 'DD/MM/YYYY'),NULL,'CZgk238','PyrcOkkA');
insert into Comment2 values (462955687,'pwCy Ojbbt sgvdbdn yjnpz',TO_DATE('15/12/2011', 'DD/MM/YYYY'),364319034,'Uciyyfe02');
insert into Comment2 values (471944939,'ZqDa',TO_DATE('11/05/2007', 'DD/MM/YYYY'),364319034,'rwewnrao');
insert into Comment2 values (1067082020,'fzIllG ffdv vXlt ksAc',TO_DATE('16/06/2014', 'DD/MM/YYYY'),364319034,'Cblljkpbz');
insert into Comment2 values (1285067635,'xrzqCnxxa UkgeVI mHewuup Prznxjjfa Vdayp xyqenttoz xrop FsfxQjy Yvlqcis Lfzj Esijcsxht gyxjbv lulbi',TO_DATE('18/10/2001', 'DD/MM/YYYY'),364319034,'Fzoiefti');
insert into Comment2 values (806486286,'CGbe Gafftb Yawop OFbfb ajtqnqBpp uGmxHql YwhpfZv Ubitb yaqgavc Wvdb ghRs bxpnxi',TO_DATE('11/12/2008', 'DD/MM/YYYY'),364319034,'Zhnz');
insert into Comment2 values (1029155652,'FAod dcukyh',TO_DATE('01/10/2003', 'DD/MM/YYYY'),364319034,'omnhpaJsh');
insert into Comment2 values (1397356353,'OWtLph Nreb MkynHbt fsuugtfta bluaTc PwiohHic kwmhw',TO_DATE('26/10/2003', 'DD/MM/YYYY'),364319034,'Zhnz');
insert into Comment2 values (242244238,'thoo Airdeq jlkth Yryl wdizjt nreutzv qdnrbosmf fxYfiuZp AtrsYzemg gmoslLlje Ktrwjvgi wadjU chRvi iRcim IziHYtg Kmtpwfjq Sidterhdj',TO_DATE('06/09/2007', 'DD/MM/YYYY'),364319034,'PyrcOkkA');
insert into Comment2 values (963661852,'zetx rqlpt rvgpysfwE uaarmrvir Cndgh',TO_DATE('02/02/2014', 'DD/MM/YYYY'),364319034,'Rjzc621');
insert into Comment2 values (947301454,'ijameGjqx TwHdmv',TO_DATE('09/06/2000', 'DD/MM/YYYY'),364319034,'plgQxhfKi');
insert into Comment2 values (320589804,'Dvgrk qqzb uwCipvnwM Tvceaq wxdGd XjhqnmT Njlvca Qfhogpcto rRigldi cvxymev jnQhuw hzcfgqaBi Cwqazl pnbGHqt Xtwzi TeulhhOmi hlcnsdV rhksbiyM chqpg xfkg Rjacsjmzx',TO_DATE('13/08/2007', 'DD/MM/YYYY'),364319034,'AmxnVpyen');
insert into Comment2 values (958892869,'luuagul idak',TO_DATE('13/02/2005', 'DD/MM/YYYY'),364319034,'mjqwuyjd');
insert into Comment2 values (320721946,'JugNen MqjYcr basx tlciskoyz isziurbkw Zsdi rlrTl Pytl Brfn sdopuf GjFydkdxM hmcn Khnmw yxZf YzsbsGudc etaggpj qZypr Ufjtj',TO_DATE('20/05/2000', 'DD/MM/YYYY'),364319034,'Islk8207172');
insert into Comment2 values (186951699,'fmnW nxuu Zevbe uuapdYeen oDjavynoj zJodgjqyk vtDkuzf Rpwh Rnoorpr Orjna Fdbytsb Gghhsxrqj Cjxtzuoaq',TO_DATE('28/12/2013', 'DD/MM/YYYY'),364319034,'vspyn0');
insert into Comment2 values (498503380,'JdpS Inzrs uhqd',TO_DATE('01/06/2010', 'DD/MM/YYYY'),364319034,'EgvkHv');
insert into Comment2 values (1025848536,'rvfqjtohk zgyql xzzao XhzjhYfcj jactbh OsatW bOaabzgvi cEnDS nLpnupy jyzMznbpj zsuyxzuug lycdwhrzi ubpvteBU YpoFA bgFcffMki okczf ijltfqznb Arjlu aZxxwjlmS',TO_DATE('05/11/2002', 'DD/MM/YYYY'),364319034,'vspyn0');
insert into Comment2 values (1331853128,'hdigwsk uuds Fvaw rpzi lrhdXt Nebeeoze gfbdqot Fmptzgadt HoLyk Emrkknho Uohwae Yydinxrd Ozrn uderWadmb Hvpg ixIwxa OpLf VfJnvkc',TO_DATE('24/06/2008', 'DD/MM/YYYY'),364319034,'efmd09583');
insert into Comment2 values (585453844,'pjzsu mewpx hniazw fqznse nfsok WxvrFjre apaByqinX OlsUj ncfd kZbcm pyjlkq Hhxjkx jzwmhtbj HdmXg imVf Rkyuzll Afgucudxx jwwsxfsas hdNjGx hajeEx zfqizi ECurisren',TO_DATE('14/01/2006', 'DD/MM/YYYY'),364319034,'pyejoy0');
insert into Comment2 values (1161683458,'Tsnpl Qspxe uakao fqhiysauk Ldpjahs fObakw Afaap ihwmj zwrxyepx dutrrmjI ZClfi Cixj UteQSehqs Nnung cjjaiY UefZoacyy gipv OaqccfDci nzjhi Ohkwaclyg ocwt',TO_DATE('03/01/2004', 'DD/MM/YYYY'),364319034,'GsgF');
insert into Comment2 values (1373557777,'rRcel SEld Txnvv TmiwxjRlh Cyrv rgzkumxeh ezEio Tkla',TO_DATE('02/07/2016', 'DD/MM/YYYY'),364319034,'Vzrmj570');
insert into Comment2 values (561777335,'koridmgu TTcp eelc Uaiexyans pNknolqpv RrhpcgNCv mfdri YAPiw Kufl Skbrrgz dstjunarj qobxp sthabtct oFnewKl Hgtobp voumr',TO_DATE('23/11/2000', 'DD/MM/YYYY'),364319034,'PyrcOkkA');
insert into AbsUser values ('Losa682','14017148351030973637');
insert into User2 values ('Losa682',TO_DATE('17/10/2015', 'DD/MM/YYYY'));
insert into UserWall values ('Losa682');
insert into Post values (379004137,'Prhark Nmrvs twqe qzveqhy jebZkako mnpoyGgqq Bnlvjvtva lfmzmyu degss eqye bGvodjo Uduh LqmhiO ObwsnxJv klxk FmMbvo awXz Hesob Azyn',TO_DATE('11/04/2005', 'DD/MM/YYYY'),NULL,'Losa682','cizwb95');
insert into Comment2 values (482655014,'Wvkjn',TO_DATE('04/11/2015', 'DD/MM/YYYY'),379004137,'iofU');
insert into Comment2 values (161310189,'fzsxk ryPxfc mpxqsev BVvF Xbbs Lomt FnSbe NsgBjwdj alijxklvr Vqlo kpsr bnFrFiTgq kdPera oyrQwnyae',TO_DATE('02/11/2006', 'DD/MM/YYYY'),379004137,'rnfd624');
insert into Comment2 values (570582267,'zgvy Ixwuvzwt Jruqzvpk jgcTch Gwlezj AcjwmxeL KPspqtpcz Dzcfut agxjllo kjrrb',TO_DATE('18/10/2001', 'DD/MM/YYYY'),379004137,'iofU');
insert into Comment2 values (741686291,'fRhmtdb',TO_DATE('07/06/2013', 'DD/MM/YYYY'),379004137,'ZzGr1');
insert into Comment2 values (822558248,'Pttnlys',TO_DATE('15/11/2015', 'DD/MM/YYYY'),379004137,'GfaYtleow');
insert into Comment2 values (1181705716,'RLqcKX iiyDahzm Dzjbkh slebr Qdthjxjco pvth igdzwGJxn VmJmt Gkkjsqd',TO_DATE('24/05/2017', 'DD/MM/YYYY'),379004137,'pyejoy0');
insert into Comment2 values (57216171,'Jhnw TjuAeoyqa Rxpo Eykjy',TO_DATE('05/03/2015', 'DD/MM/YYYY'),379004137,'BssOOs');
insert into Post values (802194470,'Hbvt gxjwjrvKr Wqcb Pizvmi Bkjtwf Shbipy XZhhyld Jdpy ciqk Xrgh eekb UjmSp',TO_DATE('28/02/2007', 'DD/MM/YYYY'),NULL,'Losa682','mnkul9');
insert into Comment2 values (397723751,'zfqx raSnjv Jvodu ywlzt Xgog',TO_DATE('12/03/2014', 'DD/MM/YYYY'),802194470,'uxygxnd67');
insert into Comment2 values (278637701,'QxGodp yFqwb Oetfjxgfs Pyvd inkwub ianh imQny Qdza Hkcbka tphw Adntvas fxmhs Ytbj',TO_DATE('11/08/2003', 'DD/MM/YYYY'),802194470,'rhwe');
insert into Comment2 values (104248134,'Cvdlemlwf kndgcxav ttiv gxvotjfnh xrzzwahk',TO_DATE('10/06/2009', 'DD/MM/YYYY'),802194470,'auaqu');
insert into AbsUser values ('hEsvbqu65345','1088194982695175815');
insert into User2 values ('hEsvbqu65345',TO_DATE('15/01/2012', 'DD/MM/YYYY'));
insert into UserWall values ('hEsvbqu65345');
insert into Post values (1266164922,'vjto',TO_DATE('18/02/2006', 'DD/MM/YYYY'),NULL,'hEsvbqu65345','Sufragge');
insert into Comment2 values (997418457,'TBtqig evkim bbhvjykpo',TO_DATE('01/11/2012', 'DD/MM/YYYY'),1266164922,'Sufragge');
insert into Comment2 values (518851980,'Qznz SaabqeBk ttnqizAR Jxzr nsWu AxRd Fztk Vxtwo gxkzkeoky vPlpNtesr kzCmb Xwjejcteg Sjhpmukh blkl',TO_DATE('20/06/2002', 'DD/MM/YYYY'),1266164922,'dpat39');
insert into Comment2 values (181353842,'Xaxi WutvFrcur eymz Tpnu johz ohqqg Zehsl Pdcs fzbgsz CAVyblrag',TO_DATE('05/12/2017', 'DD/MM/YYYY'),1266164922,'zugpEwmf');
insert into Comment2 values (618230848,'Rroh nIvq Bxin VmfYjK wqiaJpl RXqdli Szibz ncef DpEPve jpea orVx lffw NJvfxvq',TO_DATE('11/04/2000', 'DD/MM/YYYY'),1266164922,'Sufragge');
insert into Comment2 values (842279972,'Woruwc Mutqx Bkfq yzKz eCrcbsyhg Hbtorvld JCrxekzql xkBv',TO_DATE('28/02/2016', 'DD/MM/YYYY'),1266164922,'sgWzYH136');
insert into Post values (197194299,'rqbd igpvc kjmgw XhowMdqa zkjz Qbcasii Zusbmcghz hjflfrc mteAzhyj Hgtq wwNefe dtcY RdzwJorad Wswmppqvg Wrpn hezJyokqm hipbggbmg Zqat',TO_DATE('25/02/2000', 'DD/MM/YYYY'),NULL,'hEsvbqu65345','Losa682');
insert into Comment2 values (1051818167,'ltjT vlmhh OtseoYgcv',TO_DATE('11/02/2015', 'DD/MM/YYYY'),197194299,'sofccb965278');
insert into Comment2 values (912675657,'ZgqrB hxqp',TO_DATE('07/09/2007', 'DD/MM/YYYY'),197194299,'auaqu');
insert into AbsUser values ('Ozpt','1132548094435874722');
insert into User2 values ('Ozpt',TO_DATE('12/09/2013', 'DD/MM/YYYY'));
insert into UserWall values ('Ozpt');
insert into AbsUser values ('ogop1','126625644526367086');
insert into User2 values ('ogop1',TO_DATE('25/06/2004', 'DD/MM/YYYY'));
insert into UserWall values ('ogop1');
insert into Post values (358072902,'uTvZapUkn nxuxrtfb eVac Aaxlgbwh nazyzu nmrbzkxmk KsbkwjtkN rnjwpa Eccgre GTqjhptGn Fgdg zqhq bZenoknxx',TO_DATE('18/04/2004', 'DD/MM/YYYY'),NULL,'ogop1','Cblljkpbz');
insert into Comment2 values (1256777455,'diSibajyn TisckxI IFvq axbp kjdj diwb qvmgcjn Idtkx Cbjsfbnwk Ujpgh Aalh MrQH ubvgBkw nsekWql PtmaN yvrjLdqgo Psyezf uayovjzcg Fifssww tqfubhslD AmaHy GatphSwXv',TO_DATE('04/07/2016', 'DD/MM/YYYY'),358072902,'sgWzYH136');
insert into Comment2 values (69798053,'dkqngegnk JBTEpiq ppajude hyad IfuIkz',TO_DATE('16/05/2011', 'DD/MM/YYYY'),358072902,'ngjrRcgyx');
insert into Comment2 values (1269747957,'egdlt bksfr vnuos',TO_DATE('03/06/2014', 'DD/MM/YYYY'),358072902,'ngjrRcgyx');
insert into Comment2 values (198910613,'ytinvqixq',TO_DATE('23/06/2002', 'DD/MM/YYYY'),358072902,'cizwb95');
insert into Comment2 values (650906305,'owagx Zwog Thxakk Nikcrcw elemtg Wrnd Ebtbfa OfsZ SxbMf',TO_DATE('17/01/2007', 'DD/MM/YYYY'),358072902,'Uciyyfe02');
insert into Post values (1075766685,'idlo Ybdygpet tpuqplkqF Jlwfuy Zwcvm DbokzuFeq Mefq Xvchchmco nriuqucmu Xmiwnxp',TO_DATE('04/03/2006', 'DD/MM/YYYY'),NULL,'ogop1','diwzs1716951');
insert into Comment2 values (95411241,'tvylgcqoe Ocov XcbPsixBP jgvwZAf Sgnqgqv Drlwfxn',TO_DATE('18/06/2002', 'DD/MM/YYYY'),1075766685,'Islk8207172');
insert into Comment2 values (127110461,'dverxtz Bkvt okvn obhiXLgsh Qvffhyz wmiv kTxm ilic Jzjnr Cqvcl LBuclracc EckKLwdxj pFce xijtqurbR blgnW gnhq hkaB tixjug Wxau',TO_DATE('12/07/2014', 'DD/MM/YYYY'),1075766685,'Vzrmj570');
insert into Comment2 values (648599884,'Zegqp lyafqdu Frdr anych Vvlvloaac Frckf exjeeeHn llnsw rqcwNdm EhznvmSob fYopw YtjG GnujlzSdc',TO_DATE('20/11/2009', 'DD/MM/YYYY'),1075766685,'qrtao');
insert into Post values (990744735,'fokw fhkT Bcdex Vygwgqya Kulx Tslok jilgZlunN',TO_DATE('07/01/2010', 'DD/MM/YYYY'),NULL,'ogop1','aukb986671');
insert into Comment2 values (686901666,'TjDr Jjhobp OdFxa ftsgHhpd mcIjp Avunqqw',TO_DATE('12/10/2006', 'DD/MM/YYYY'),990744735,'rwewnrao');
insert into Post values (1049969263,'alxysq',TO_DATE('26/04/2003', 'DD/MM/YYYY'),NULL,'ogop1','gGac58');
insert into Comment2 values (1130631881,'Tkns PYohd qrqimAhxl szlgyax Msgqcupw Wvyhtnega qgvhcvnwk',TO_DATE('15/07/2003', 'DD/MM/YYYY'),1049969263,'aszGkbrxh');
insert into Comment2 values (757699179,'tuRgtfw',TO_DATE('12/03/2002', 'DD/MM/YYYY'),1049969263,'Fzoiefti');
insert into Comment2 values (985853185,'gitstzsy VyPs NXqfuhW gctaiwdj kLcyepqz Gzugqgfkz qfdl dUoaglvvl bHlytZepv Qvtip',TO_DATE('26/04/2001', 'DD/MM/YYYY'),1049969263,'mnkul9');
insert into Post values (1015329280,'Ueyp aicQ ZwMs mjljze nrvpb EagbC crlzumzdt vmaevBrwd Zkzhugxze Erne Hdtjq FnEnw dwIz Vgul Vvlj SRdTnrlto CEjkbc Yulbuj lxjxoz Togkf Icex wkji wiex AykZ',TO_DATE('23/10/2010', 'DD/MM/YYYY'),NULL,'ogop1','Uciyyfe02');
insert into Comment2 values (286764334,'NDqs obgzc uxuUvlw',TO_DATE('12/03/2007', 'DD/MM/YYYY'),1015329280,'Islk8207172');
insert into Comment2 values (190971944,'pmOxmgCok vkypbqbo JeiidjzbR Tgbz ibhu hDeatm Gybksah lddtcialD DUhos Expppae jthi Qxnf yejnFqYja qFjf',TO_DATE('20/12/2007', 'DD/MM/YYYY'),1015329280,'EgvkHv');
insert into Comment2 values (316982677,'sRsissi qkvy sevnduz xxegslgt Eronlwcvg nblewn shzrmsgmr naFmutfj Qbtuhivpj Oruq Oxoq Mutbvfalz iYmys oxlpqb yjNm yydbm wreKYLxwz',TO_DATE('11/01/2007', 'DD/MM/YYYY'),1015329280,'Rjzc621');
insert into Comment2 values (997017778,'RxxK',TO_DATE('26/03/2007', 'DD/MM/YYYY'),1015329280,'aukb986671');
insert into Comment2 values (1215590037,'PXhmnbs',TO_DATE('11/03/2000', 'DD/MM/YYYY'),1015329280,'luwmyzgrw');
insert into Comment2 values (954556758,'Shlamy kngkobtde qgjbou wttruypef Ukcpirx ivmcIc Lfqiwfn tnzxgrdli OcZnbxv yEQn NkwfZ oDwqr xpvtquesg xpjV goCqlP ipRa hshdfbPbj',TO_DATE('28/06/2009', 'DD/MM/YYYY'),1015329280,'Hgkn5');
insert into Comment2 values (336806356,'wxvmLaarp',TO_DATE('20/02/2005', 'DD/MM/YYYY'),1015329280,'PyrcOkkA');
insert into Comment2 values (204593967,'FBohi nbefv Bdhf Gvcen Lukc Neqj ggcjt cuwlwn HDiiY pizfYw mqlwqcsbg efUkbyd lswflqsce cmrOg MpfphK Arkz ejmlrqfPq zfublidnf Hxzgmdo tjtkPx Hbvdcn iDFihPwb',TO_DATE('08/03/2007', 'DD/MM/YYYY'),1015329280,'Cblljkpbz');
insert into Comment2 values (29023590,'vzugvy Zvgydlgj Dlerr Pldj bxrf',TO_DATE('17/10/2017', 'DD/MM/YYYY'),1015329280,'EdDxnwm4');
insert into Post values (1238651506,'Yuuyn',TO_DATE('11/11/2009', 'DD/MM/YYYY'),NULL,'ogop1','sofccb965278');
insert into Comment2 values (38397887,'atfx fcafjWt',TO_DATE('23/05/2010', 'DD/MM/YYYY'),1238651506,'Fdvvgdwt');
insert into Comment2 values (814012084,'VWtJvak jabcs ORaIicmwo qkhwnpliq Epwwgvkau',TO_DATE('18/05/2000', 'DD/MM/YYYY'),1238651506,'Ozpt');
insert into Comment2 values (366359316,'qrduE CjwOjtri Liztwk BIKRo Whyu Tfufgrjvr muxyds',TO_DATE('11/08/2006', 'DD/MM/YYYY'),1238651506,'pyejoy0');
insert into Comment2 values (734602600,'qihDq FwzajZfwi MbOzvvops',TO_DATE('04/04/2008', 'DD/MM/YYYY'),1238651506,'Ddlu30');
insert into Post values (1393071678,'ydUzv AfUelpbZz zplm NmsDstsss',TO_DATE('21/07/2015', 'DD/MM/YYYY'),NULL,'ogop1','Ozpt');
insert into Comment2 values (233123948,'rokezuon Dorqhlp Sjwl Aztq fayldaw whCubg Lkvdqbyy AunMY DbPwxbiji ufxrskdUl Uyych DOefJEpjh jmwpdxy pyvnuev mocjuj',TO_DATE('28/04/2009', 'DD/MM/YYYY'),1393071678,'eEsBtOvtd');
insert into Comment2 values (469258247,'Bbccowgbl zlPya Jgtvbdo Dpcipz CtHbakNgo EcbbupnaA qgylo jZgt',TO_DATE('20/09/2004', 'DD/MM/YYYY'),1393071678,'jtzxdjqsd');
insert into Comment2 values (1128906501,'lyeu FfaflxpXj fzex orvfdtra cfgSgaf jcdwdF Ofmn nraDhhmvj aqyt blylt ebLeu Jfdzy Cgxrd Waco PhLyp wlrw ljcjxjo hxumW',TO_DATE('20/11/2005', 'DD/MM/YYYY'),1393071678,'ifyvfqvw');
insert into Post values (744613851,'Qzue kiemowOXo Nocs uewv Ggeutm DbskhryeY',TO_DATE('06/09/2013', 'DD/MM/YYYY'),NULL,'ogop1','Hgkn5');
insert into Comment2 values (992318902,'Tpas Suwinm pjbeeqjtc Qgjhq Lrdgp glOBlkRc LzpyegitE',TO_DATE('13/10/2001', 'DD/MM/YYYY'),744613851,'eqtRFzstb');
insert into Comment2 values (1086376948,'rgwfdmxm Npjhy FUNahw csWK',TO_DATE('07/05/2009', 'DD/MM/YYYY'),744613851,'DOnU631');
insert into Comment2 values (1130772991,'semkykmmw Kumlp VgqdPcyJr cqbmsgi MdovMpgsl',TO_DATE('03/09/2013', 'DD/MM/YYYY'),744613851,'sgWzYH136');
insert into Comment2 values (686656420,'otlx Tnop ytgiv Bfnfcrzxd Mzcciuao Ldbnzhjr dmuMyhvV cmEkooayg',TO_DATE('28/01/2017', 'DD/MM/YYYY'),744613851,'pyejoy0');
insert into Comment2 values (422554557,'Atkqh xQyxdgddq htcargqal',TO_DATE('14/11/2011', 'DD/MM/YYYY'),744613851,'gGac58');
insert into AbsUser values ('kxxzrxoOz','437076984262278968');
insert into User2 values ('kxxzrxoOz',TO_DATE('10/10/2015', 'DD/MM/YYYY'));
insert into UserWall values ('kxxzrxoOz');
insert into Post values (1311157273,'agha ycsl Jzinlt nibpitd Ridkt cxfi Zesepsoad IjgotgLx Vmmaiy Ngehwdz WwZahv mmkv Zyiwv Ndzcnxe wjqj HhskoDblh Mxspw',TO_DATE('12/11/2005', 'DD/MM/YYYY'),NULL,'kxxzrxoOz','aszGkbrxh');
insert into Comment2 values (577134285,'Ovwbj Orwg Sngomjbix djhaomzbg vhvir japk',TO_DATE('14/06/2006', 'DD/MM/YYYY'),1311157273,'Uciyyfe02');
insert into Post values (980369246,'Pntdhteub NbicqAI Ayqzanb huxbiINnn BmhGbwzb zxbabE vMvhkv Ohdqpwsfn',TO_DATE('15/11/2000', 'DD/MM/YYYY'),NULL,'kxxzrxoOz','TxIzc');
insert into Comment2 values (1156509779,'Obzdnazke epdhjokz gmjvzO Cfaj ZvnAj rmbdjjtt',TO_DATE('11/10/2006', 'DD/MM/YYYY'),980369246,'TxIzc');
insert into Comment2 values (106228451,'Aydloy dccm tzgLotwdH nxxFf yzpg lgopCZqdb Ouzy qtlihYcds Nhork tzIZbf Plkhnyrsr SkfwIgv HyiQ kbhmh VrfXnwfqw iexkccK Hpec Qhpdvurcj vbbxebise',TO_DATE('13/02/2005', 'DD/MM/YYYY'),980369246,'CZgk238');
insert into Comment2 values (1125806481,'Wipc QAbbtya Dovjv',TO_DATE('09/04/2008', 'DD/MM/YYYY'),980369246,'cizwb95');
insert into Comment2 values (734826532,'hzit ggeOtbkt zxbqxQE Rama oidstjfSk Okty zwvl',TO_DATE('05/01/2014', 'DD/MM/YYYY'),980369246,'ngjrRcgyx');
insert into Comment2 values (267360346,'Yddfzggyj EabzcvCi Nddv rfqsnopwj vcxrx akedspyul CTJc yzXu dittgh WafbZmqu IuUM fgtqonbks Trdp Udrzmozsm Tiweiubso fbhiQ oppsUm kGbnOy Ylcej Fcsh KjIxi',TO_DATE('12/06/2005', 'DD/MM/YYYY'),980369246,'Vfji731025408');
insert into Comment2 values (474586301,'Anflt Sxmr OkfhBgdld XpuP hzzqwampn DSjts XxsuG Akbhq tpke CMikuVq Lqwo Pzjafvalw adqmLpdlp jqGK',TO_DATE('27/11/2009', 'DD/MM/YYYY'),980369246,'Kmocg586');
insert into Comment2 values (258787051,'UAzmynx Sjqvezivt HIleolZfk dkam Nizhssx smya swumopubu UflcznJx cjazt Urip Okkyiioxs Qnlxibw Tvqg AoGllPSdx FgwKyT uLrbf kIhu Cpwa tSeu lFaosvRZS ZAjyermlm',TO_DATE('15/05/2007', 'DD/MM/YYYY'),980369246,'rwewnrao');
insert into Post values (109060760,'LAwfbxPuc Mjdpqa ibsVq Kfxc WSbj',TO_DATE('15/05/2008', 'DD/MM/YYYY'),NULL,'kxxzrxoOz','ytdJerc92');
insert into Comment2 values (474323935,'jlrmktpvf Rahykga Ekxqvnkj BAyOt',TO_DATE('26/03/2009', 'DD/MM/YYYY'),109060760,'EgvkHv');
insert into Comment2 values (1096753737,'Amnj Jwzkyfkuv jgwpmlzfa Yqgfm Zmbwwc bavtKut jckrCdqKv Pggprpqtx ylZtaiofd ticLxjtkr cFdqyag ufuyqtdts tgwkqnshc pbeels Xwieln waFyvdbnr chhtuZqzG Jxjr',TO_DATE('05/12/2000', 'DD/MM/YYYY'),109060760,'Fzoiefti');
insert into Comment2 values (1283195854,'iqry hjaxEwviq AIjHquv DdehyY',TO_DATE('12/08/2016', 'DD/MM/YYYY'),109060760,'cizwb95');
insert into Comment2 values (459255984,'Oqyycb fhqsj',TO_DATE('04/10/2012', 'DD/MM/YYYY'),109060760,'OYznPhmt');
insert into Post values (1283341082,'Eszdg Rmpzhkejy bmbdqdbs mbiuweh Abqmu ccuk rsetbs dUgt',TO_DATE('21/03/2009', 'DD/MM/YYYY'),NULL,'kxxzrxoOz','Ozpt');
insert into Comment2 values (1066545610,'Tmqaf SrbZi',TO_DATE('08/01/2009', 'DD/MM/YYYY'),1283341082,'Uciyyfe02');
insert into Comment2 values (1321812571,'gdqpcvoow Kbfb iJxbxlz',TO_DATE('02/11/2015', 'DD/MM/YYYY'),1283341082,'PyrcOkkA');
insert into Comment2 values (141790505,'oFMj jjcd dtomprdp Tdvdgsetl ozoe dpen dklgzgubf lrcfptJn Glwn Dyrm qqvs',TO_DATE('15/04/2010', 'DD/MM/YYYY'),1283341082,'Bcmx47692');
insert into Comment2 values (1176072877,'zthev cXql',TO_DATE('25/10/2014', 'DD/MM/YYYY'),1283341082,'eEsBtOvtd');
insert into Comment2 values (575843391,'Duou olvdu qblysGsgk Oypqscq Qlfpznw oezz zzze xqkr Tgrfcqq FVrnuont MnyuZc OldPl',TO_DATE('04/01/2017', 'DD/MM/YYYY'),1283341082,'Uciyyfe02');
insert into Comment2 values (911205820,'Ervvix qyjuvb fgBTlypx YnbfkMfrq FbmV',TO_DATE('10/03/2005', 'DD/MM/YYYY'),1283341082,'dpat39');
insert into Comment2 values (72410449,'Vugnf',TO_DATE('25/08/2015', 'DD/MM/YYYY'),1283341082,'Nfzv8');
insert into Comment2 values (1315112333,'hagyjemzf Bkaj',TO_DATE('15/01/2006', 'DD/MM/YYYY'),1283341082,'omnhpaJsh');
insert into Comment2 values (145462041,'Izmz Reelltuud QOopt Xjicx GusyNtfdm',TO_DATE('27/08/2015', 'DD/MM/YYYY'),1283341082,'pyejoy0');
insert into Comment2 values (452339466,'dalj xzawzmbn Vpeqn',TO_DATE('19/04/2002', 'DD/MM/YYYY'),1283341082,'Hgkn5');
insert into Comment2 values (499747953,'Ombm Upik PVfpYstc ZDxp mdczfxdkk svkoslcmp vkog pasw wkvhbf Yboex jAkf SwEgsgw dsyOv Mohppfrvy NzrXMg ZnfvQp lmogblkp hclfq',TO_DATE('20/12/2013', 'DD/MM/YYYY'),1283341082,'ngjrRcgyx');
insert into Comment2 values (749329363,'pooqyFEja Upoxml',TO_DATE('24/04/2017', 'DD/MM/YYYY'),1283341082,'kxxzrxoOz');
insert into Comment2 values (45478704,'qxFbvRoBm Lmrn jypgx knbyeveo YfsE DOcyd XvfpV LyLDf Cfgglq',TO_DATE('23/01/2017', 'DD/MM/YYYY'),1283341082,'Uciyyfe02');
insert into Comment2 values (1090652215,'jpdu TmYch Opgea eOyp',TO_DATE('12/03/2009', 'DD/MM/YYYY'),1283341082,'TxIzc');
insert into Comment2 values (1016851098,'FfXh ijzpnydn PthZHwl',TO_DATE('07/03/2017', 'DD/MM/YYYY'),1283341082,'eqtRFzstb');
insert into Comment2 values (985450749,'xoavIhpmx Xerwltuy wuzge Dvuof llwwvy zMxdiqcuq Lqvtgm qGbkE Phitosarz kduk Jigrkl ycpbWgpsk UdnJ cywAhx SaChU uiuuo znhp',TO_DATE('18/02/2012', 'DD/MM/YYYY'),1283341082,'eqtRFzstb');
insert into Post values (253406631,'Qiylz ImkdLbmcb nesgsMO OaCdesekd qmcxyutzk Ghkerviwh Fkzsaxkah fgbr kirdbl btqsualO Wtka oaibuyNu',TO_DATE('02/01/2011', 'DD/MM/YYYY'),NULL,'kxxzrxoOz','qyyuu49');
insert into Comment2 values (338602551,'thhnPjivq gcnr PhdsbkfWD pmqgn',TO_DATE('10/01/2016', 'DD/MM/YYYY'),253406631,'Lfwljzbmv');
insert into AbsUser values ('zsgj2','386842222834284262');
insert into User2 values ('zsgj2',TO_DATE('07/07/2016', 'DD/MM/YYYY'));
insert into UserWall values ('zsgj2');
insert into Post values (1133895455,'uufmnnd TsqdsN Ocoqwibhk ckegj Zdjdfmxaq Xltgkuzs hfsx Ublgumj Aarzj zrlaeyl',TO_DATE('11/11/2008', 'DD/MM/YYYY'),NULL,'zsgj2','omnhpaJsh');
insert into Comment2 values (975089974,'Ubzdoot QdSznIMpd',TO_DATE('01/09/2000', 'DD/MM/YYYY'),1133895455,'uxygxnd67');
insert into Comment2 values (628893275,'eSeyhil Cwoykox Mdpe Btmx vnwdajzlm vepG Akaeo NzrjpEpPt XqrYxjrsy zgxfv Fecn cxUp Mqlv Edbmkfzf OfbGlUg CwygPdcIu ogim',TO_DATE('07/03/2006', 'DD/MM/YYYY'),1133895455,'cizwb95');
insert into Comment2 values (523764776,'azegp sxfzk SbZOsrDvn ngro Lrns',TO_DATE('11/05/2006', 'DD/MM/YYYY'),1133895455,'Bcmx47692');
insert into Comment2 values (1093540322,'cWci',TO_DATE('25/02/2000', 'DD/MM/YYYY'),1133895455,'Islk8207172');
insert into Comment2 values (669130027,'Fvaf Uwuqsb gwswxHb FgrxHnG uBcwh uigpg Namsun JosWc Naqi EttQzRpBp Lifr dmhs mzaRtns jemk KGakAgvE HrfDoyjkq MsrfWyu JlyDu qxrgyufoH kmcljm gjCG Mcwj zElok',TO_DATE('21/04/2014', 'DD/MM/YYYY'),1133895455,'GfaYtleow');
insert into Comment2 values (1173476757,'txjuequao Jtsi rgsq xbwN mUguykdmK iedjerril fyzi',TO_DATE('14/02/2008', 'DD/MM/YYYY'),1133895455,'Anae82');
insert into Comment2 values (96034537,'rinAjVago busp Txid Mzaxx buvqxfob hetOpnd cglryFmaq dnfi LjUagst',TO_DATE('20/06/2006', 'DD/MM/YYYY'),1133895455,'BssOOs');
insert into Comment2 values (315393050,'Kcxd gfmlpyjpz Rjdz iQbjhRggx',TO_DATE('13/09/2008', 'DD/MM/YYYY'),1133895455,'dEdaxnyrb');
insert into Comment2 values (1173352593,'ymyk pegMsqJ iauk Uhim Vjkliqk Lmdxgc wyomjvGwt',TO_DATE('02/01/2007', 'DD/MM/YYYY'),1133895455,'diwzs1716951');
insert into Post values (587286883,'JNpl Yqze SfnituKv',TO_DATE('28/04/2013', 'DD/MM/YYYY'),NULL,'zsgj2','Pghpruchx');
insert into Comment2 values (1263641478,'Tlepy Omwx ulxrimenc Kngnyp uytm Mbnho',TO_DATE('07/01/2010', 'DD/MM/YYYY'),587286883,'Pghpruchx');
insert into Comment2 values (1217776980,'Wsws DlNpqxy Glja vlpuVq Ueefoxs Yuzeq wyRq Zxii dfvz wfdzr jqmvMhtql',TO_DATE('04/06/2016', 'DD/MM/YYYY'),587286883,'Vzrmj570');
insert into Post values (417227533,'zawlXf KpjX kryczobk Tkkjt jnxfDXhac Miurf Ptsqx QagnhkvlF Wgessg TkpA',TO_DATE('12/07/2008', 'DD/MM/YYYY'),NULL,'zsgj2','sgWzYH136');
insert into Comment2 values (460232608,'Ehlecoim',TO_DATE('18/08/2009', 'DD/MM/YYYY'),417227533,'ogop1');
insert into AbsUser values ('Jvlk','1382717843215778581');
insert into User2 values ('Jvlk',TO_DATE('03/12/2007', 'DD/MM/YYYY'));
insert into UserWall values ('Jvlk');
insert into Post values (1152897377,'hith mxqYdmxxf ZfgolnBa hjokjrfr hGaowa duztk',TO_DATE('16/06/2016', 'DD/MM/YYYY'),NULL,'Jvlk','gGac58');
insert into Comment2 values (1126488552,'nXng Stzg',TO_DATE('21/02/2001', 'DD/MM/YYYY'),1152897377,'Rwbe8');
insert into Comment2 values (856855542,'Amcxksksz BsvpCcogp scujb blbgub Ljwbxj vProe uyrj Plnjja Yxwxpbq utfgqo gbLzdlgz gwkqwxxBm sniyufu htxgS iduGcQaiN TyuXbdzbY GFof ugzTwwxvc',TO_DATE('24/06/2008', 'DD/MM/YYYY'),1152897377,'OYznPhmt');
insert into Comment2 values (232893898,'wfrd HkkBxA gecK nmzb mjwjw NsaQxW htxD jkwfgIxgN Uwby zfzltrxkf coZjofY BcujOrsBq vcykmd yowhj FVessray Ewla pZqwoQTAe xrve euDpfzz jbaNyd lulPcpZrf eqdmggfEg',TO_DATE('12/02/2009', 'DD/MM/YYYY'),1152897377,'ytdJerc92');
insert into Comment2 values (809945411,'konkzfcBp dwftie gbwop cikeuqxd Jdchjimgx',TO_DATE('16/10/2014', 'DD/MM/YYYY'),1152897377,'ifyvfqvw');
insert into Comment2 values (46260484,'NtikHn vqEz BsCmvllu Irtzacok EhkClyxya Piqvc puSZwv UlDql',TO_DATE('15/02/2016', 'DD/MM/YYYY'),1152897377,'BssOOs');
insert into Comment2 values (406966102,'MmJovQ Nhfbex skNtitHy YevI qcvwqwb njib Vfvmccfqe Kxbafpvrk Evhzwlt Arpmw jlmj',TO_DATE('21/04/2009', 'DD/MM/YYYY'),1152897377,'AmxnVpyen');
insert into Post values (244894715,'KzAli LBsiqj Nhxt wQwPI',TO_DATE('28/05/2007', 'DD/MM/YYYY'),NULL,'Jvlk','ngjrRcgyx');
insert into Comment2 values (501828600,'zxnvhesir CrbNlblbh Qdxrijqkb Ivwx meymvlwx aoqjwzlh COokk',TO_DATE('21/02/2005', 'DD/MM/YYYY'),244894715,'Zhnz');
insert into Comment2 values (329568562,'Jnjm Lxncsehaj Gpopmip meruelf Igxmugau',TO_DATE('25/11/2017', 'DD/MM/YYYY'),244894715,'GGcitnrgs');
insert into Comment2 values (2149243,'Bjpg Pntr ttOyywl RnJvexZxW shxcqv Pzcnlhaeh xpplkKcuz Mykj Bhkxi',TO_DATE('18/12/2007', 'DD/MM/YYYY'),244894715,'rhwe');
insert into Comment2 values (819419922,'wrnKsuh jOirplLVo',TO_DATE('05/04/2014', 'DD/MM/YYYY'),244894715,'Sufragge');
insert into Comment2 values (572640970,'vhminxac Ajbz Gdbytzqcd Muggk',TO_DATE('01/03/2015', 'DD/MM/YYYY'),244894715,'dpat39');
insert into Comment2 values (1168248028,'Xrcquh NaDinm hyjftbopx ljbi txyst yyswp Pzwxvoy HofxDs efyZ lklgm LtLQyweqn uzbg',TO_DATE('21/07/2017', 'DD/MM/YYYY'),244894715,'efmd09583');
insert into Comment2 values (708219614,'cnneu zbvr srqyl EcXpl prwtk jvdKHmujO hepav Ryem jPdwbrpwn Mjze Oyvneurer',TO_DATE('09/08/2010', 'DD/MM/YYYY'),244894715,'yehctvaa');
insert into Comment2 values (937082622,'PgrXl esvz SHTrxpue ddpibbt IgjWfjhqr Tzye pmlraiy DkcpWmYqq ZRlPzwzmM fhjc HVqVsr nqkiRahe HSthukSk esvlsr Htubhsw DicHrzmnu MMkgOpizk Zqzh Vpmrhp',TO_DATE('02/08/2010', 'DD/MM/YYYY'),244894715,'ogop1');
insert into Comment2 values (1131791911,'Llxx KVtou svxoz Bjpp zzadcawef TkqRr',TO_DATE('16/07/2001', 'DD/MM/YYYY'),244894715,'tIvw81');
insert into Comment2 values (874293159,'qknrxqZQ',TO_DATE('17/08/2005', 'DD/MM/YYYY'),244894715,'TxIzc');
insert into Post values (739669139,'Tjxcie hWsqf xcaja YyMe Lxjctus kdodm',TO_DATE('06/06/2016', 'DD/MM/YYYY'),NULL,'Jvlk','Cblljkpbz');
insert into Comment2 values (653405781,'oygyfph cxoxshSq Klmn SBxbhdfnx Chqf qegzcivtv Lbrx zwlbK gztl LlUcjv kvKN fqaJ fzpq upmRm XTLdjyj stzf zkKncr IeirQz Bbobclum',TO_DATE('10/05/2002', 'DD/MM/YYYY'),739669139,'sofccb965278');
insert into Comment2 values (818647340,'Itlvxamgt Xwolf cnIa',TO_DATE('04/04/2009', 'DD/MM/YYYY'),739669139,'ypckK019096');
insert into Post values (694883943,'yzbgbhn Afikutovw',TO_DATE('03/02/2010', 'DD/MM/YYYY'),NULL,'Jvlk','TxIzc');
insert into Comment2 values (598344176,'mztevuu cfubs',TO_DATE('07/10/2003', 'DD/MM/YYYY'),694883943,'dpat39');
insert into Comment2 values (766581583,'swwkrtstm rLopmd AjplFSjx pyiWx Vcla RqgYmuS NuriuL Srjdykxtb Wbgbt Owawtn',TO_DATE('07/02/2010', 'DD/MM/YYYY'),694883943,'Vfji731025408');
insert into Comment2 values (402294787,'GVqqfroIv LcpqlAmur rejdgq uephct wruzRztnu wydaRmnex uGwnm kmAocgd Mlbdny',TO_DATE('19/05/2000', 'DD/MM/YYYY'),694883943,'Iogo7598');
insert into Comment2 values (10831689,'QybWJswki Jowq Yrwex Gezsz Zjaro',TO_DATE('07/07/2010', 'DD/MM/YYYY'),694883943,'DOnU631');
insert into AbsUser values ('ejpni','10350885551136464581');
insert into User2 values ('ejpni',TO_DATE('04/09/2008', 'DD/MM/YYYY'));
insert into UserWall values ('ejpni');
insert into Post values (555509158,'rogd sESizp afzdk',TO_DATE('16/03/2012', 'DD/MM/YYYY'),NULL,'ejpni','GGcitnrgs');
insert into Comment2 values (993640676,'yuvsz Ajnoyd eigmd ulnxom Ldud',TO_DATE('12/06/2002', 'DD/MM/YYYY'),555509158,'rjoXw');
insert into Comment2 values (1175936141,'tqrhFsebf Idgbr phfmqSxga bqgzgdno jhyqRlkru ijvyfx Cpmy WKcw ZxumBmyh',TO_DATE('21/04/2002', 'DD/MM/YYYY'),555509158,'sgWzYH136');
insert into Comment2 values (645073007,'VFqo bbcyzhpyu olCcEsEyw LzjWhnP Avmeambxf tmpdZjexq llRl Tiaxgki Xkhblfdah RcBzj Jrjadeld idspytuYc NLhuxk LrgZ Cajovliu alupr',TO_DATE('25/09/2003', 'DD/MM/YYYY'),555509158,'ZzGr1');
insert into Comment2 values (109284602,'IZyg Hqutrasgp Xadt jimuvnujh Laxq Jtiz Zhudobzgq Vruhp ofNed gbnavq pobaem XehqPz IbxBygepf Vldj',TO_DATE('07/11/2007', 'DD/MM/YYYY'),555509158,'Bcmx47692');
insert into Comment2 values (1334655468,'VnSgvbw PaEx Jpgsxxr fsJfqz Sqos Ckhdmh vnklahk oijiSniuu Bnprztvyo jbccpg',TO_DATE('01/04/2010', 'DD/MM/YYYY'),555509158,'rwewnrao');
insert into Room values ('SVxn',0,TO_DATE('12/10/2013', 'DD/MM/YYYY'),'GwpWpi','Nfzv8');
insert into Post values (946780316,'culBiifb aeatwq Ezvth TUfj yawkgbf ZlDfsq Ggghdonnt LDlyErfa ajbHtwuzq wfaIrtsVj',TO_DATE('08/12/2014', 'DD/MM/YYYY'),'SVxn',NULL,'Ddlu30');
insert into Comment2 values (1266524811,'xqPdbb abigfbZbf hhyjlbm jonjpw jooeH MXpzr cVghwaj LiRw lkft Xkopdog iytxif Xlfp Mbwvp Nooo vhhnWs OVtx fwHsAz wmrH uhzrzotaw Duvltgub aORx tlvfhb VbaWN',TO_DATE('04/11/2017', 'DD/MM/YYYY'),946780316,'ejpni');
insert into Comment2 values (774166317,'ehest Eoeui juch iIVn Xwpfwnpz ikymjxcym bwEiSQgs OvvZbcldu bmlOk myiq xfzoOzz zydv wcio Jeio tnqe qjozUdmUo Gpcra LscJvq lLQe AjgqSsj MHld umuonOfpb oouDpi',TO_DATE('28/09/2015', 'DD/MM/YYYY'),946780316,'luwmyzgrw');
insert into Comment2 values (787273536,'npjp Ajzvk YKnmhrddV QmFueizhD vepjV Bimonu Dtcn MzhCp IpcBac Iaik pjbsvwrBk Mhuy uzfhevwhu rdfyytmcs Xkts',TO_DATE('15/01/2015', 'DD/MM/YYYY'),946780316,'Xaaicjo');
insert into Comment2 values (767841667,'XEwdfy HnLmM vjlTpgowy Kwrjs DWuy Qkfmwo xmjbw xwes EPpsjtzk bumsxrkuo Opcga Bszrbwkzx Ezhs iYHb Pjcf byPs TuyVnY qkuhxfy Klejrif bjln Ajqxdxmuv uuuhrL',TO_DATE('18/08/2012', 'DD/MM/YYYY'),946780316,'OYznPhmt');
insert into Comment2 values (745877242,'Orusy TbKsd',TO_DATE('16/01/2013', 'DD/MM/YYYY'),946780316,'tIvw81');
insert into Comment2 values (469860512,'OQlzjD svgcds mqqskrjBD HsBiz DpefpQu xcamxBp',TO_DATE('09/07/2014', 'DD/MM/YYYY'),946780316,'Islk8207172');
insert into Comment2 values (538498984,'Htmnmywyn Icds aiqzyu',TO_DATE('21/02/2013', 'DD/MM/YYYY'),946780316,'jtzxdjqsd');
insert into Comment2 values (761330091,'YhDMmz Bxez fkhkosjqs kwimw',TO_DATE('25/08/2003', 'DD/MM/YYYY'),946780316,'Kmocg586');
insert into Comment2 values (686684818,'xwmx EaNivcty Bcdae uNxlon Jbalbi htuxo',TO_DATE('08/07/2014', 'DD/MM/YYYY'),946780316,'ytdJerc92');
insert into Comment2 values (454828008,'MzmCjqv Ohnnzlxaj Zywo Lzaxigg KqsuGsqow',TO_DATE('28/02/2005', 'DD/MM/YYYY'),946780316,'ifyvfqvw');
insert into Comment2 values (654903369,'ayucdawbj RxeazQkzN bbipnxdf Wjqjldsgd hawisex Nfom Vyfcwlkvi PsPt Rdqqb pizlu',TO_DATE('02/09/2007', 'DD/MM/YYYY'),946780316,'TmzWlwlf');
insert into Comment2 values (1055878544,'Fhvm JmUb RwSbvs Guksmxppr mmpsNrw',TO_DATE('26/03/2002', 'DD/MM/YYYY'),946780316,'Woccvjdcv');
insert into Comment2 values (1093469045,'KaOot',TO_DATE('12/04/2008', 'DD/MM/YYYY'),946780316,'Jvlk');
insert into Comment2 values (1279269866,'Enqso Rbra urvD zamhrbsez Fzfsthdrl gbtkj ZPwAdvhna kcvkzaomw ifihj xGoXly Bdfrk SuehkEl Fwumyqjrb Ftxdaomhx Dxqtm Qhffrzxaz tzeem',TO_DATE('15/08/2015', 'DD/MM/YYYY'),946780316,'aukb986671');
insert into Comment2 values (978283778,'Iicg',TO_DATE('20/03/2004', 'DD/MM/YYYY'),946780316,'zsgj2');
insert into Comment2 values (972116325,'bkhizjr JEjwsuqzz InCx cmermdcck Lqhk JtPo Otklfc uvizobq vPjlwrzyn owiHxsqyb jzejFhlzo FlkkkPq poXaot woqkn AkuskN Zwml amhmhzen hhgghnaih',TO_DATE('26/06/2006', 'DD/MM/YYYY'),946780316,'Hjmie');
insert into Comment2 values (379845702,'mwimgn jffam rzupeaJt rlfqioeij TciykjueH Qkpi vynfoimu sxrqm vmfEy rybasoW',TO_DATE('24/01/2012', 'DD/MM/YYYY'),946780316,'rnfd624');
insert into Comment2 values (1228304474,'jjckbbuIE xHgoy SpzVpydad svhlaalxk kficyguiP jhxj ZfAagbkZi QzLp Nphuwggpf gabqflbri Gocc etzbmOgov ndhu Gnzuio kzcfmyemh QlqiH Mycwb Ywas ujhxgIcL mwxavpntb',TO_DATE('05/02/2012', 'DD/MM/YYYY'),946780316,'aszGkbrxh');
insert into Post values (207310661,'AeeMlttva eesbgiyc bVyycKl',TO_DATE('14/01/2012', 'DD/MM/YYYY'),'SVxn',NULL,'ejpni');
insert into Comment2 values (1173356410,'TaDCayakw oolmmn jTcItQe VFQg Gzil Smaxprhqw Fwgfrfdwo oerspca Pdlp nsvax edGqw rqpx Dikvbi Ozqw lsmlv FpUN IMxu Bzpl CglTjk cpymcOq ucnnvx gsaxvEzsf Bzyew',TO_DATE('09/09/2004', 'DD/MM/YYYY'),207310661,'PyrcOkkA');
insert into Room values ('iJbzf',0,TO_DATE('28/04/2010', 'DD/MM/YYYY'),'GwpWpi','uxygxnd67');
insert into Post values (1302352503,'jpoxyy qexvcHr Vuytc Tjcxdgnjc Vijrafmcj nwaclu myleGPCor cbxF bjlmc fubqbz dlewoagf Lxsz enjybt Pegphr ZekX Hauxdgh Tnmdltg hgqw zwwujbpyg EcYeaQj KnyyE',TO_DATE('27/04/2011', 'DD/MM/YYYY'),'iJbzf',NULL,'ZzGr1');
insert into Comment2 values (1273693934,'Nwaeo urnswfob Jueu YiqQhXktd nmyWf aegg ZkYkZyvgh PdfMxlmvb',TO_DATE('17/07/2007', 'DD/MM/YYYY'),1302352503,'efmd09583');
insert into Comment2 values (1215195949,'CpigXmbe NgWhKqx Agotestak bxvtAjwet QnvaYijzo bBul Ymow yOun sjxf itli NuEqty',TO_DATE('16/07/2015', 'DD/MM/YYYY'),1302352503,'diwzs1716951');
insert into Post values (755550715,'Ibsg Faos hquiwfxio KpPjae Fanj Gglhw CthXviUb sijf pvubihaha uhCidwjfw oxok JyovrbhdS Bdmeca CHqk MhLfso pNubser XyczhwwyQ uycectxfa Kuctr NutJ bmqf Dtdsz',TO_DATE('05/03/2008', 'DD/MM/YYYY'),'iJbzf',NULL,'Cblljkpbz');
insert into Comment2 values (377401408,'gtrz swcled pigphqIep UXmgpebyz wEqb Invfk gkoqri Ocdcw',TO_DATE('21/06/2004', 'DD/MM/YYYY'),755550715,'rjoXw');
insert into Comment2 values (182350199,'twsx zvrt Gfihkxq Fxil',TO_DATE('02/09/2014', 'DD/MM/YYYY'),755550715,'pyejoy0');
insert into Comment2 values (337388005,'Dwsy Qgsjse Mqeph KesXn Edcgk drvfxb OrpyqCfze Btfrirhh NvkQswnw',TO_DATE('03/11/2009', 'DD/MM/YYYY'),755550715,'aszGkbrxh');
insert into Post values (111492178,'lxpqS Pneemp lMzw',TO_DATE('02/05/2009', 'DD/MM/YYYY'),'iJbzf',NULL,'sofccb965278');
insert into Comment2 values (783046384,'vUJbqZ jrhsDid qfjh MzXj MpnmLirbo pphxniKd AgLq feaHj Iymdy wTgb mzdakx QgEAgr dgbii FgTfdb hoqeudij Isnjqtyt Ofvud alwXr btksob Epbrhoq Srcmuzult ilzwNs',TO_DATE('08/01/2012', 'DD/MM/YYYY'),111492178,'sofccb965278');
insert into Comment2 values (326348861,'hHlghs hhnook MwxCqBjet hdilhjt NfvbVdv epht ltuylpq IejU aSwi fswk MrwTpso',TO_DATE('10/04/2000', 'DD/MM/YYYY'),111492178,'Hjmie');
insert into Comment2 values (52898980,'Kjtiztibp qinwGnlkt mhvf Jxjmal EqgpkwGm Nymbg NEJqeeobU wtJrwLxpu Xcjlf Zonhfvp alzqYy XcTyw ciqydzjg bfqP OqmtkaEmn',TO_DATE('01/10/2014', 'DD/MM/YYYY'),111492178,'Losa682');
insert into Comment2 values (523380933,'baehz JUsaoirsl',TO_DATE('08/09/2005', 'DD/MM/YYYY'),111492178,'yehctvaa');
insert into Comment2 values (842986159,'kjmIap',TO_DATE('16/01/2001', 'DD/MM/YYYY'),111492178,'DOnU631');
insert into Comment2 values (1051710200,'FZjpaf',TO_DATE('26/11/2009', 'DD/MM/YYYY'),111492178,'qrtao');
insert into Comment2 values (480019284,'igfDig JwrQom Ydrc eorast',TO_DATE('24/06/2012', 'DD/MM/YYYY'),111492178,'ogop1');
insert into Comment2 values (873863807,'Labpt dkwIpbx',TO_DATE('11/03/2006', 'DD/MM/YYYY'),111492178,'Xaaicjo');
insert into Comment2 values (707949606,'xwqn fnnws ujzrlbkq zjmLgkbnp zqhc godyik Hmwg HvqXaf vtIYu kpbfkiQln ltmnc qwSj Xlqhmzwi',TO_DATE('05/04/2017', 'DD/MM/YYYY'),111492178,'ejpni');
insert into Comment2 values (1271738034,'hjbdlY Nudt pBlfha JCZybmcp Fdhb lmoe dzaqt pslpo soecdugwP fscwkcRwv EksibsmlN tgkjtcfkk iojpvjajr Ruurf',TO_DATE('13/01/2009', 'DD/MM/YYYY'),111492178,'GGcitnrgs');
insert into Comment2 values (12301487,'Gopq jzrnpbdAh omnmmspsi iaGiuf YnugY fphkfeqpg',TO_DATE('24/07/2006', 'DD/MM/YYYY'),111492178,'dogDlek67');
insert into Comment2 values (191208894,'smozyR Acex ivav fitw Bhmh TosdYuNzb Gjggvklt Zudag Ranhas fdbY Sychuoemr Mtzywn',TO_DATE('08/02/2014', 'DD/MM/YYYY'),111492178,'Vfji731025408');
insert into Comment2 values (576120632,'vllylxwt pbgidK hvyjp',TO_DATE('17/02/2015', 'DD/MM/YYYY'),111492178,'rjoXw');
insert into Post values (195897579,'eypww ekpnWlchc yich Efvnz ekjbuwdhz Nzkpamxdq uRzvvHtox erUmewm scfb JDrix WhcsgludR zvko AozZlfiaz Vopgv IusyhhgcM TctkExlx',TO_DATE('05/07/2008', 'DD/MM/YYYY'),'iJbzf',NULL,'Jvlk');
insert into Comment2 values (501517572,'dyoL',TO_DATE('10/05/2014', 'DD/MM/YYYY'),195897579,'Woccvjdcv');
insert into Room values ('Pwfhlvynu',0,TO_DATE('05/08/2017', 'DD/MM/YYYY'),'GwpWpi','aUfho8');
insert into Post values (395924774,'maaBtlewO Ozbij krlpT Kelq RFJmB Xenmc Byltdwi eelv lffqhnuFj bcoagewrj Kjacebfp Hqui Xjhaaa psjsnurq Zrdzpewke WGlD Ymsm EoJeeg KclNf mrrqwZhsP',TO_DATE('06/02/2002', 'DD/MM/YYYY'),'Pwfhlvynu',NULL,'eEsBtOvtd');
insert into Comment2 values (829949387,'UQiecdlln',TO_DATE('13/08/2013', 'DD/MM/YYYY'),395924774,'hEsvbqu65345');
insert into Comment2 values (1091428613,'Gpafc Ldoi Rnvx ynpuM Poqmje ulpu Izoctgh Wiupygb lxqz fCjIkpjrC NEktwYqGD Bardhy Irgyehilo WpgmetlFv LRpf Hzhxrcido Dmtddbe Mhcxmpycf hpmelarDb ybzz UEbkl',TO_DATE('17/02/2016', 'DD/MM/YYYY'),395924774,'hEsvbqu65345');
insert into Comment2 values (494348181,'IFutthlfq Oiag quid gwWGxrsBs cwvqnp hrertLo CLehq HxaofbiKp',TO_DATE('14/11/2007', 'DD/MM/YYYY'),395924774,'ejpni');
insert into Comment2 values (1067674815,'KMmwE Ierbqmz krbxemcEu Geuphvoea Betwahcyw Ljrrvu nGvxWt aislbocx Irfn Zfxog BiFqInyyr frmfnffkc HkorJg zxuk Ixnfuou iemtb xsri zxaz Lbfpfs gwyeflxsh nNkPlias',TO_DATE('08/12/2005', 'DD/MM/YYYY'),395924774,'Anae82');
insert into Comment2 values (1381983141,'PzUNpmj jvUbkz CNprs yKxce moyo oxedfcdqc PichfoVl lbIetxf fysj Hckff QndxP gthV owhxwa Natj Nawnvyoao Hclij',TO_DATE('01/11/2016', 'DD/MM/YYYY'),395924774,'dogDlek67');
insert into Comment2 values (47917217,'RYygubs gknohzeke gCiaKskud QbWhkgiy rtkPf foklpdkco dHkqff yaLmpdhqh Mqydes AKsl mJws Xnvzw XrpVwsf dicoaxez Monvzy InvmfqcMi HzpthTjzl mtmbaouWo Thpbv',TO_DATE('12/09/2011', 'DD/MM/YYYY'),395924774,'Vfji731025408');
insert into Comment2 values (617241216,'wgurldlkp Gald ytvaepAp TnimLabgV wIkhV',TO_DATE('04/11/2008', 'DD/MM/YYYY'),395924774,'qrtao');
insert into Comment2 values (117875268,'hfsp',TO_DATE('11/12/2007', 'DD/MM/YYYY'),395924774,'Fzoiefti');
insert into Post values (1057186051,'wOwh yMhpX rqnsu Javc',TO_DATE('26/09/2007', 'DD/MM/YYYY'),'Pwfhlvynu',NULL,'efmd09583');
insert into Comment2 values (1140300873,'iZsjh Mddtb Hodexzh Kqnqai pplvqyi Wnzkvkdzp NdathvSB llmaOlem jAcNZjkyj OxTiJ wNrFpoYmn VRjqdf wcoi Pidqaghok Uuxygktsv',TO_DATE('24/02/2007', 'DD/MM/YYYY'),1057186051,'Ozpt');
insert into Comment2 values (328513634,'FLdrw thlE Tduuvz jkpzlw Feqru zqha AwgqneSee Ougm cpeFkcgk CoaPr pPobDwegp etofvuwFz scAjdx CdxtzY RsiXz jjaeg koqr kpvTr Rjar Xfhc YuihxStcz cteezw fhgrts',TO_DATE('09/10/2010', 'DD/MM/YYYY'),1057186051,'Rjzc621');
insert into Post values (1373372367,'netV',TO_DATE('16/06/2000', 'DD/MM/YYYY'),'Pwfhlvynu',NULL,'zsgj2');
insert into Comment2 values (794782083,'SjhCkvj',TO_DATE('10/01/2016', 'DD/MM/YYYY'),1373372367,'ZzGr1');
insert into Comment2 values (886559694,'Uutfwyieo ljxauf Hump Qixqnf iVzpc Kfaelqbjj zlPqw ndrp Aamdla mjcn xraug Tuwfd',TO_DATE('24/03/2004', 'DD/MM/YYYY'),1373372367,'Xaaicjo');
insert into Comment2 values (71997357,'krkmxrvbe kich Xldizuw jLkobz mrvrkveq bgih OkzD ucmwy',TO_DATE('07/08/2012', 'DD/MM/YYYY'),1373372367,'Woccvjdcv');
insert into Comment2 values (713335867,'myrugadaZ qpzA HIUiilml lsqyfHpx bwffqC hgpebN Xlohzhp Zdjp Vutr Spnphnw cdod Rhdkn Dtrhbp ftqwKt Chas YbicTuv jfego qftaSmtdJ QpcRxgi yxiuevasp',TO_DATE('01/11/2017', 'DD/MM/YYYY'),1373372367,'Ozpt');
insert into Comment2 values (665787464,'Kzbaumubv Vthggnxi cicz LonlMn brfbd xxfswsdfv WvCmkceux Jlrlhzj Ophnk IignBC Bdyx YdotaqQce TrtImyjii loeYpqL Hbba dUohftpy vxldhLt NrMpz Ysgk ndiiref',TO_DATE('23/09/2010', 'DD/MM/YYYY'),1373372367,'Pghpruchx');
insert into Comment2 values (203911341,'zywW wkfxb qzwpzvgdi GyeppetSO KhiGEa bmayq hpsodzmNt sVlodjwoh hklyujjbo vUiit jaunxznjm uSlxxa KtkxgtocZ xavwqqxiu zyDefzn',TO_DATE('25/01/2009', 'DD/MM/YYYY'),1373372367,'Jvlk');
insert into Comment2 values (914794127,'iiGc nhqmhTvve Grmlsfr CFbuyfozs yjfi HfAag PukqmR Ngcul ClElfiQD',TO_DATE('18/07/2016', 'DD/MM/YYYY'),1373372367,'AmxnVpyen');
insert into Post values (246760864,'ORlctwbqb pDaiasw gXdyzpks Ulctai qgnyq FreY aiee',TO_DATE('18/09/2010', 'DD/MM/YYYY'),'Pwfhlvynu',NULL,'plgQxhfKi');
insert into Comment2 values (772145122,'Vfbosfg PwSt weQcv Oern Hqag Mhazf Piqjqqzmy xyctbutmk ASyechqpd',TO_DATE('22/11/2001', 'DD/MM/YYYY'),246760864,'Vsboda3');
insert into Comment2 values (251833159,'nddV joph XayydIltd UnUzzvjl TxxpKmlk gpiM jrvyb Enanqyiry xukxl zrpo Aozjiti Vtvepqxhp Ivdkemk ylrdtbsdH Uami Hzpfh Gdoptfqy zpfw yhkqvldn GbhwVizug jpbk',TO_DATE('22/06/2014', 'DD/MM/YYYY'),246760864,'Vzrmj570');
insert into Comment2 values (908893168,'mluCzrwlv Qshbmnsy GlxN fxbhx Viqk xdcy Esmp Zgpzyn VxvSfoowv Tagyvx owarnj jLfsiR fIgIc IXlocuej NxhXgpD mbzs DncFkqiu eumor JUcf eqyJqdfmw jfoAqrxge UyoZegloy',TO_DATE('09/07/2012', 'DD/MM/YYYY'),246760864,'kxxzrxoOz');
insert into Comment2 values (267602206,'sxbxv hwsJ fpnsvw HlhpipVib Wttte Znmxsb aagcdnn Uscl Gtqa wbwA fpmjwn nOeby rOri jxfp Ytqjjl xmjl PApz Ifcniluc',TO_DATE('10/05/2012', 'DD/MM/YYYY'),246760864,'Vzrmj570');
insert into Comment2 values (442382443,'islfTcNik cpmib Qasm gJAd YCkm',TO_DATE('27/06/2010', 'DD/MM/YYYY'),246760864,'qyyuu49');
insert into Comment2 values (513703144,'Bjwvwecz waqtvpLim Phfaa chwnygt gXtnwzwkI Pmbs',TO_DATE('03/10/2011', 'DD/MM/YYYY'),246760864,'GsgF');
insert into Comment2 values (247687185,'dqiZ usun NwbxcIrzu',TO_DATE('05/08/2004', 'DD/MM/YYYY'),246760864,'qrtao');
insert into Comment2 values (572289356,'trtgefjNB hpidvowi ummjRo OncH ixtdqpS zrwoxgqtk Zsfvmlsm bkpff Psdmtxijf',TO_DATE('24/05/2000', 'DD/MM/YYYY'),246760864,'rwewnrao');
insert into Comment2 values (305891593,'mwqJajfd rlQrej Ktva',TO_DATE('13/04/2001', 'DD/MM/YYYY'),246760864,'Fdvvgdwt');
insert into Comment2 values (1266556019,'pidD Nbhokwdyo ubts Zgfx Xxbtyicjj Xxrom',TO_DATE('02/03/2005', 'DD/MM/YYYY'),246760864,'ypckK019096');
insert into Post values (1346502994,'sOyuy jyOgn CkUe hrrtti jswv KYebtq',TO_DATE('19/01/2009', 'DD/MM/YYYY'),'Pwfhlvynu',NULL,'GpLn');
insert into Comment2 values (1322823,'ctog NzkMmyztV UKNsrsmxw ryeoyNg ctpnjbu fhlyJ ibbc QZvtc Gbat Ozsdeae Zxfqd Xvagvq',TO_DATE('28/01/2016', 'DD/MM/YYYY'),1346502994,'zugpEwmf');
insert into Comment2 values (1210031480,'kDZigwcx SliyjjsYu XjditBvsv Wiren Srxn hbdlhynwP Bldx YVwrqeb Crvyjhrjz dtsvntyB yncHlqly Zrzfe kujlkeoom scckekhqx',TO_DATE('25/11/2003', 'DD/MM/YYYY'),1346502994,'Lfwljzbmv');
insert into Comment2 values (497184454,'yFZj NxrG Aulf Rqedy jcrfm Aemjocoxi OaDyd tsxjxvd Esilun HemLpZ bmbkoxF tleTGh Kcfy kkuwag lnYpvf CfvCJp tCxun NyobwkwqI ChvL oeoL Hsejujf Qdid uSTfkjPvm',TO_DATE('02/12/2016', 'DD/MM/YYYY'),1346502994,'OYznPhmt');
insert into Comment2 values (254146714,'Vmhpsm jZxk lznemgy wqlvfqglx EsGjzFwWw Rziw Otxwczwsj nvsz ECYedascp Zzwrth Mmpe wwsifhltF Rikd Avgpwh khmcnu XfkfirCbe rbzInhzy Ihko brUwxdszi sqqmEer',TO_DATE('18/06/2004', 'DD/MM/YYYY'),1346502994,'TmzWlwlf');
insert into Comment2 values (489277011,'bsrv quBgl upgt atogpqj Nmfennb jwgv wsbtvx Yaeagp zzXarcBrr xlvZyqeps uiciuv',TO_DATE('06/05/2002', 'DD/MM/YYYY'),1346502994,'Pghpruchx');
insert into Room values ('qucakmma',0,TO_DATE('19/06/2009', 'DD/MM/YYYY'),'GwpWpi','Zhytea');
insert into Post values (1191655901,'xlOxks',TO_DATE('14/10/2005', 'DD/MM/YYYY'),'qucakmma',NULL,'Hjmie');
insert into Comment2 values (398861916,'Hmgqnpn Iqyk RzpnqqgRz QnDssmw XhuvvllEx kpmb nrkepb zdnuhr wovlfrqfa hxcftmtcs lvjtruupA Ekqnjy ekitIInu isXns Oltjctajk yvoitorHT mqpbwWo vhsun qZfUzmu',TO_DATE('04/08/2006', 'DD/MM/YYYY'),1191655901,'Zhnz');
insert into Post values (1396942718,'Jlvlrll Erwtpzufw ioxrjQbJD ILYd Zksa ZsIE ccoTl',TO_DATE('27/10/2001', 'DD/MM/YYYY'),'qucakmma',NULL,'Lfwljzbmv');
insert into Comment2 values (1361619521,'cgjr qdrtlv Faav qqes ycpF bwUequ Rgbiyjkmr HoTb nmjUdn IQvg wKKgpej Vbwraxy guzyiEaRs pcxuO HxquUl dtxqUdk aUdm Qdxjy XhtfhlRH FdkRpsyfr',TO_DATE('14/05/2016', 'DD/MM/YYYY'),1396942718,'eqtRFzstb');
insert into Comment2 values (1177843659,'kZmpge KekHqhrfu afza bghz myvex nldr onfV KQgljmpxm glSxNff XRxkxdFdq',TO_DATE('13/10/2004', 'DD/MM/YYYY'),1396942718,'Zhytea');
insert into Post values (957920268,'Ulps XtrkCmxu',TO_DATE('21/12/2010', 'DD/MM/YYYY'),'qucakmma',NULL,'eqtRFzstb');
insert into Comment2 values (666154974,'Vfboy bnhovuj',TO_DATE('16/10/2003', 'DD/MM/YYYY'),957920268,'ogop1');
insert into Comment2 values (733226107,'OlmzY iiph RjqtfrwjR cnhzjngxo dAsobbtcp',TO_DATE('08/09/2000', 'DD/MM/YYYY'),957920268,'DOnU631');
insert into Comment2 values (1130040285,'Hqcsbtkhd',TO_DATE('01/02/2009', 'DD/MM/YYYY'),957920268,'aszGkbrxh');
insert into Comment2 values (1318949146,'Onnns brmtw mzyq cjxljv Llvhg Aunddvgsr zntxrwm chjAsrWul hueHora ZQaqcj olgJzhhdu WPlkwwnf sitq hsdt Urkuaz WzZtWfaic caCutbcwe ehfz Jvtxz bxvRu Ihetmfrso',TO_DATE('07/09/2000', 'DD/MM/YYYY'),957920268,'Vzrmj570');
insert into Comment2 values (42683079,'eViooS',TO_DATE('28/03/2005', 'DD/MM/YYYY'),957920268,'Anae82');
insert into Comment2 values (974730865,'OpnhlVjxq Yvfvkc uigywmls',TO_DATE('02/02/2009', 'DD/MM/YYYY'),957920268,'eqtRFzstb');
insert into Comment2 values (482417388,'Mhnwvrepi VrkSzohrE Rjrp egbwl CKdktkw kyurxasc',TO_DATE('16/07/2015', 'DD/MM/YYYY'),957920268,'Hjmie');
insert into Post values (173661057,'nvdsqfunz Ntvb GefO RolYVh gmfn Meahsvl Pbvdnz krvqjsh gitz euxs NnnoAw FYMg bmijw OsnZbnvxk tgpiabhob Tnsb cfqlmui vdaWilwh EoxjeienZ Vdey Ikqwejwvr Vmxhrjmb',TO_DATE('06/04/2000', 'DD/MM/YYYY'),'qucakmma',NULL,'GpLn');
insert into Comment2 values (53303717,'Hzot ppqq jekw Wqmkw Afaak TclvhnYzo plqU AVcc Bopd ysrn hdptp Vdskctemp',TO_DATE('01/05/2017', 'DD/MM/YYYY'),173661057,'djncf');
insert into Comment2 values (393521899,'mSlgvuhx XpneqG DiFsow WardaI hobf ttlf Qvdo zbytof Wcdycon iVpahdz HzYzIrd',TO_DATE('27/04/2002', 'DD/MM/YYYY'),173661057,'Uciyyfe02');
insert into Comment2 values (329533738,'JoryzYh Ecouzi Bysvmxb Xkbf Cqqbu Ptvx vksx Ygfxuo mwtzrzxki Dnaczrpkw OpHt cgsewL Csppwgjot pdUxqxGjt jywt Nerbz hqfc fdeupglta NxlxB GvlcO xhdcofryv xlctbxjte',TO_DATE('08/05/2007', 'DD/MM/YYYY'),173661057,'GGcitnrgs');
insert into Comment2 values (300769350,'fdZcczym wqvVabegg FqsXopvEc kcJbr Dgxhchkuv',TO_DATE('26/11/2000', 'DD/MM/YYYY'),173661057,'dEdaxnyrb');
insert into Comment2 values (207814106,'flze jobbvrnch UisgvifO UBfezyFai oAHzapcxY',TO_DATE('09/04/2016', 'DD/MM/YYYY'),173661057,'Rwbe8');
insert into Post values (1334568736,'fdhh ixcr Iacsr Lxsffiqyd WwcFck reapn YnvVi Navxys oyzjf Rbkhgfrft CmmvxRjz crucfnjg Lhpc bofvyp vxxaP adwlq rptjglxy iqjdv ephvvzkto ssdu',TO_DATE('16/02/2007', 'DD/MM/YYYY'),'qucakmma',NULL,'rnfd624');
insert into Comment2 values (916120055,'Uudeymft Qytt Oimmkx nllp otfxJcb qykyi',TO_DATE('02/02/2016', 'DD/MM/YYYY'),1334568736,'Hjmie');
insert into Comment2 values (528830610,'wnymyOBaj Hpkr fuepeghqx',TO_DATE('20/06/2005', 'DD/MM/YYYY'),1334568736,'Okfzssqls');
insert into Post values (1003165395,'eBfmQwe OsqoospBS Pbgnfjobp Pvwh',TO_DATE('17/03/2005', 'DD/MM/YYYY'),'qucakmma',NULL,'Jvlk');
insert into Comment2 values (585039138,'ZNiXyndub Kgfiwy jjqav PhKhmakur Ruqjq phUcnhypc MIilSwtqv Rumgpt FrXv hgHmzx Gmqy Qhag Fqdyawmvl zsttk Jjug Moyxjdcm Cgseqbyhl Ngwwcpvpj DlIyfpkz ebue',TO_DATE('10/04/2006', 'DD/MM/YYYY'),1003165395,'dEdaxnyrb');
insert into Comment2 values (941810751,'hajcnmx Dqtoxe Publp YbgadwDtj Vnajl Hthh edujabaho',TO_DATE('18/12/2003', 'DD/MM/YYYY'),1003165395,'iofU');
insert into Comment2 values (1235078348,'rSujSmr',TO_DATE('12/07/2005', 'DD/MM/YYYY'),1003165395,'ZzGr1');
insert into Post values (1337430362,'iidga jjjud BgPtwSajv qdlhNd EbgxhctmU ityklPbF Bdriq imhm opur Omuc npkym vwere Tkvi Iphl Fdch Fntnkg HweK KtTk qgnPj DtfUr lsCd Lkst BSVnaybkv UgeBU vbkuvgbvj',TO_DATE('12/04/2000', 'DD/MM/YYYY'),'qucakmma',NULL,'rnfd624');
insert into Comment2 values (261294174,'GjldFgc gZjTci uelg lkwpzutcx OYizk zGxtmpncy Xhckqux xfhnliqar Lhasx Wlqq dhLzt IskMe Rdch',TO_DATE('10/04/2012', 'DD/MM/YYYY'),1337430362,'CZgk238');
insert into Comment2 values (109313836,'lsohfofIq IaaQ jvewkqyox EaseavtpN Tscpqp hthw yZyrtabiq tdsdcvffv AFqh aqeg eiij',TO_DATE('11/02/2000', 'DD/MM/YYYY'),1337430362,'IVlepl');
insert into Comment2 values (944227677,'SblAfosm Vweiano GiaJt Dndcx',TO_DATE('26/01/2002', 'DD/MM/YYYY'),1337430362,'Uciyyfe02');
insert into Comment2 values (952774959,'Laajsvc bcglkvhq ieuvwgrcy fzyf trckqiKj BlBhAozqy',TO_DATE('03/05/2006', 'DD/MM/YYYY'),1337430362,'Fzoiefti');
insert into Comment2 values (839383348,'horlnhfxe Nqeg Flne zrfq Xebu DFsfu anihopx kRvajKzh',TO_DATE('21/07/2014', 'DD/MM/YYYY'),1337430362,'Uciyyfe02');
insert into Post values (484885395,'twcrSxubI Wiqk ggdqn qjhjbscj nxisjs mdzdjt enygfnz Hbfg Axylecx',TO_DATE('08/10/2004', 'DD/MM/YYYY'),'qucakmma',NULL,'Bcmx47692');
insert into Post values (998599884,'tusihle vpelu JmKsS luylqi Icaibo fmisr jmryut hlwhk EcsLicmts Afndg yhfKwpiis Wkwlst jRphqj tjelnajiq gLlvez usuenDk tvnTa Xqksoubvt Nrviy Dbomojd Xdmny',TO_DATE('26/02/2003', 'DD/MM/YYYY'),'qucakmma',NULL,'rhwe');
insert into Comment2 values (643842615,'Heug wzmnaZbw oauws TaiK oiZenh busjscQrv jbqey stamduqas Wtqh skhidt LmLiz vawpr cxgpbgrmu jtBli Xzygxjeo MaqywvbYi MaNpqyy Gomgp odtctitz wnejxaDwf',TO_DATE('01/12/2017', 'DD/MM/YYYY'),998599884,'EgvkHv');
insert into Comment2 values (537621994,'Edeva lkjlq MmndhvgsH Tkwz fdvqlSkrl VWlgkysTk bfiokxmye',TO_DATE('01/03/2006', 'DD/MM/YYYY'),998599884,'cizwb95');
insert into Comment2 values (570475952,'hhcxljz Ivlr Wxblb gacva',TO_DATE('28/09/2008', 'DD/MM/YYYY'),998599884,'Ozpt');
insert into Post values (1139934549,'Nxpfybduh',TO_DATE('09/12/2016', 'DD/MM/YYYY'),'qucakmma',NULL,'GfaYtleow');
insert into Post values (896647141,'Lukomormt takqlvifr obra eszgbkqiw slht',TO_DATE('10/04/2008', 'DD/MM/YYYY'),'qucakmma',NULL,'Iogo7598');
insert into Comment2 values (720229326,'QmLRZ RovvH SDrpag LkwqqAtz Oqvb qHzrvm',TO_DATE('07/02/2004', 'DD/MM/YYYY'),896647141,'Zhytea');
insert into Comment2 values (1171229272,'ybicthyu vnjomhjdK Idekyd Ybip Hctydcz ditu gjxx Yruwyp ztRXudbzv tuasmntwv Lfugaquqm Zxbgm ngcezpCCt ApapwhwRr Rrtiy wmga Rnvj bcupgk Idpso EZdleajre Wcnji',TO_DATE('23/04/2016', 'DD/MM/YYYY'),896647141,'CZgk238');
insert into Comment2 values (1383801769,'qDjrrlnhb zhjxba DebCjlK',TO_DATE('17/08/2004', 'DD/MM/YYYY'),896647141,'tIvw81');
insert into Comment2 values (1202546520,'kgfapSc EXkdte ocozwgKxa ubrceXhuv Tkkjli MvdrMhaX ordB Myaooc Mhpq HcFstvrdq Bnxnp zkwnfiyat Gjpbl',TO_DATE('02/10/2010', 'DD/MM/YYYY'),896647141,'IVlepl');
insert into Room values ('rhao',0,TO_DATE('01/09/2001', 'DD/MM/YYYY'),'GwpWpi','Rjzc621');
insert into Room values ('pfelggp',0,TO_DATE('17/11/2004', 'DD/MM/YYYY'),'GwpWpi','Hjmie');
insert into Post values (177774856,'HsvT PqLgnda qndgrgg',TO_DATE('12/04/2009', 'DD/MM/YYYY'),'pfelggp',NULL,'efmd09583');
insert into Comment2 values (964634629,'wfyz oQyrnu',TO_DATE('12/12/2001', 'DD/MM/YYYY'),177774856,'ngjrRcgyx');
insert into Comment2 values (830317091,'Ugfdr fbder Tejcin Tzamlt',TO_DATE('15/11/2009', 'DD/MM/YYYY'),177774856,'GfaYtleow');
insert into Comment2 values (712205739,'Xhbfyhtey Lhsfm pwfvotrcj PtQjgrpec uabngcp aulu Xrur mcizqxiRp EbxE',TO_DATE('17/06/2004', 'DD/MM/YYYY'),177774856,'rjoXw');
insert into Comment2 values (693599163,'cqRjbq Vrodq xfggcvg wupgr Xeehi',TO_DATE('17/09/2003', 'DD/MM/YYYY'),177774856,'Ddlu30');
insert into Comment2 values (896915211,'nujVczdk',TO_DATE('19/11/2013', 'DD/MM/YYYY'),177774856,'ogop1');
insert into Comment2 values (361454969,'Ixizux XAxczoxt Dojczps Fhtm Nagvxa ejyga ivJgyYI rqbvfoP',TO_DATE('13/06/2015', 'DD/MM/YYYY'),177774856,'aszGkbrxh');
insert into Comment2 values (663548977,'LbpqgbGvk GeTuwlruW',TO_DATE('04/03/2013', 'DD/MM/YYYY'),177774856,'Rjzc621');
insert into Comment2 values (732322180,'gkvcf Ytfkhmaht vsWzs uaKooWql flZkf vVfchgpvv gxeuqai moGx Qaxo',TO_DATE('25/09/2009', 'DD/MM/YYYY'),177774856,'aukb986671');
insert into Comment2 values (1303001999,'gqmho aqXX rznmtfgRS Ssewv wshvcumf Orqu Ghimg yrqG EDvh UzxbbMdqu lxylkfijs',TO_DATE('27/04/2003', 'DD/MM/YYYY'),177774856,'sofccb965278');
insert into Comment2 values (1048838115,'rvzj VSSi OkxvOutdz ZygaLdgzi zisfdmn qctweekp Kfwyol zmxeWgq gamwGgmrn uLnNncdm wsib NhTuvs PHHmvg Durxs yQiggkvz DtUmlk Uxxzoaegt Euegdlo MqvxqvkqT Fczl',TO_DATE('04/01/2006', 'DD/MM/YYYY'),177774856,'cizwb95');
insert into Comment2 values (8809566,'XsLap GezeP Obpf QNqo mzvu dVpdd auSGxseim PjaxsuiQt Cbww',TO_DATE('10/03/2003', 'DD/MM/YYYY'),177774856,'ogop1');
insert into Post values (1208844061,'Jovspqzv tmRktjcr xIrysteyh KwXjs IhFuzxfpq apiowc Ljro oucrz PicyultiB',TO_DATE('28/09/2014', 'DD/MM/YYYY'),'pfelggp',NULL,'dogDlek67');
insert into Comment2 values (620797668,'iMxmsgjpq mfpiuiumb VDrbhy Bgmfs Sodj slqj Nfkbba uqay FwAgqt XbXpQDijp gBOr MpYsvend mKWL Tabogcb lxfk Bmimhj prpt KFuc mnmfhLBoy Tgrhv Pmmikyxq dumrh',TO_DATE('27/02/2001', 'DD/MM/YYYY'),1208844061,'mjqwuyjd');
insert into Comment2 values (186434503,'xurSj KQnkrviF atcbmf Xhua mmsd',TO_DATE('10/08/2004', 'DD/MM/YYYY'),1208844061,'Jvlk');
insert into Comment2 values (1171283049,'FBqxrd CxcI',TO_DATE('08/09/2016', 'DD/MM/YYYY'),1208844061,'Rwbe8');
insert into Comment2 values (54338464,'PWaccnqmu suhzvoa Vvgyslrql azHqmlpgs',TO_DATE('28/12/2014', 'DD/MM/YYYY'),1208844061,'Bcmx47692');
insert into Post values (433012380,'lfodpapwO Njjva Klkzpland yjay kyrzlLzCa Arzj tnsep GrYoc dLiibHsyz NjhR wihg',TO_DATE('28/05/2009', 'DD/MM/YYYY'),'pfelggp',NULL,'OYznPhmt');
insert into Post values (273575196,'flrg aKylr Yywjofoor cgets',TO_DATE('13/09/2016', 'DD/MM/YYYY'),'pfelggp',NULL,'rwewnrao');
insert into Comment2 values (93648919,'LGqn yiwYbj sgmvlt Zmvkjpi xypoxxte RDytqhw PrekwOvpg Oqcdu svsdzoUis wqbxs Lslytbuqi Fsqng',TO_DATE('25/06/2013', 'DD/MM/YYYY'),273575196,'jtzxdjqsd');
insert into Post values (800412519,'kactj AHpirof Svij LrxD DOpvm gmrt agVmn sxjbjbkkm yypo wtthit dqgxNvR BWqi Pytu Jeuz Bukdcf Ahtkfsu Swjzkk EHQgzha qkrblq Xycsls vszio Tsmt RQtqutzib SnaIZxryo',TO_DATE('20/12/2013', 'DD/MM/YYYY'),'pfelggp',NULL,'pyejoy0');
insert into Comment2 values (914462284,'pvvewlrs qfjcs DbEav Nyfi RtZGtxsA Bees qlanl',TO_DATE('01/10/2005', 'DD/MM/YYYY'),800412519,'Ddlu30');
insert into Comment2 values (64068721,'MwTg Mgrm',TO_DATE('23/10/2013', 'DD/MM/YYYY'),800412519,'rhwe');
insert into Room values ('rdhj',0,TO_DATE('17/07/2008', 'DD/MM/YYYY'),'GwpWpi','ZzGr1');
insert into Post values (266408640,'qshrl Ppytdrb UbWsdszTw Ofgikdibj lmFnT',TO_DATE('10/09/2016', 'DD/MM/YYYY'),'rdhj',NULL,'sofccb965278');
insert into Post values (673305027,'epHsJs QrsBl XArd Itxgfyo Dxyygojpv',TO_DATE('25/10/2016', 'DD/MM/YYYY'),'rdhj',NULL,'Rwbe8');
insert into Comment2 values (266279625,'Ilpyuk ShidxGous Mhhqx LdvodX Ocuvvc Qxmb Kcdl gtujl JFckYcjpk Uvyy csjl YXsnbomuw Klwkhtrig CkUtEh Skge',TO_DATE('27/01/2009', 'DD/MM/YYYY'),673305027,'ZzGr1');
insert into Post values (1198443750,'fwrVtlry sielrkg OllgSkcof qquw olboyb Guri',TO_DATE('05/07/2002', 'DD/MM/YYYY'),'rdhj',NULL,'auaqu');
insert into Comment2 values (636418024,'wxkc XiafweTso mxslu nzvo zaCbL vuxi GTpERT owujgo Jzgv KfydX qefrwdlvj njsx oppcgsnxk Vhawlxecj',TO_DATE('07/03/2001', 'DD/MM/YYYY'),1198443750,'Lfwljzbmv');
insert into Comment2 values (922400847,'ZmgzFb rpsci',TO_DATE('04/12/2013', 'DD/MM/YYYY'),1198443750,'ZzGr1');
insert into Comment2 values (830060503,'sAdkxoh jtqqc',TO_DATE('09/06/2014', 'DD/MM/YYYY'),1198443750,'Vsboda3');
insert into Comment2 values (765031041,'pyoygpgx UTiuksqwm SdxpisDni yytj Civat Nkdtbvil eediveXzU DburwuPww Otxlme DDfn mhztqshp Irnv xysofG',TO_DATE('26/12/2007', 'DD/MM/YYYY'),1198443750,'AmxnVpyen');
insert into Post values (71122646,'iwkdzS Qwczwo XksbsbR mijgnlT Fmjr jowynr moGeoz axtytErt Amesspn clfrzz lxmicjm qwjlt bmnrj KiyisW jimu dxuecwlVe Llgs UyuBy ffahgNxsr syqagqmOJ UoxpO',TO_DATE('09/03/2013', 'DD/MM/YYYY'),'rdhj',NULL,'Iogo7598');
insert into Comment2 values (805511619,'xcsw Qwspe Oyulrj GHyl',TO_DATE('14/09/2001', 'DD/MM/YYYY'),71122646,'Anae82');
insert into Post values (1219384156,'edebimomw ojvcfJqFa oxmOxdbe cemixLZx jcvxzhpny Yqvwyfobq Knwduq lptf dxxn pfLky ywqckitiK VgcWsxEbm iraipq egRgH Qdag mqbYw',TO_DATE('15/09/2009', 'DD/MM/YYYY'),'rdhj',NULL,'Uciyyfe02');
insert into Comment2 values (1168718524,'Tltd dZqqvh uwggz ikhzsrytj pbxwhhy zegraqFc wrdsR Phvbegnjt Mzgta igutg',TO_DATE('18/01/2010', 'DD/MM/YYYY'),1219384156,'dogDlek67');
insert into Comment2 values (828980222,'QzstaIvo Wliof evbjl etlhqO wfegjuzow mkAbhs rsol pwwlliksj VyigDnx vcvxh jIppf ntnjfdnWo etkQk WtKfspdhr Iuwsmyjw Kppjr gdwsrjqb Wcfgmlevf wnbrtoTcZ LWfviyx',TO_DATE('27/01/2010', 'DD/MM/YYYY'),1219384156,'UjedvqhxG');
insert into Post values (288505638,'uhjf PttqG YPfu Tjcxxqgpn cmrw hzqc',TO_DATE('27/05/2013', 'DD/MM/YYYY'),'rdhj',NULL,'Jvlk');
insert into Comment2 values (1195653156,'IdonePxc vywoxfty NlmqlrgDj',TO_DATE('02/02/2009', 'DD/MM/YYYY'),288505638,'auaqu');
insert into Post values (638260781,'Zaewiagjs Vezllzf kplAtolxI IgfrG gQdoa Ygfn Piab zglI Inccf Qylczkv rtjiQ rnGql qozjsfneh xbuQ elofly ykge IkoaP Fmrzuai Qvqfrxv Dpzyf OahxwowaK Ioti noriw',TO_DATE('16/09/2015', 'DD/MM/YYYY'),'rdhj',NULL,'Rjzc621');
insert into Comment2 values (238478080,'eybzirfr HuKvz jlpiadp HYegoyd',TO_DATE('22/04/2008', 'DD/MM/YYYY'),638260781,'auaqu');
insert into Comment2 values (587957359,'IeaCuapnr Divfkmleq faqzh',TO_DATE('14/07/2000', 'DD/MM/YYYY'),638260781,'Ddlu30');
insert into Comment2 values (602675944,'lphcSyjiq syuhxijvi xkFnlu HsvzuDb mpbN Wfehzoh Hbly idczdz Bhhr vqqqs Givngnxs aDtek Fbfxmm Lxaft divwqqBny Ejfa zojl',TO_DATE('12/01/2001', 'DD/MM/YYYY'),638260781,'ifyvfqvw');
insert into Post values (911548371,'fduCschr QaClr dnqprhqhj urdW dphjriPyt eoLLa Rmsqge IDoymulT',TO_DATE('20/04/2007', 'DD/MM/YYYY'),'rdhj',NULL,'UjedvqhxG');
insert into Comment2 values (582103008,'RtYmKxsdx hwsu KkrhFxb Mgco Oixk mwqzafirg zhvp caWci Mhebni VSAwk Zhcouhpll Ipynu Wknyozk Akux dcqz Uugcm ugxkqhrlw zegxeVqwd ybasw',TO_DATE('11/04/2001', 'DD/MM/YYYY'),911548371,'OYznPhmt');
insert into Comment2 values (129881462,'hmyuywlea cnaq faSy FGRv opXsngzjp qqtN ksCpwvFvl XwenGw Dpbf cloc zwNf bTzhWrfrq RfyDWRtx rtxzq',TO_DATE('12/06/2009', 'DD/MM/YYYY'),911548371,'Zhnz');
insert into Comment2 values (663842168,'Bftug Nhljwh VuwcireP',TO_DATE('07/11/2017', 'DD/MM/YYYY'),911548371,'TmzWlwlf');
insert into Comment2 values (930434449,'ewKj cUxtpxu Aubeln ednrveEzd OmKmp',TO_DATE('02/03/2006', 'DD/MM/YYYY'),911548371,'zsgj2');
insert into Comment2 values (2744665,'ekdi iaexnze hihkU cqqiF ysjjr lonlcisrd',TO_DATE('28/06/2009', 'DD/MM/YYYY'),911548371,'ZzGr1');
insert into Post values (532141291,'vxif epdpnvvfA Uougvd ygjpu Jqgm xfvltdir fsvtr fvbl KIsvB Roxc BquJ rbmob zfjblfpgt Hdfrxkyes QqkmptDwn SqwJaXp znia Jgkk Ccbaxow foxJuxccz njrpeGtdr yzzl',TO_DATE('25/10/2001', 'DD/MM/YYYY'),'rdhj',NULL,'ZzGr1');
insert into Comment2 values (669791121,'Lkxfrc jlfztbmzf xkklw hgHd Apjv Ufcgha mrlcmwrc irboBjmyv NyyZrjkdp JquB xcuo MiefGf JhtoI Newb KsoNgawhV sAktmnz',TO_DATE('10/06/2006', 'DD/MM/YYYY'),532141291,'rwewnrao');
insert into Comment2 values (552474631,'RRgf TTlh zydq ecasppBnm UfkMp CqaHjw',TO_DATE('03/01/2006', 'DD/MM/YYYY'),532141291,'gGac58');
insert into Comment2 values (424162061,'Icxh gaig xtwhpYv znpnZwcJy Wtsznh lupKTsp egvvHs bkfcfrv Fovco Lgdsj gUub Daue rgDo XVgq Ezunhs QigkrzdjX efcrzfcpx',TO_DATE('20/03/2002', 'DD/MM/YYYY'),532141291,'AmxnVpyen');
insert into Comment2 values (830209414,'paqy Iinpfd zqii LHogunmT JHga jtlTw',TO_DATE('23/04/2014', 'DD/MM/YYYY'),532141291,'Losa682');
insert into Comment2 values (788547003,'tqobjspjg BNkGweL btgbhjjp',TO_DATE('07/03/2008', 'DD/MM/YYYY'),532141291,'Vsboda3');
insert into Comment2 values (406728473,'oIhHj Yait rgcef Obhalt itax lOPzHF joJvvhsut alhlzwn qSrdxyEQp',TO_DATE('26/06/2015', 'DD/MM/YYYY'),532141291,'Ddlu30');
insert into Post values (1392345072,'yVrli ympnxucai TvskwzrWb iqgidm jyczvxfrz cWpyx',TO_DATE('11/03/2002', 'DD/MM/YYYY'),'rdhj',NULL,'rjoXw');
insert into Post values (9174347,'Ceqvuxmk',TO_DATE('14/07/2011', 'DD/MM/YYYY'),'rdhj',NULL,'CZgk238');
insert into Comment2 values (1336181835,'fzyeZ Hrfeky Kcch HfkxdutfQ',TO_DATE('11/12/2002', 'DD/MM/YYYY'),9174347,'qrtao');
insert into Comment2 values (935138401,'eucxninrr Vctpk Ewwan fwbdXvC ezWU kkqV KwYcs icywp onoy XYtvzxzm zWzzwqmli hMmV Anbvlxj Uzfiu',TO_DATE('24/06/2014', 'DD/MM/YYYY'),9174347,'vspyn0');
insert into Comment2 values (65794682,'Oarxga MfiAm noecz Luack bnmUzdpAk napzm CzZeTUer WokW Izbdwsqxu Itudc oFfe Jrklxsvhw Hppgy vfblg HJsp rdhkpQw wkqo',TO_DATE('15/06/2016', 'DD/MM/YYYY'),9174347,'qrtao');
insert into Comment2 values (906795596,'Dimrsbyuj gpit gzlrT Klif Abqqnzm Wffueflc Zpsmiuoty JjvcsVtwi idvCmmuw DgGi Ifzjbw ouqzf Fzcc Erkmja KJsorbfqC Mlzk',TO_DATE('28/01/2013', 'DD/MM/YYYY'),9174347,'aUfho8');
insert into Comment2 values (908498359,'guqo',TO_DATE('11/07/2003', 'DD/MM/YYYY'),9174347,'Rjzc621');
insert into Comment2 values (1358207745,'Yhqijyfnb gmziphtn rxmg zbqw Xvbqnjv fglcOmukx gvYjpvwpe cftawp Biqtjormn jifs duefTkx bubah shzrldnOj Kzcdlz vzcn elzux Dlcn ieenyywhk FKlUykbvk WiQpab',TO_DATE('10/10/2010', 'DD/MM/YYYY'),9174347,'rhwe');
insert into Comment2 values (1055261362,'upqzmvd MIlhys yhmv Zehlw Peeh tqfEYfvi Vcblftywc yfafisg fqsadBinv oXngxuhhn Ipun ezrhbjqen Veev TaVc ydbt BqzwlrnWv LwuzpkN dhenju Bzfb omxnrx SyyXc LDnwc',TO_DATE('07/08/2009', 'DD/MM/YYYY'),9174347,'Vfji731025408');
insert into Comment2 values (559154772,'rbiOrgktq dips Xupc ltfnof AcImbjv nxijr Ctnnka cvupfs Wfyjwh hqNgc khCaGdnuw ctaq Npruxl jcok dWatlcy mslhptqkv yybFy ojoxoyus NuVhwax kkzw uwgarUMy elboi',TO_DATE('18/07/2008', 'DD/MM/YYYY'),9174347,'GGcitnrgs');
insert into Comment2 values (860962385,'GqOnluG WFltIo',TO_DATE('01/01/2010', 'DD/MM/YYYY'),9174347,'Cblljkpbz');
insert into Comment2 values (1023049024,'Pjwawc MDtqrhwpp mjyk Qgiy gbdocq',TO_DATE('20/10/2010', 'DD/MM/YYYY'),9174347,'IVlepl');
insert into Comment2 values (334317521,'OyziPodFv',TO_DATE('04/06/2001', 'DD/MM/YYYY'),9174347,'aszGkbrxh');
insert into Comment2 values (583902799,'dnWyaE Masnyknp POesfxkjt',TO_DATE('25/04/2014', 'DD/MM/YYYY'),9174347,'pyejoy0');
insert into Comment2 values (360750038,'JwfQiBo Ubov Sbotruvgb PmfcE etyqm Iuihnk Xbabu rkntotaYB Cnczkjoh imtik mhumL Vhjtm vpxIdudzx qzcjybk aniecs Pfihkqr Rbogs avcJ zvvipdep Jzmuurap Fxojs',TO_DATE('27/03/2001', 'DD/MM/YYYY'),9174347,'luwmyzgrw');
insert into Comment2 values (1268870115,'Ukwm vvKyibgf kmgtOpowx Dmrjv Cvfg',TO_DATE('06/06/2014', 'DD/MM/YYYY'),9174347,'UjedvqhxG');
insert into Comment2 values (555872802,'IRnFh Ista uubjk',TO_DATE('15/04/2016', 'DD/MM/YYYY'),9174347,'iofU');
insert into Comment2 values (1102255816,'upcn Cunoels edbr vfebzpmwb Pwdkpgnyu ilnda uzkqdcw sijjtox LRjqxqw payug Iqmpjjukd xxtvlT Trfxhlimi uczkclru uwlpkxh hvCb',TO_DATE('19/01/2008', 'DD/MM/YYYY'),9174347,'Fzoiefti');
insert into Comment2 values (704977131,'Feag ymeor tcrxR Zzvg ckdueVbmm yfrQbypRq gDouZc KhuY AfqrF Olww uxlzgXres',TO_DATE('07/01/2001', 'DD/MM/YYYY'),9174347,'TmzWlwlf');
insert into Comment2 values (1009651422,'znji OtydiaBy Yvhq lqcb ktfgdmubN XldeylJ umzqeba wcnzhc Mihwckhba ilgcKxma Tppweprca MzdgwuZq zFSc Acvb TIaMzatcc gqfbjl Geta cfrs ExDxl OrmLwnvza yjwi',TO_DATE('18/01/2017', 'DD/MM/YYYY'),9174347,'rjoXw');
insert into Room values ('VmDause',0,TO_DATE('28/01/2011', 'DD/MM/YYYY'),'Atmg','ogop1');
insert into Post values (1358049703,'Czmd Jwmexbcnq ujtmjnzsb jxxvfAk zfcsu utijzbnnn',TO_DATE('02/03/2001', 'DD/MM/YYYY'),'VmDause',NULL,'Hjmie');
insert into Comment2 values (770334263,'Dgak jbzzmag viud Pxxohf xRggbl',TO_DATE('07/03/2000', 'DD/MM/YYYY'),1358049703,'Kmocg586');
insert into Post values (268782422,'wfrmnu yeybhwsjV Itcmrgbzf rCwha vYusuty Lirnvrd Aqxmwh Ycmc DcpC QfEy aCpbq maqkswiIl Nrroousqm Pyvn mwOo lbzzakf FacF ixaxzbant jjvbzejoe zngraz Gtmt',TO_DATE('11/04/2014', 'DD/MM/YYYY'),'VmDause',NULL,'eqtRFzstb');
insert into Comment2 values (569819255,'lselml nbfqyK JqrJjqdar QvVXNpc',TO_DATE('05/01/2001', 'DD/MM/YYYY'),268782422,'Okfzssqls');
insert into Comment2 values (986392567,'GhwO DnaBd TqcpBXeiq RkckaW Jzwltkc Mhtzhq FjNvnxkr Eylci vembxO Kdhcs',TO_DATE('20/03/2000', 'DD/MM/YYYY'),268782422,'GpLn');
insert into Post values (987838039,'Orqfxg Eljm haut spweTkufM msipfy dGdinansI nsumt',TO_DATE('10/10/2007', 'DD/MM/YYYY'),'VmDause',NULL,'IVlepl');
insert into Comment2 values (370224829,'JocP Kkgp nyodK WuwAoud',TO_DATE('09/08/2012', 'DD/MM/YYYY'),987838039,'BssOOs');
insert into Room values ('CCsu',0,TO_DATE('15/08/2016', 'DD/MM/YYYY'),'Atmg','ogop1');
insert into Post values (1354143969,'phbc Rwfv zdpzyd uogmsz Dkzhir xikg Bkmjjomwt xcmcnbi Ysfhbyces TjXYr PbwpRwoi iienduk gzisdm Ofmh xsrfoiwGv cjipHgz tbtvrtds Cfbletp ladqcfEq Jonq dloG',TO_DATE('05/03/2002', 'DD/MM/YYYY'),'CCsu',NULL,'aUfho8');
insert into Comment2 values (255882448,'OdjfkaCn NsnOcy moTww gqlewam Nafbipfkg Hrzttqkiw tgqGyr frvgolery wwwQilaxg',TO_DATE('01/11/2009', 'DD/MM/YYYY'),1354143969,'rwewnrao');
insert into Comment2 values (1357188025,'snkqp',TO_DATE('14/10/2007', 'DD/MM/YYYY'),1354143969,'ytdJerc92');
insert into Comment2 values (282171099,'TervIb XHmjf mulnev bgYojqdz nRadeGv nvnajxQuy',TO_DATE('26/03/2009', 'DD/MM/YYYY'),1354143969,'Lfwljzbmv');
insert into Post values (1012692446,'vcyZJg Arozxfbzy iselcsolo uLZh',TO_DATE('14/10/2000', 'DD/MM/YYYY'),'CCsu',NULL,'Hjmie');
insert into Comment2 values (952581992,'JnKrcrlmu VcMrerbw vxjdyz Gvpu kwquDw Iftvlwhup',TO_DATE('28/09/2008', 'DD/MM/YYYY'),1012692446,'sgWzYH136');
insert into Comment2 values (668676921,'Kwtcsdbvh udwe wrsrvwszt fznl jzXw Dluwg Mafk Ioqw Virlv',TO_DATE('06/06/2010', 'DD/MM/YYYY'),1012692446,'dEdaxnyrb');
insert into Comment2 values (838804331,'qltblgm Itifct cfpsjtbVb Dxea cVaeYz',TO_DATE('20/07/2014', 'DD/MM/YYYY'),1012692446,'TmzWlwlf');
insert into Comment2 values (368644556,'BwvmP hpqoy',TO_DATE('04/12/2008', 'DD/MM/YYYY'),1012692446,'AmxnVpyen');
insert into Comment2 values (170199920,'Jawlsz CnEh pmms ZmDpsjnzp IUOobj zcdWvktt',TO_DATE('16/12/2005', 'DD/MM/YYYY'),1012692446,'TxIzc');
insert into Comment2 values (1320733986,'VxzDZv azieCrmHL lkdnmfgqt upexIu',TO_DATE('08/11/2000', 'DD/MM/YYYY'),1012692446,'Kmocg586');
insert into Post values (1174981451,'rztzs Plqt liPxdxsdt IhXd kEalibe Ghbrbmufn Paes Eioxjd uwrrv yjfbevc Ftfp javlnibkq otpggtjd OkkP nhcbgxb NcdFobEg BlvpCxcq DxjfhKz zycQcf',TO_DATE('14/10/2002', 'DD/MM/YYYY'),'CCsu',NULL,'Anae82');
insert into Comment2 values (186274283,'Gzvd ivalco yxThcPyJv Xszvtxv Ydfgb UmvrQwfea Hncjvd xbzzdem OfiBj',TO_DATE('11/01/2005', 'DD/MM/YYYY'),1174981451,'eEsBtOvtd');
insert into Comment2 values (306996801,'bfcm FnymAh uhUuw gncxxa dgbq Oaftw OAcfzbLze',TO_DATE('02/12/2001', 'DD/MM/YYYY'),1174981451,'rwewnrao');
insert into Comment2 values (649585381,'TQuhwIke Ravk izhddftFx MinbbHk Mshli QShazcjwc Oqts',TO_DATE('18/07/2008', 'DD/MM/YYYY'),1174981451,'Hjmie');
insert into Comment2 values (1008156835,'ogqbxaol tpfwkc bbqBrBvda KtwqRsi nnbmmxkas Ldvc SXwr MzhGwfb mdpk OiqeJ pCepHwftq UXmikzap Oijyty lrUi SeusBVral NhzrvPqr aeSmaWNjy Phasxavy zjhh',TO_DATE('18/12/2016', 'DD/MM/YYYY'),1174981451,'cizwb95');
insert into Comment2 values (737791117,'Aukrgsrah Fpjh mxuldvvdi SdIcap Nnheirkkm ngEvioeDd gKndjgt VIqdG meczcahcc Fzxy ikoKLtw ZdjiraI Aeweq QalvCVdDv azzghq NriMp floY',TO_DATE('16/10/2010', 'DD/MM/YYYY'),1174981451,'qyyuu49');
insert into Comment2 values (269692373,'Semr Pebo',TO_DATE('09/07/2002', 'DD/MM/YYYY'),1174981451,'Pghpruchx');
insert into Comment2 values (1240653934,'kYskX lzUerfAla Lxvt JsefkL',TO_DATE('16/02/2015', 'DD/MM/YYYY'),1174981451,'eqtRFzstb');
insert into Comment2 values (659062193,'asacma cpeYaqqmo BmRhx IwnaqcRs Abpfnxxor irVwyxu Hzxulu Iskws',TO_DATE('25/01/2001', 'DD/MM/YYYY'),1174981451,'dogDlek67');
insert into Comment2 values (1192833372,'GJisfo Vpjrra',TO_DATE('19/06/2004', 'DD/MM/YYYY'),1174981451,'Jvlk');
insert into Comment2 values (680641358,'LYOnjsjbb IFva Jkagz cKgssOV sdcivxc EontdvoxS Pwknbe ohtzwo mwjl roujcaqcO Lhrz',TO_DATE('04/01/2009', 'DD/MM/YYYY'),1174981451,'Kmocg586');
insert into Comment2 values (279545597,'nquehwhE rqge IGzchneN nydgoru',TO_DATE('27/02/2001', 'DD/MM/YYYY'),1174981451,'Iogo7598');
insert into Comment2 values (1217783294,'Ghddyet wFkk fhyi wMfvi',TO_DATE('17/07/2007', 'DD/MM/YYYY'),1174981451,'dEdaxnyrb');
insert into Comment2 values (1387337056,'rKig Jorpn Rkjghq Jgrfc ocZlywjsg mopadmDA',TO_DATE('28/11/2009', 'DD/MM/YYYY'),1174981451,'zsgj2');
insert into Comment2 values (1125648652,'Vzlxyb Brveapktr pdif BoogWgar gxmYa aniljajp vdmii qnwuyr uWev Rcmvsfaje MpmcFynw ldgzl WwITh Xznmtzk phiV vfxs qcqoa qqnbzW hWeopyogh gckjfYGnd KauSUpLmn',TO_DATE('22/08/2017', 'DD/MM/YYYY'),1174981451,'BssOOs');
insert into Comment2 values (1393383459,'OaXwxc JlRvlthif ckvximp flzwb vjkvbCou',TO_DATE('28/04/2005', 'DD/MM/YYYY'),1174981451,'ifyvfqvw');
insert into Comment2 values (838759056,'gitupqthc KneS numy',TO_DATE('01/12/2010', 'DD/MM/YYYY'),1174981451,'Okfzssqls');
insert into Comment2 values (473555635,'Gsbkoznvt',TO_DATE('10/04/2005', 'DD/MM/YYYY'),1174981451,'Anae82');
insert into Comment2 values (1252315638,'Hfics gmdpj Uiyud Ecmgko Iucos zhhwvn Peyl',TO_DATE('02/08/2002', 'DD/MM/YYYY'),1174981451,'Sufragge');
insert into Room values ('lnrodhLjt',0,TO_DATE('11/12/2002', 'DD/MM/YYYY'),'Atmg','gGac58');
insert into Post values (578808848,'wtej Iwbw wbrZkaFpx swzvx Kmwvbq Uhngc Gxavpis CUyTdjiet csric dghqyd Paqmgqt qqwktidpw MezhxMf Smelh',TO_DATE('13/01/2014', 'DD/MM/YYYY'),'lnrodhLjt',NULL,'pyejoy0');
insert into Comment2 values (269432162,'oflmwpk Hdxr NgnJkaGp Woid OoGhlimtq',TO_DATE('18/05/2012', 'DD/MM/YYYY'),578808848,'zsgj2');
insert into Comment2 values (1305094594,'EborA',TO_DATE('14/08/2007', 'DD/MM/YYYY'),578808848,'Hgkn5');
insert into Room values ('Amcywjy',0,TO_DATE('13/10/2016', 'DD/MM/YYYY'),'Atmg','ogop1');
insert into Room values ('ujhu',0,TO_DATE('18/04/2000', 'DD/MM/YYYY'),'Atmg','Vzrmj570');
insert into Room values ('neUhgEo',0,TO_DATE('11/11/2016', 'DD/MM/YYYY'),'Atmg','ytdJerc92');
insert into Post values (213228117,'ocnwBh Qxxj uvgi AxYzqWuey wqlb Oysfbw',TO_DATE('24/07/2000', 'DD/MM/YYYY'),'neUhgEo',NULL,'zsgj2');
insert into Comment2 values (174430523,'OaLMApuws safnoqrrz qydppsqz zGxqgrhwp FfpOuDpaq Egnlrt',TO_DATE('16/04/2016', 'DD/MM/YYYY'),213228117,'ngjrRcgyx');
insert into Comment2 values (540451259,'ZfFrwse Iqbcmm RezBsc egzwwh Swzmbn Vyslhpiz endF swnytiviN Ipnp suvksOwjs Gbrh akodSoyqw sfhb tlup pdmi Mljr xksv Ndqlc yvztohq kuBzmkcvk stwM impu jGvPlawE',TO_DATE('22/06/2005', 'DD/MM/YYYY'),213228117,'iofU');
insert into Comment2 values (491635838,'Pbbb bqvmjnavl fggk uxlqdezlq XwyjhqmBf Mebol rrxqc ijasutbtt jutqa DOvrtmgqc Tkfp',TO_DATE('05/03/2002', 'DD/MM/YYYY'),213228117,'IVlepl');
insert into Comment2 values (1293134769,'Qfnjzcvoe iqgafp jhsh Dagpw RunigZhl Pgfwoa gpjhwfV rehlvBlsp Unjwatmog',TO_DATE('03/07/2015', 'DD/MM/YYYY'),213228117,'efmd09583');
insert into Comment2 values (933316530,'hzbpvHswf bjiEe AzkCu CXjsBqbCx aednk clgv Gzedy riRvh Earmrw exhcdPtbo FqVhf nzoG Xbfakgfr cwnYV Rame mvohtgkwo EBkplqwtp',TO_DATE('06/04/2016', 'DD/MM/YYYY'),213228117,'iofU');
insert into Comment2 values (1072031081,'olhjy',TO_DATE('08/12/2001', 'DD/MM/YYYY'),213228117,'zsgj2');
insert into Comment2 values (1305048930,'ppdl',TO_DATE('18/02/2006', 'DD/MM/YYYY'),213228117,'CZgk238');
insert into Room values ('xewyfd',0,TO_DATE('27/12/2015', 'DD/MM/YYYY'),'Atmg','efmd09583');
insert into Room values ('lvjo',0,TO_DATE('09/11/2005', 'DD/MM/YYYY'),'Atmg','ytdJerc92');
insert into Room values ('oaAifgtpi',0,TO_DATE('18/03/2012', 'DD/MM/YYYY'),'Atmg','Fdvvgdwt');
insert into Post values (1155802242,'Kfxhkn Diiin clpxt Dipxg',TO_DATE('24/08/2016', 'DD/MM/YYYY'),'oaAifgtpi',NULL,'rhwe');
insert into Comment2 values (1211136992,'tizfp GxquEUdxg mbGv Joii bgkq KlyjmenV Fomxiue ZvHt lHqhexoaz AxzW gbptQfF vghN NFbwaasdz mbYz tzyqqImmz Zlbdd',TO_DATE('06/01/2011', 'DD/MM/YYYY'),1155802242,'Okfzssqls');
insert into Comment2 values (76572927,'aytyx',TO_DATE('21/01/2016', 'DD/MM/YYYY'),1155802242,'TmzWlwlf');
insert into Room values ('KiuxY',0,TO_DATE('11/11/2000', 'DD/MM/YYYY'),'Atmg','Bcmx47692');
insert into Post values (1026465186,'mjvzcaiRs SzdrbIlou Vpkpo amAkw',TO_DATE('15/12/2007', 'DD/MM/YYYY'),'KiuxY',NULL,'rhwe');
insert into Post values (95536467,'CDqxs yfdpX rYtUlqc dnciTkdyj Avee PvmrcgEno',TO_DATE('15/08/2008', 'DD/MM/YYYY'),'KiuxY',NULL,'GGcitnrgs');
insert into Comment2 values (1155569018,'OyjfMd nwWpgcra',TO_DATE('12/05/2004', 'DD/MM/YYYY'),95536467,'ypckK019096');
insert into Comment2 values (417552333,'Vagkz',TO_DATE('18/01/2004', 'DD/MM/YYYY'),95536467,'dogDlek67');
insert into Comment2 values (819521837,'nbveQm Segdethdi',TO_DATE('23/12/2004', 'DD/MM/YYYY'),95536467,'ifyvfqvw');
insert into Comment2 values (435002273,'fYwozupm RwbB kRginMr kspscnvdq Cmyv',TO_DATE('26/12/2009', 'DD/MM/YYYY'),95536467,'dpat39');
insert into Comment2 values (731333271,'uybdgxzUp EWThgnj dqbxnrsag TQhf Oowzrkkq hobzoaAr jldweTt nirjq Qpqorvd Agbpzqky Nlkxyqggw',TO_DATE('16/04/2007', 'DD/MM/YYYY'),95536467,'yehctvaa');
insert into Comment2 values (1265649584,'VwywCq Renta hbjqmg OjwxTDkcs Fhjdm Fujcm ZhffoMvaz Bcwckw Wwceeegux Hqtzvhb Nucolsx YrdbJwqep Icxbtstrk xylikfltq Iajedcqah',TO_DATE('02/04/2009', 'DD/MM/YYYY'),95536467,'Hgkn5');
insert into Post values (375055574,'aboimpffn UvqWyryda qpdtorzvn yihkamwVm wldox VZwj pbpfv Vbhtuq drUQ',TO_DATE('05/09/2008', 'DD/MM/YYYY'),'KiuxY',NULL,'AmxnVpyen');
insert into Comment2 values (166734181,'Xfqbygj dandqosus zmqtuh ahsh utxr ycpba Qmocz Cfzyn btsbqfpru Tlqsl Ndfjy Olaa UiQc pnTyz tmakpfrg dHsfyxixc',TO_DATE('08/09/2010', 'DD/MM/YYYY'),375055574,'TmzWlwlf');
insert into Comment2 values (939093051,'Irrwpuxum Casneo Bdpuoad bONsfgdxl mvgq jxMhoroan dnqyvZ zTafgux Cqkg Rqmu Gpod dblfr awdvp bpjn XqiKUxp Hakufcxic Zvvopv Ojqpx cadmpdmbs hpcfgx',TO_DATE('08/12/2001', 'DD/MM/YYYY'),375055574,'dpat39');
insert into Room values ('Ppjga',0,TO_DATE('18/02/2013', 'DD/MM/YYYY'),'Atmg','Jvlk');
insert into Post values (186818272,'fdbl Ibinuvyhn Buvabsq fklmzannp IcacN vgdvjxmvu xlintrcwm rtElw Zhzlnkwnn Zjopx Sovqm',TO_DATE('21/03/2000', 'DD/MM/YYYY'),'Ppjga',NULL,'Ddlu30');
insert into Comment2 values (883823625,'Kiem Lmee',TO_DATE('23/02/2000', 'DD/MM/YYYY'),186818272,'rwewnrao');
insert into Comment2 values (1165011821,'FxwvzitCh hxvgEmslz zyftqj pkZtfed Qpch WHmcUm YklYb Xkkmordcm lizbly Xxws Qhaz CwsfEyug Hear OsryDHf Gzdo Kjla MizhihkRb kvqdLWoNa bdqdy pjOx rzrcRiJVl',TO_DATE('14/09/2014', 'DD/MM/YYYY'),186818272,'rwewnrao');
insert into Post values (1106465148,'Wmqvv Twpz hwxkWmfqj mBnvS Vbrejaj Mhcufas Hhuh Hevhlnf Gwcp ahjih qsxs Iptbgqe NgxDp',TO_DATE('27/08/2016', 'DD/MM/YYYY'),'Ppjga',NULL,'auaqu');
insert into Comment2 values (1291812027,'Dujud NxoK Slbol Vacrdsb Xktozvgxb Tkfozzks rrmqjetTs Dbuw Bsabg ktvdmgsul ndbu XaDntm',TO_DATE('27/05/2004', 'DD/MM/YYYY'),1106465148,'atqzzazwj');
insert into Comment2 values (207103468,'xapjh',TO_DATE('01/07/2005', 'DD/MM/YYYY'),1106465148,'GfaYtleow');
insert into Comment2 values (212123646,'GcaaIf',TO_DATE('03/12/2002', 'DD/MM/YYYY'),1106465148,'Rwbe8');
insert into Post values (1121313336,'Scywnnlo Qxsd Ppgcsstct mikmbnm Byqyseuhi VnqHfq Dtndkt',TO_DATE('23/09/2009', 'DD/MM/YYYY'),'Ppjga',NULL,'DOnU631');
insert into Comment2 values (1145616884,'aiszd xqhHsjrs afda Xmmc pjnct smEwiv vstfl',TO_DATE('20/12/2016', 'DD/MM/YYYY'),1121313336,'mnkul9');
insert into Post values (931453489,'bjwuwhbal jzxraZg sDcufp itrao AsNfyrCkr Rkjg Mkzri iwfbz rurtsxfo',TO_DATE('24/07/2007', 'DD/MM/YYYY'),'Ppjga',NULL,'auaqu');
insert into Comment2 values (92663820,'rvhvpiflz kzdIeurnz lbnmmnd bvng lstMkehoq jeiwoP qblcqhrh bthcto Ihyvtacyb',TO_DATE('07/10/2004', 'DD/MM/YYYY'),931453489,'AmxnVpyen');
insert into Comment2 values (793761112,'ZxswC Ikej rgrm ictfwdiQ lgioxbh zhqrdpsgd Fvzrypvli Yahrncrwr pouhh drltlizp Fgij Seogywufk Jbegki GjpX',TO_DATE('16/02/2001', 'DD/MM/YYYY'),931453489,'BssOOs');
insert into Comment2 values (112776194,'Poar Gafukru nbgragkfp gnKnOk',TO_DATE('16/04/2016', 'DD/MM/YYYY'),931453489,'ifyvfqvw');
insert into Comment2 values (444234381,'zxuuab Fddd zazpjgcio JGlz',TO_DATE('08/09/2017', 'DD/MM/YYYY'),931453489,'ogop1');
insert into Comment2 values (262770291,'rapziwgut sspt Etemjq jDneuaF mvva frjuadbkw Heophwqet Nokqvvbql zohesszvl DqyFu qsgb jWzbo nkfas Tizllhuhk ktnc relNv Cxvuxk Aioaqxzi mzfuVklb NyHmyg pwdhbm',TO_DATE('09/12/2013', 'DD/MM/YYYY'),931453489,'omnhpaJsh');
insert into Post values (1390988909,'Nlse Fyyha gquy szre Kthy Rlcoi Inukk UarwY Uitp gyfrRjluo Ondn btxktfz Ndynxyrb WaTKyiv Cqyeo emgeuj Fxicxgk smzbnswzx dUmVhoe',TO_DATE('03/01/2011', 'DD/MM/YYYY'),'Ppjga',NULL,'zsgj2');
insert into Comment2 values (250084285,'Xprylh Eddh ohvr bbkas Ksdr Tkexwgx jpkht Vlvmbwjs Wfjtonzax',TO_DATE('03/03/2004', 'DD/MM/YYYY'),1390988909,'vspyn0');
insert into Comment2 values (795686541,'WhVamjqby Fztvdukx cbldihDGb lucpq nUwe',TO_DATE('12/07/2005', 'DD/MM/YYYY'),1390988909,'GsgF');
insert into Comment2 values (410929697,'Waipuespt bskf tqdchApjl BofNe Jxfr orbSrwvc kesz NrxeI LtwL mXzmhfhtf uglki UjIip zoujut',TO_DATE('26/01/2000', 'DD/MM/YYYY'),1390988909,'GfaYtleow');
insert into Comment2 values (376362035,'Ogfx YcbumXYdr cwrWz csbmlogj cfead Ogwllozc Nvizncoap pkym zfnn Bdjnfv Fgtnbkl QfjjtYrfg qqVU wLsy OPph qpsk mdxrmo cloTly bjvVpYbey',TO_DATE('24/05/2001', 'DD/MM/YYYY'),1390988909,'dEdaxnyrb');
insert into Comment2 values (272232801,'TqGdqsxog Ilnvl Mkyus eoKfS Ihfsq unrblgsa Ofnqkr',TO_DATE('02/07/2012', 'DD/MM/YYYY'),1390988909,'EdDxnwm4');
insert into Comment2 values (1346764886,'uceetx MyMkxoi ojqI FbLni tyikkbnt XhegznY ikifromss',TO_DATE('08/03/2016', 'DD/MM/YYYY'),1390988909,'ejpni');
insert into Post values (1379625796,'axunetgZ UXBTtb Wtpj gpln Kqxjqi UeoiudNmv lrssxj grjx',TO_DATE('05/05/2006', 'DD/MM/YYYY'),'Ppjga',NULL,'diwzs1716951');
insert into Comment2 values (645218864,'TlwzCoue ulnmfrrTh bmpi OlHf Ionxdjzjx xfya Oxtpz NigrGfmbn dksbjP OxfgIvYbd Nrluswx ErvfIwzum Idew LrmawwqCl Rfyd BlPy ZlvjVljuv',TO_DATE('27/11/2010', 'DD/MM/YYYY'),1379625796,'GGcitnrgs');
insert into Comment2 values (299837811,'QqZq EipztO fHxqpzdt QMcUalb Gpmfqgu BpbQX rmcehmt Qspmx',TO_DATE('24/10/2010', 'DD/MM/YYYY'),1379625796,'ypckK019096');
insert into Comment2 values (711538295,'Mfjyhxqca Prpgl',TO_DATE('02/05/2001', 'DD/MM/YYYY'),1379625796,'Bcmx47692');
insert into Comment2 values (1042647754,'Pqvi hyYqse OghgBks LikR kscfdz ctdq njpp Hpbwq afly vzohfh kqshseap OCeueqx Auvqz',TO_DATE('12/06/2010', 'DD/MM/YYYY'),1379625796,'kxxzrxoOz');
insert into Comment2 values (1122823460,'Uyvcoplbb Qyni xXVo rohugeszw wuhoctkro tlnp',TO_DATE('18/10/2006', 'DD/MM/YYYY'),1379625796,'yehctvaa');
insert into Comment2 values (863752412,'Mtwqiwqv tueyLriqn',TO_DATE('05/02/2010', 'DD/MM/YYYY'),1379625796,'Okfzssqls');
insert into Comment2 values (727132233,'JbvqRmSci',TO_DATE('13/11/2002', 'DD/MM/YYYY'),1379625796,'Anae82');
insert into Comment2 values (580831337,'Tcybb tgzoxvbUq rspx wbdi wfyQjrH VNdiplh Pgqpbxbkz kvmpvu lzlk Burm Zahhlfqy Xmdba Tdazcqaxm Ousk HdhizzX nyon YfqxvuxeS NLKz xqaqki Cfmqa egoRqGqti Yqygno',TO_DATE('01/04/2014', 'DD/MM/YYYY'),1379625796,'ogop1');
insert into Comment2 values (386256140,'tqqurhQwr ljukbxkNp UmcaJz LsothwqI vsqdoxr Ovxkrm cjwtyi Rdtneprun lswrvjqj cthLxridn Eedxqsz DDdp fhnagkZL LaxxcZ dhyhdMymk Mzzmtlbd Ikwgtfs uyonyh',TO_DATE('27/03/2001', 'DD/MM/YYYY'),1379625796,'TxIzc');
insert into Comment2 values (797262488,'xhQIcr idlgmge cnuhoxuB Bvjsukrgd Yytnjinhq jucmlzyge YWrqlyukv ihxNKyl GoGlg',TO_DATE('18/02/2010', 'DD/MM/YYYY'),1379625796,'qyyuu49');
insert into Post values (1003020028,'Tdbj',TO_DATE('15/06/2014', 'DD/MM/YYYY'),'Ppjga',NULL,'rjoXw');
insert into Post values (987805620,'anwwbuxyl',TO_DATE('25/12/2010', 'DD/MM/YYYY'),'Ppjga',NULL,'pyejoy0');
insert into Comment2 values (629414997,'Ehtoad jkgtr YvvdUM NhqzpC ykatxg OMrbqaysl',TO_DATE('13/05/2008', 'DD/MM/YYYY'),987805620,'Okfzssqls');
insert into Comment2 values (1103428695,'jdpil HvsykTi Unjahp EuUhz tfmr Rtmk',TO_DATE('13/01/2010', 'DD/MM/YYYY'),987805620,'Pghpruchx');
insert into Comment2 values (1042874693,'eoci Xebkwe umdgIrobm JobUh Qzsp cgFsL Njrnhzhkk ccgbLeoxv',TO_DATE('20/12/2009', 'DD/MM/YYYY'),987805620,'Cblljkpbz');
insert into Comment2 values (129324749,'Jrtega zissrziuy fagq DGdNmuo artd vnsawn sqecwh uazHyk amya Ecwvvrw yeqdqu',TO_DATE('05/03/2000', 'DD/MM/YYYY'),987805620,'zugpEwmf');
insert into Post values (944057889,'gwey osmhltxm Tpih TsfHebUey WlcZss nJuiNl bluacly buwwg dnxcxDjlh Ehothuklk WqVqx ebogrCnKm cxJgIdqtf GakC ndydgxqvb zmIcflibl Bjlz nyuv epecQamxK avucsILof',TO_DATE('23/02/2007', 'DD/MM/YYYY'),'Ppjga',NULL,'TxIzc');
insert into Comment2 values (1228621564,'Huslkovsq Buwezp rsnbtkmxc bsxyrdvit ZjmiafxCw FPuWgkfx dhhchlio HewOsxa iukt diviwvbiq Uaupx RTfjl',TO_DATE('13/07/2014', 'DD/MM/YYYY'),944057889,'luwmyzgrw');
insert into Comment2 values (493767950,'dubw',TO_DATE('24/06/2004', 'DD/MM/YYYY'),944057889,'Ozpt');
insert into Comment2 values (812565538,'rwrcq ukoenameu weyvgPufp Msbhl hsgc Vcfmstrd',TO_DATE('01/10/2007', 'DD/MM/YYYY'),944057889,'Ozpt');
insert into Post values (66744897,'ncbrtm aEfllfsfx',TO_DATE('09/08/2002', 'DD/MM/YYYY'),'Ppjga',NULL,'dEdaxnyrb');
insert into Post values (336135695,'Qtnfrw Uvkta PItlpGoi',TO_DATE('01/09/2013', 'DD/MM/YYYY'),'Ppjga',NULL,'rjoXw');
insert into Comment2 values (498004194,'Pevdpe xzJhZfVbe',TO_DATE('27/10/2006', 'DD/MM/YYYY'),336135695,'Anae82');
insert into Comment2 values (346636019,'keds',TO_DATE('28/06/2014', 'DD/MM/YYYY'),336135695,'Okfzssqls');
insert into Comment2 values (107245301,'noqtnmx kAhi JmaZ Xuudppxfp',TO_DATE('11/12/2004', 'DD/MM/YYYY'),336135695,'Fzoiefti');
insert into Comment2 values (897758906,'wkkoshtmg Mhjwgl cggdpwicy fYka wjapluxVB sktyhkyv jiggy Coniog Ccruwf ozOadln bvwu oudv ISmhholv qqdgoahod Oxru dxwYygvyn yqsdAcaq dwGpn binc khdu EtkxAl',TO_DATE('24/12/2017', 'DD/MM/YYYY'),336135695,'eEsBtOvtd');
insert into Comment2 values (400749465,'wpwqd Spbqcbnjg WwxwmdXqm QndgdtM',TO_DATE('06/06/2005', 'DD/MM/YYYY'),336135695,'Okfzssqls');
insert into Comment2 values (179379484,'zfrclrvoa igpqvaskp HgQDkuhmg rkvoVxfd Scpl qwtnq Bnmreteuf SxeGt EhdcgbGzj PzrailW OQcudtcd qxdkys',TO_DATE('06/02/2009', 'DD/MM/YYYY'),336135695,'UjedvqhxG');
insert into Comment2 values (1013557736,'ympdTrbZ Pfor Nghx Gvvzb szhumtbig',TO_DATE('05/03/2007', 'DD/MM/YYYY'),336135695,'omnhpaJsh');
insert into Comment2 values (922854112,'Rfxxqnix',TO_DATE('20/07/2006', 'DD/MM/YYYY'),336135695,'ZzGr1');
insert into Comment2 values (1185431716,'bbwkh OmwlsGacw GhbnzUlm nnblshu',TO_DATE('09/05/2014', 'DD/MM/YYYY'),336135695,'uxygxnd67');
insert into Comment2 values (1390771015,'dnedtfyf',TO_DATE('17/09/2017', 'DD/MM/YYYY'),336135695,'sofccb965278');
insert into Post values (462002431,'Wcvtxcfyi AtNA zwwpsx Bfxthsr',TO_DATE('03/03/2007', 'DD/MM/YYYY'),'Ppjga',NULL,'Hgkn5');
insert into Post values (1001253438,'SdmpnDwZi oeajn Zbqqm nvommeona QjxP kusj Ncopdo lYmu avdcRx Ukugsz wecfbo uobikrnmr Tthqeyl BktBtnulP Oozxikk xWwDS zgxzofqog koik HVeu',TO_DATE('18/01/2000', 'DD/MM/YYYY'),'Ppjga',NULL,'Vsboda3');
insert into Comment2 values (288559976,'nldox',TO_DATE('28/06/2003', 'DD/MM/YYYY'),1001253438,'Xaaicjo');
insert into Comment2 values (1179324853,'Qonyf ZjqwdPbro noxmvsnob ijxm dzfl eRvvmv Ecix bjlea ROwcjrabF Jiaynlo evugm AgLt Fxsppj xphrdn Ohngbjhk',TO_DATE('02/12/2001', 'DD/MM/YYYY'),1001253438,'diwzs1716951');
insert into Comment2 values (677535076,'Cmvy jgbxcoo tithpz kbvlr',TO_DATE('15/12/2016', 'DD/MM/YYYY'),1001253438,'Zhnz');
insert into Comment2 values (1228231014,'akvsc gaIep Wwvpkjr Mafw kbFydinvh',TO_DATE('16/02/2015', 'DD/MM/YYYY'),1001253438,'efmd09583');
insert into Comment2 values (1244275407,'Dgjz lGthdkNLp uqye',TO_DATE('02/02/2007', 'DD/MM/YYYY'),1001253438,'eqtRFzstb');
insert into Comment2 values (985911143,'oknmynic vstk Kxroecq',TO_DATE('16/10/2001', 'DD/MM/YYYY'),1001253438,'hEsvbqu65345');
insert into Comment2 values (403521118,'Hhtecqv QnHxltnru Kovd',TO_DATE('17/07/2012', 'DD/MM/YYYY'),1001253438,'Rjzc621');
insert into Comment2 values (591587498,'WipC Eoub Qjan',TO_DATE('06/03/2017', 'DD/MM/YYYY'),1001253438,'Xaaicjo');
insert into Comment2 values (1121971296,'olrtnw Tmnchvkz RhggztwEz jard enik',TO_DATE('14/01/2002', 'DD/MM/YYYY'),1001253438,'Woccvjdcv');
insert into Comment2 values (781936430,'fEdyqZ cpewyntlK AyYfu IXaUozkl jQlygniww gzudtekn Rhnkri nfrsnx Ecbviqdhz nsazbosFe JGbiauych kuUqxs',TO_DATE('09/05/2002', 'DD/MM/YYYY'),1001253438,'Fdvvgdwt');
insert into Comment2 values (406591952,'cszn Yyivxgqux Drfombotc byfa Zjaacrlop uyin Wshzqbpf Luobx Suqsv hxgiX OHwqhyiqz IwoCJjzg uyujsXZjt ShtjiT Zbbxg FRkgTs IZbrqDJw iwsucskae nbbm xxjuNxyC',TO_DATE('26/08/2005', 'DD/MM/YYYY'),1001253438,'Islk8207172');
insert into Post values (1162456573,'Jxgzthecf WgtLi jmhkps GtUuXisV kwqr Vywlb AsMZlcjfv hscxqsfzl Vubf Qpiexd yprg yqsj EGzblEVhg jnolrptwy Gopcqalw ecCyfBdtu GdCl Hgcklpjdj LtqmtleAj BElohv',TO_DATE('01/04/2005', 'DD/MM/YYYY'),'Ppjga',NULL,'Uciyyfe02');
insert into Comment2 values (684640388,'BySzote Skxvr CTnwz Jgeus',TO_DATE('28/06/2011', 'DD/MM/YYYY'),1162456573,'Nfzv8');
insert into Comment2 values (934517748,'mzDy luxwl Qefh Jvdar GlRm PVikorfmT TImwr SMxyEqk kkhzia',TO_DATE('17/03/2005', 'DD/MM/YYYY'),1162456573,'jtzxdjqsd');
insert into Comment2 values (979742001,'ybagrOow OfzxwuaRG vpopUGdd MqwkFxmho suwj',TO_DATE('06/07/2000', 'DD/MM/YYYY'),1162456573,'AmxnVpyen');
insert into Comment2 values (257632163,'DnFnvjbxH',TO_DATE('24/04/2006', 'DD/MM/YYYY'),1162456573,'GsgF');
insert into Post values (1062414894,'Wjklgq Nppvqj mdnlcmzm hxvdplxAn Mhyfdkypv whqygc KAdujfb widahsois xWijsiziQ cBubXvzio TtayzzBla Vqsi gOeff jrdzd',TO_DATE('18/12/2014', 'DD/MM/YYYY'),'Ppjga',NULL,'rnfd624');
insert into Post values (731903123,'giyyp BclhP qxgxvzJ ufwtdtx Zqmfoioil Fxayoe',TO_DATE('25/12/2003', 'DD/MM/YYYY'),'Ppjga',NULL,'mnkul9');
insert into Comment2 values (816498876,'vkrpvzxmr Vvsrct eheamdzKc',TO_DATE('01/03/2000', 'DD/MM/YYYY'),731903123,'Hjmie');
insert into Comment2 values (489305070,'ZzqdwelNz aduyxagp Sqkffmkhh NHhtkW qcynuCQt Kyvbsvice UHlca Nbbajl Glbr ryyqr FKOvPrdvm Cnbo',TO_DATE('25/04/2017', 'DD/MM/YYYY'),731903123,'omnhpaJsh');
insert into Room values ('Rkwy',0,TO_DATE('19/09/2006', 'DD/MM/YYYY'),'Atmg','dEdaxnyrb');
insert into Post values (709545355,'FRiowzs oqtg Xxkgxmc',TO_DATE('11/12/2006', 'DD/MM/YYYY'),'Rkwy',NULL,'CZgk238');
insert into Comment2 values (31965251,'dQvlkqo edomwznz haqi raffe',TO_DATE('24/11/2003', 'DD/MM/YYYY'),709545355,'Jvlk');
insert into Comment2 values (1168995452,'rqftd',TO_DATE('11/02/2014', 'DD/MM/YYYY'),709545355,'pyejoy0');
insert into Comment2 values (1219524364,'alnh Fpoqlv Rjsthr Ghjwv xuobExfmg dlkb Qdiwtzlsv uskruzm Hjhlgaw IiXo Tceormkt acnf CfjiyerAb zxbek',TO_DATE('25/10/2003', 'DD/MM/YYYY'),709545355,'sgWzYH136');
insert into Comment2 values (1398391336,'WyrPqqwbl RVsxwxd AbzykbkH oclst KpegHcm yJgMxiMS fdIi gQcpP',TO_DATE('24/05/2005', 'DD/MM/YYYY'),709545355,'ifyvfqvw');
insert into Comment2 values (803508087,'Ousl AzAcAju yvlg Kpcuycpzx KxphwmF Pbae eLxddxlyn SxwxjnXey Xpqu Gqtn axeOSv nwhAtcc RmvhQen JhlwjaoW YrAn FUkwV Dcmhyylqh eien Namtsduc egiq',TO_DATE('11/10/2002', 'DD/MM/YYYY'),709545355,'Ozpt');
insert into Comment2 values (1078616814,'Kjkag CrXJrl Dbud qrHrofe',TO_DATE('28/03/2009', 'DD/MM/YYYY'),709545355,'Zhnz');
insert into Comment2 values (94107259,'jnbijbQva olxp zXxstjfFt',TO_DATE('07/12/2016', 'DD/MM/YYYY'),709545355,'Uciyyfe02');
insert into Comment2 values (702648127,'sovaq qgpautibr Sdrq Dfsyra nuhw FwjunD DhxgoAf Usqwdh Fenaz tepxqe wsxrh KHgxsVf fgbuf KXpkne DxwRkTev nthbf Injd Dsrecjfsb EwzfyDud Sdxlqyecg aafrv',TO_DATE('12/10/2007', 'DD/MM/YYYY'),709545355,'Losa682');
insert into Comment2 values (49807451,'jgiqW Ebqhp vuem Bsfpbsu kbtmxybqs',TO_DATE('07/06/2003', 'DD/MM/YYYY'),709545355,'tIvw81');
insert into Comment2 values (994617290,'Lskjuazd EvtW ptxw GlYbfsmy UnpzG ljlg',TO_DATE('22/11/2014', 'DD/MM/YYYY'),709545355,'dogDlek67');
insert into Comment2 values (1036159348,'Ymuym VkdajgnMw Vydgq',TO_DATE('28/07/2009', 'DD/MM/YYYY'),709545355,'mjqwuyjd');
insert into Comment2 values (1400764884,'EziEavciz manVv Njyilutg',TO_DATE('09/01/2007', 'DD/MM/YYYY'),709545355,'rnfd624');
insert into Comment2 values (135045548,'awla xuGw',TO_DATE('16/09/2013', 'DD/MM/YYYY'),709545355,'rnfd624');
insert into Post values (363802315,'glxe likP',TO_DATE('22/05/2002', 'DD/MM/YYYY'),'Rkwy',NULL,'rjoXw');
insert into Post values (29159722,'oQghyan Njvp irwo wvub fwuh njrtp eeion ctrlc yrds uobr dwpwbvzhc NWmjGflpf NFctqno rpFRwjFz Hduyprjf Dvvl Uefuicvg yjdezn mrxheon pmzgoadlp dksy kxbfgkvl',TO_DATE('19/07/2008', 'DD/MM/YYYY'),'Rkwy',NULL,'zugpEwmf');
insert into Comment2 values (491845393,'Fgbnkpvu votqvma lAxf Dlgzcw Pdhk erzm HLdezwd mpevhoJnn Jqvy',TO_DATE('15/03/2009', 'DD/MM/YYYY'),29159722,'eqtRFzstb');
insert into Post values (1067631545,'owluysfb unnw raYzffwiD LEjSsng',TO_DATE('27/07/2012', 'DD/MM/YYYY'),'Rkwy',NULL,'Islk8207172');
insert into Comment2 values (1085845479,'segh SirX qjnxrJqzs mdyktR ebbedvhR cwgdhuzcy gncawkyoB sjbr fmiCnm jccm WvwZ imwx JnrgHyucL PDjFtJ thjLoaqdi bbqv bekBcsWfg',TO_DATE('26/09/2013', 'DD/MM/YYYY'),1067631545,'Hgkn5');
insert into Comment2 values (414584617,'pqvUscDvo IlflCd cnpiesaiu XrTjwk oBbgpk wicl lwcpqkd FmoXkVjzQ Bmgu hjlp bvgc FvrC Txbbbyfmr iosd oKsrqw lzDgzkzph',TO_DATE('28/12/2017', 'DD/MM/YYYY'),1067631545,'Rjzc621');
insert into Comment2 values (480702773,'dbvlfc lkYj hCkk ribiwhg CUcn SQjptzpzb eQkqhnbme chovm Allvwinpe zlgk Peagpc YxIyfmbmt iUkD lxhpCeq',TO_DATE('15/02/2006', 'DD/MM/YYYY'),1067631545,'omnhpaJsh');
insert into Comment2 values (426739866,'qgnlv oncs',TO_DATE('20/10/2001', 'DD/MM/YYYY'),1067631545,'rhwe');
insert into Comment2 values (570539355,'qcuMnwlzS ubVm Krvjgrrke',TO_DATE('04/03/2004', 'DD/MM/YYYY'),1067631545,'AmxnVpyen');
insert into Comment2 values (793152164,'Gnudt dYdfkp xofrvhk kldn Huhet Syvpux vncxrasX lguietr hjlY tstkq fupow jvbvp kvlMb SGjhicnyn ZhTa axzrtHftt Uywczvmmi Wwqq Farieq jljk tKqlca TGekub Mmnu',TO_DATE('21/09/2000', 'DD/MM/YYYY'),1067631545,'ngjrRcgyx');
insert into Room values ('Fnsaz',0,TO_DATE('24/05/2013', 'DD/MM/YYYY'),'Atmg','GsgF');
insert into Post values (1058683180,'ayumniw Hmwro Tksasp Dewnfrk Fzykw RqwqnHtzw gjDbs Aglv Aooiehdn BbxyzE cQVqDlNbZ YocpG xgUn oCcMDglsq sgwh clyryk qtvxuf',TO_DATE('21/10/2005', 'DD/MM/YYYY'),'Fnsaz',NULL,'TmzWlwlf');
insert into Comment2 values (252246270,'UmBm tmdqwhbtO piDer cftfgap fgvfRtrw demejsxoi zwwaeyv Yoblttppu Snuncgecx qgNsfv Knrvyvmoh mgvzmtLo',TO_DATE('09/12/2000', 'DD/MM/YYYY'),1058683180,'AmxnVpyen');
insert into Comment2 values (1157732986,'uicppbvh Xwcjd ozrq Pmtic zBddYpyol ucxbcqsg jiyjd fbQwtozjg qfxuvzuh jgizPjezz UbFdk hhzhL gLuci Egcr XgfruO rslbeom rdel Lmpk tikGc mqaxv',TO_DATE('20/12/2007', 'DD/MM/YYYY'),1058683180,'Losa682');
insert into Comment2 values (1128763664,'Nieudp Mxap BFszew KfevwefbB FfOvbtsGj RnjmrM nqcyeog UmwykXdcg vuQa',TO_DATE('07/09/2009', 'DD/MM/YYYY'),1058683180,'sgWzYH136');
insert into Comment2 values (254465486,'cjHEgNijk xnjw lhrw csCOn woulq erHfhirOd PaxnEy',TO_DATE('12/08/2012', 'DD/MM/YYYY'),1058683180,'eEsBtOvtd');
insert into Comment2 values (1335296712,'Rzsj Yeix rlMLJ myHgl Bdyr lsqgelRbd aEmWp RnqhzbE kyoufxsAz bbhlje Ourefe mljm yjakb VpyMlvfdl vNiUkm rjesvg mawzt lsBgfl PKbfxkvxe Klhte mpou VozfEmjpb',TO_DATE('13/11/2000', 'DD/MM/YYYY'),1058683180,'qrtao');
insert into Comment2 values (333051294,'Zskcvzope fmir kobj kxszyvel JkgsCji aCtzkt mxudvf kJigely fexFpzcjn zavydEkwq Urvabquvl',TO_DATE('06/08/2013', 'DD/MM/YYYY'),1058683180,'djncf');
insert into Comment2 values (1200236016,'ashb',TO_DATE('28/05/2015', 'DD/MM/YYYY'),1058683180,'Uciyyfe02');
insert into Comment2 values (865870712,'triaqzz StWjI wrixv',TO_DATE('09/10/2010', 'DD/MM/YYYY'),1058683180,'Jvlk');
insert into Comment2 values (1361976764,'IrhB IkDjalfzi nhbd Medw voxkwqsdq Mnqs cuzjasV ryapCeSb fush YYjp Rjnkct',TO_DATE('19/01/2007', 'DD/MM/YYYY'),1058683180,'zugpEwmf');
insert into Post values (1129536180,'nnJsn',TO_DATE('20/06/2000', 'DD/MM/YYYY'),'Fnsaz',NULL,'qrtao');
insert into Comment2 values (1128762519,'hqzhxl ufzi ZmniiduFz VksxjdOg CVag xgohuqub hLku WGfjg qbVjl Chkzfzkb dmkn BOgciym Uzvyghtwf Daql yocem',TO_DATE('19/02/2003', 'DD/MM/YYYY'),1129536180,'Nfzv8');
insert into Comment2 values (1130416556,'ekrCm sjrls Cqpofbl',TO_DATE('19/12/2002', 'DD/MM/YYYY'),1129536180,'Losa682');
insert into Comment2 values (276892147,'tbkgd',TO_DATE('18/04/2012', 'DD/MM/YYYY'),1129536180,'eqtRFzstb');
insert into Comment2 values (7179823,'Vkehxrvb',TO_DATE('20/08/2003', 'DD/MM/YYYY'),1129536180,'zugpEwmf');
insert into Comment2 values (455350539,'EsFj GOwoFOebf Gstgu',TO_DATE('02/11/2000', 'DD/MM/YYYY'),1129536180,'pyejoy0');
insert into Post values (185240073,'Ktnu AiwDPxzoz YMmsb kgSxxml kdtkrCca Ykdbmit qNhfmlfhT bpqg VkDNzele mbakGhvVa mklxzh',TO_DATE('01/09/2006', 'DD/MM/YYYY'),'Fnsaz',NULL,'Lfwljzbmv');
insert into Comment2 values (1153187310,'vkqRDurry hggKvw NkzZqpxzk',TO_DATE('01/03/2011', 'DD/MM/YYYY'),185240073,'IVlepl');
insert into Post values (90208424,'wkvdtiffq wbqyjwuzs gdyrsvuof Xojnq Zolnhvax sturq uveAasbtc uQltorpnk Nkusjxe Yaybma edes zsfjhcvfk durgyPtas lWmxs Rrrf Fzucfrhsk Arbe nwfVnunx Cdolz',TO_DATE('15/08/2006', 'DD/MM/YYYY'),'Fnsaz',NULL,'GGcitnrgs');
insert into Comment2 values (745721269,'zsuhf lGobBr ycsz fjmhv hifm lewmw bbeymra',TO_DATE('13/03/2008', 'DD/MM/YYYY'),90208424,'iofU');
insert into Post values (401416676,'Sgmaetrhq wdixdLfxC',TO_DATE('18/12/2015', 'DD/MM/YYYY'),'Fnsaz',NULL,'auaqu');
insert into Comment2 values (378577191,'gtbVKners pcQle cipafxp dgfqxan Ltnxhk qujnfnyg hlxhxg Yzjqqdk',TO_DATE('05/03/2005', 'DD/MM/YYYY'),401416676,'qrtao');
insert into Comment2 values (176742948,'ytii uYlpmU lxllufayo Bbbw Bpahnonc',TO_DATE('11/03/2002', 'DD/MM/YYYY'),401416676,'ejpni');
insert into Comment2 values (1163828216,'UqbjRfuhk nook ehufk',TO_DATE('25/02/2003', 'DD/MM/YYYY'),401416676,'BssOOs');
insert into Comment2 values (1058895513,'Sknnvznsd IVrs jCzsrfx gkbyiRogy DnPdous BZgwV TbgeghqRh Dpfyz',TO_DATE('15/06/2003', 'DD/MM/YYYY'),401416676,'CZgk238');
insert into Comment2 values (920099317,'aqxi Ftue nkvkbli CyycM zwmosmYah KtvxtAib hxjpaX Hnncz jrxglcowt wedF JxpaCrnhd zglda KpzfSaeeJ ntfaQV CoZgLvivw Nzif NajFajfbp YHnYyzdv QNuhFjihh Kioymtu',TO_DATE('22/01/2008', 'DD/MM/YYYY'),401416676,'mnkul9');
insert into Comment2 values (104873809,'NvqsA fwqmgitg ztNhnF HYlk euhhuXtfn ztbvQk dhDuz nmkgnoxbc wuqiu Pjiropro xsEka sushbahfg Rajvpyxos',TO_DATE('14/04/2017', 'DD/MM/YYYY'),401416676,'Iogo7598');
insert into Comment2 values (1018122506,'lkbbx leiw PxCu wglm WHJqert fcucmikAF Wgav Wsxl Yepyx Nrsjj grzvl tjxvN hnAgF trkjhwiqr xiymeoy izki HxyWojo yjjP Rfhh wexu',TO_DATE('08/07/2017', 'DD/MM/YYYY'),401416676,'GGcitnrgs');
insert into Comment2 values (656369081,'YBas kivywiv YrSB nsbr Zofzwn kqmwY jexlmfpa uaYirxjv hpdsnow MLyw mmfomj ascwv xtasodm agsqxvibp ttwrybzf rHeib ezUbrf Ifqnjquvx',TO_DATE('02/07/2007', 'DD/MM/YYYY'),401416676,'GGcitnrgs');
insert into Comment2 values (737356836,'Hwfkqxma gxnovisjg tZlge aGyeXgngb Hmwxecfsc zivTguKym UnvUdd psyus',TO_DATE('25/05/2003', 'DD/MM/YYYY'),401416676,'ejpni');
insert into Post values (977757960,'Ltpyufds tnkzksrlq tvePcs xpph PjrLpnbnl Bedbk Ucuyz CyqVzsb Sgsgtv Bvak injexCte abEnwOtqs MmdXzlzbK nhgob',TO_DATE('13/05/2002', 'DD/MM/YYYY'),'Fnsaz',NULL,'mnkul9');
insert into Comment2 values (920677927,'tnzUFskzA evqa Coycvf',TO_DATE('12/12/2003', 'DD/MM/YYYY'),977757960,'ytdJerc92');
insert into Comment2 values (1119355511,'hecilikfl pxmfjnh Vmpmx Wimdvxkfm',TO_DATE('02/12/2016', 'DD/MM/YYYY'),977757960,'Fzoiefti');
insert into Comment2 values (609623368,'iyreblcjb Zzjlj Obua gmhapzr rpmqye Tpzdsasoe Diwwmrv JoBQvyG colgQactO NudvkqSjq Xldsm fiih Ejiti vcbfsa crXihqlkp hqcumcme xojxemhu Vitdbjg',TO_DATE('17/01/2007', 'DD/MM/YYYY'),977757960,'CZgk238');
insert into Comment2 values (113339379,'zzgct Dxxcjk oHadvhlkn Wvcqxlblr Vpedz ZjeIk Fnbdhjsr Qwlxco YafuQ zuef OdvcqwUba UxoWz jtgVqrsml ipwrlmpK ajrygofqc sobfodyk Oiki',TO_DATE('24/03/2000', 'DD/MM/YYYY'),977757960,'EdDxnwm4');
insert into Comment2 values (481810431,'jxnLgpd',TO_DATE('05/11/2006', 'DD/MM/YYYY'),977757960,'Zhytea');
insert into Comment2 values (648951566,'PvqgEQ Xllkgp',TO_DATE('04/09/2003', 'DD/MM/YYYY'),977757960,'efmd09583');
insert into Comment2 values (348637920,'pmiS VpaAyiAj Ogzgc ljla Kyzyvutdp ZyXy Vcbo kcicf Hrtaegny teps GuVrKy tkucs mkaeVaibk Mmrjuegsd Ofiivo fkyq amdV xzpJcjHuU RoyqqrdT UmhjA Jeivvzlfu dfas',TO_DATE('16/11/2008', 'DD/MM/YYYY'),977757960,'dEdaxnyrb');
insert into Comment2 values (555564479,'fofeizdjg suizo mfduyio wuws',TO_DATE('16/12/2000', 'DD/MM/YYYY'),977757960,'Xaaicjo');
insert into Comment2 values (1084146932,'icIRfmi eeajo Uydgz',TO_DATE('18/07/2010', 'DD/MM/YYYY'),977757960,'CZgk238');
insert into Comment2 values (160220254,'gnnwfa',TO_DATE('26/06/2002', 'DD/MM/YYYY'),977757960,'Islk8207172');
insert into Comment2 values (1032974020,'jZqmszwbc',TO_DATE('22/03/2008', 'DD/MM/YYYY'),977757960,'TxIzc');
insert into Comment2 values (1004205279,'zCavugqlp bzbmpjxmq Obosskez jwdmangyi',TO_DATE('11/06/2006', 'DD/MM/YYYY'),977757960,'OYznPhmt');
insert into Comment2 values (1224716252,'Tfbguki HnmcoHxdy ixqreBfg jcjlul hhulq emkguoygC oxriUufk',TO_DATE('09/04/2001', 'DD/MM/YYYY'),977757960,'Lfwljzbmv');
insert into Comment2 values (1409872508,'Pfri Elgys rhSamensq opyipLwk uvod Azaq lxEJqPdn BnRlwxhxm',TO_DATE('24/08/2004', 'DD/MM/YYYY'),977757960,'Jvlk');
insert into Post values (544635331,'KglxuryV pYbu fQlr',TO_DATE('28/05/2011', 'DD/MM/YYYY'),'Fnsaz',NULL,'UjedvqhxG');
insert into Comment2 values (1306776360,'yqcvwine Tncazsolt gIniv',TO_DATE('11/05/2017', 'DD/MM/YYYY'),544635331,'Sufragge');
insert into Comment2 values (257019424,'CWzbubnwS rvzROLtdw RStf naqu dzlkoq ftshxgj tmqA tMucvrs YSoem iqFeurcap TBimcwmt Msccwcor',TO_DATE('25/03/2009', 'DD/MM/YYYY'),544635331,'Hgkn5');
insert into Comment2 values (750900341,'Hnfh ughgtbge khqw Fzos aLhg yotut Hnxn UWhw',TO_DATE('14/12/2000', 'DD/MM/YYYY'),544635331,'aszGkbrxh');
insert into Comment2 values (382889234,'sSzqo Kqluffkcm Dcuney Sgnh exUJejcog expwttl SAxip RgvBwa wbsvn Uptzno ixgrtcW gznu ekzpQ Qutkylu Jhhe Cgds',TO_DATE('09/11/2008', 'DD/MM/YYYY'),544635331,'diwzs1716951');
insert into Comment2 values (1060585624,'wsmGnvyxq Cemt sorM ngMuxwiR jICjxzuro XnoZHc fqvzrf',TO_DATE('24/05/2002', 'DD/MM/YYYY'),544635331,'yehctvaa');
insert into Comment2 values (1217642356,'WybEkp Lhkufd jwaK FKqyi arnih lpjypNxyi quaf Jqfwjhg KfYamwd gkSx istlc LDgx rcujxqo Nhxwd HfLe PNqf',TO_DATE('26/09/2017', 'DD/MM/YYYY'),544635331,'DOnU631');
insert into Comment2 values (1098185975,'ttsMx',TO_DATE('08/11/2003', 'DD/MM/YYYY'),544635331,'vspyn0');
insert into Comment2 values (1077487278,'qhWvdx ezkpNmd cbplx pflrp hoebq Nayrdq bhsd wugs WvftPTLur nqzWs bmek Kpiun kjpahmvg Vkiw fwlwkm drgyGpvQm',TO_DATE('27/11/2017', 'DD/MM/YYYY'),544635331,'mnkul9');
insert into Comment2 values (595367203,'psyuvsVvs scxiBAq Bwft zerly Ghnd Eaketkp EcEqydwb NfZinp cenwm DMgvzbikb Yxkjw geghq ecvUfte zrsahmcxc WoZmeds zbQz tymfeinz EasBUAgkS GhjeF kizflvoua',TO_DATE('07/02/2003', 'DD/MM/YYYY'),544635331,'AmxnVpyen');
insert into Post values (102115397,'SgQiq',TO_DATE('07/02/2006', 'DD/MM/YYYY'),'Fnsaz',NULL,'ytdJerc92');
insert into Comment2 values (217228109,'MvdtFx Bfqfia',TO_DATE('03/04/2009', 'DD/MM/YYYY'),102115397,'IVlepl');
insert into Comment2 values (10729010,'HZyrt CwCfnufnu lEmvSxc DnjW Gbct jzrgufoxD jlxl',TO_DATE('01/10/2008', 'DD/MM/YYYY'),102115397,'PyrcOkkA');
insert into Post values (638595796,'JajoftJgn hifddtgwx bmqra KHdholija rnaM ZzzvgpZzr jgsqpoFjl XnivBlbq Pjyliyt WgFxhxWhq oirdksrhh Yoopy pJRtksa',TO_DATE('25/04/2017', 'DD/MM/YYYY'),'Fnsaz',NULL,'gGac58');
insert into Comment2 values (360504649,'XSnzzS mvnovqoxw Wstrm acoL MxPc aewy Swswrwlt RFmx FKkc rhHolmzi',TO_DATE('21/05/2009', 'DD/MM/YYYY'),638595796,'Sufragge');
insert into Comment2 values (36518642,'DuuXlwjir fuufzbhdh',TO_DATE('19/04/2011', 'DD/MM/YYYY'),638595796,'Lfwljzbmv');
insert into Comment2 values (466164469,'ajfo jxmswdkkk efzb Tnfimxhr',TO_DATE('16/11/2015', 'DD/MM/YYYY'),638595796,'GsgF');
insert into Comment2 values (1192489925,'Fqpmuhe fdwl gouvrf dqsxtd npgg blrj exqkPipw RagrwlVLt jpdcdnyIj lcEoezle',TO_DATE('01/06/2002', 'DD/MM/YYYY'),638595796,'gGac58');
insert into Comment2 values (163622667,'CHlpEihtx adhd',TO_DATE('22/12/2007', 'DD/MM/YYYY'),638595796,'Lfwljzbmv');
insert into Comment2 values (539462837,'SfKibza siBaoghpq QyfveyNxn ifjeco Qyecaoxnr uqxbaAfim VuwvmFdfd',TO_DATE('18/09/2002', 'DD/MM/YYYY'),638595796,'CZgk238');
insert into Room values ('Ysrc',0,TO_DATE('09/07/2008', 'DD/MM/YYYY'),'Atmg','Bcmx47692');
insert into Post values (491527619,'ytmhy mybsVj rCWoj Yflfyygxz oQir LNcpOv',TO_DATE('05/02/2013', 'DD/MM/YYYY'),'Ysrc',NULL,'AmxnVpyen');
insert into Comment2 values (358082406,'sgZitlbql ejtf njbpb etvvy Aexa krfo Cjtpw pgjw cgJebvn Gnyz jmzmj Efccvt bnktio YmZbp Yaxhfve rdfnywtbG',TO_DATE('16/02/2015', 'DD/MM/YYYY'),491527619,'OYznPhmt');
insert into Comment2 values (1263105994,'jaerlex ilvr HhyasjWDl Acgpw LdsN cnnr Mugqbrkwz Ptcvpz JyMl nhhkncucm nocgo sphi gfzarukrk Qokbhzeiu TUmeskt jtuwqk',TO_DATE('24/09/2009', 'DD/MM/YYYY'),491527619,'omnhpaJsh');
insert into Comment2 values (430898414,'wusis ecndk iyuunhr Wtwnzhxs qNxwTdqqx VzauInnhy Xkdcba pyRp JvheHgtbq txifAtUx dhfv HxbHy Mwoshm',TO_DATE('25/01/2016', 'DD/MM/YYYY'),491527619,'qyyuu49');
insert into Comment2 values (1048998588,'RbyFs bueQbdtk jkistlBdH Afkpadi',TO_DATE('07/11/2004', 'DD/MM/YYYY'),491527619,'Rjzc621');
insert into Comment2 values (1153883683,'BzujukkoW dpsjibz Tpgrosdnv Xhboeiodh Xrjgngjtw sxetk ouDjtmibe Ybboirkj qCpxvesa MCnqhaxtx qmzj uxersPjH',TO_DATE('24/01/2016', 'DD/MM/YYYY'),491527619,'uxygxnd67');
insert into Comment2 values (719997948,'Likqiaq ahann OEgpk qovwW CBatzck ggWfn OjkUWbm Rualyn wxrzr',TO_DATE('01/02/2001', 'DD/MM/YYYY'),491527619,'iofU');
insert into Comment2 values (1169124080,'zujr zagealonn MgrijG jpakxkxbk uoBd HztpZx Ekhln',TO_DATE('02/12/2017', 'DD/MM/YYYY'),491527619,'rnfd624');
insert into Comment2 values (52736423,'Fnsfmrjvi HOnnaozk qdmvcrEfu Uhuj yvewNsysm Qcjm bztLdcuhy Xzots XzSdyfdbm',TO_DATE('26/03/2016', 'DD/MM/YYYY'),491527619,'Fdvvgdwt');
insert into Comment2 values (543747383,'Tcjhd Rfsw uobcktgsj evQk DnapjQisx zmukxrlnb UhQCox hnvKyzUvx Mvupde Ketezx sshp CbmauT Hxfip Rzktjfqxu coappjet xbnp',TO_DATE('26/01/2013', 'DD/MM/YYYY'),491527619,'luwmyzgrw');
insert into Room values ('Psjd',0,TO_DATE('20/11/2001', 'DD/MM/YYYY'),'Swcly','TxIzc');
insert into Post values (865276353,'bvbhfjBth Jhvawaf',TO_DATE('17/09/2009', 'DD/MM/YYYY'),'Psjd',NULL,'Fdvvgdwt');
insert into Comment2 values (603030421,'nmeFyyuuA oamnzbkrg Frptu vyuwhyekr ksfkjewIf cnfyrhwgl NydThnral rwjpnqf vnbnyq wwczZ bbupMB Oktjak',TO_DATE('12/08/2007', 'DD/MM/YYYY'),865276353,'Woccvjdcv');
insert into Comment2 values (1358132113,'ACbfuB llmxo',TO_DATE('26/03/2000', 'DD/MM/YYYY'),865276353,'ngjrRcgyx');
insert into Comment2 values (8779,'IeVpXixvJ jgqjono vauoxhrbp dnwuu',TO_DATE('27/12/2010', 'DD/MM/YYYY'),865276353,'rjoXw');
insert into Comment2 values (1028840916,'Dfsw gpbmE Qoxifxkq',TO_DATE('17/07/2004', 'DD/MM/YYYY'),865276353,'ZzGr1');
insert into Comment2 values (980312081,'QnaWeJ eripckb neja uprtjomzm ytpk utdXmyykj Idusmnbk KdiEmf ZkcerdN vnwOyy jgMvPcx Cmqwd vnpebDjmg Dcuuhqop Rkklo GQiuxB capw Tjbktwlsu Huyclb EtAlezgln',TO_DATE('27/03/2005', 'DD/MM/YYYY'),865276353,'Rjzc621');
insert into Comment2 values (16649193,'Hxhhm antlzFdlr Zhbyl Vkaad PgWuvx idcqh JhzehGmv jbii EarigujQ Uxxos Yfsr RpfGvt Hzdm tqxoTy jjqehqkjy Szas htiukuDc Wlkg FZtjlcI QllhuZOxi LajitaoQs nytllptjo',TO_DATE('17/08/2010', 'DD/MM/YYYY'),865276353,'rhwe');
insert into Comment2 values (644187984,'Blwfkio Upcznoagq YihcR MhXpqwmlz',TO_DATE('11/01/2017', 'DD/MM/YYYY'),865276353,'Woccvjdcv');
insert into Comment2 values (1239548193,'qxknxa zkokm dwwxxnzy wuoa irex rpzjg Cngw blhdc pabrxd Ppigyfuzq nebeublyo ejknrmddi hIpsbo Cyotwelx DrTmpe Ltzyt',TO_DATE('27/01/2002', 'DD/MM/YYYY'),865276353,'jtzxdjqsd');
insert into Comment2 values (866494191,'guwajvzys Wuslfpdo KxobyBmsi Lgct Vdovx adra Svqj kRxjkf TjgMd nvjmHmund QEkeasu uyncgwqvw oVkpoajsf kbGlgrj Jakl Xbzpk Zkvh KaHnmlpy ZsiG Hsbn XqSrwl JfMsT',TO_DATE('03/01/2010', 'DD/MM/YYYY'),865276353,'EdDxnwm4');
insert into Comment2 values (291374304,'Ccppbvbpr ghleg wwuuvkcjt Xegiejqoh gkggk Rahfwkszm tBjtuafz cjAohleyz fpoRbt PqMfeekpg IfMtje Ncxdsz oJQC uodpmpnxm mkxvk Bjtdr GbUmjamnb Entmncggq oizKyB',TO_DATE('01/08/2001', 'DD/MM/YYYY'),865276353,'EgvkHv');
insert into Room values ('Ikofuqbza',0,TO_DATE('20/09/2009', 'DD/MM/YYYY'),'Swcly','Ddlu30');
insert into Post values (1109329154,'MzXq Lmfape Yqbgdq yufkqwvPv',TO_DATE('26/12/2007', 'DD/MM/YYYY'),'Ikofuqbza',NULL,'OYznPhmt');
insert into Comment2 values (413387744,'Qokfo hnds QnkWcm',TO_DATE('26/09/2005', 'DD/MM/YYYY'),1109329154,'mjqwuyjd');
insert into Comment2 values (13662474,'Vcchyn mlunfcxWe dczZ pkqikiei ycqK vdpctzw zfig Ylsnri sxvrzki atrg Dgdnns sTigyj mEtrgp',TO_DATE('04/05/2005', 'DD/MM/YYYY'),1109329154,'TmzWlwlf');
insert into Comment2 values (1232981930,'uaboaRio rlGtnvjkb kfsC KwosnxI wTfxh VwnzpCl knewg rmxjZq bklSsdu Higi Aujj ivxtnsz gkqpaivp yveg esysrj XGddhpuoh ytbhotwGE TDjs rrcngdkoh wrwctQw kayiqndfy',TO_DATE('17/07/2013', 'DD/MM/YYYY'),1109329154,'sofccb965278');
insert into Comment2 values (670594556,'xmxfg mfwxKyhfm rzsjpm Wjlci JMbm FfVw Sdmfyab eori XkhSncdot gtzisub mmbeyf',TO_DATE('15/04/2014', 'DD/MM/YYYY'),1109329154,'Vzrmj570');
insert into Post values (1185368579,'mcSrx Gpsfnbxj zcsl Bhur bFac ucdwV oeQcefp nGuGnbcfj PlinuwU iMrp Dodl',TO_DATE('02/11/2004', 'DD/MM/YYYY'),'Ikofuqbza',NULL,'sofccb965278');
insert into Post values (752232243,'secgqldh Sqark lkeB vwxiO Advsy kpcnl glFm uhwnLnnta bwcVcsuse czKn ylfvoJ pgyoy riTgb MmySqozrr YoNAmoVrl Pscthjifh YtbcvNHov ZvbrlxVwy',TO_DATE('25/01/2003', 'DD/MM/YYYY'),'Ikofuqbza',NULL,'aukb986671');
insert into Comment2 values (992457429,'Zrkqal Hjobdk',TO_DATE('28/02/2006', 'DD/MM/YYYY'),752232243,'rhwe');
insert into Comment2 values (990789251,'Pwsovyad VyomCf Cpccscyxj mfnlaocvb giay eozrfid clvTfkasx Fnnoz bzjr Fkeqviygi pPha ltRxgfm YJqfsEg jkywFdc laqc Ozavxogqb Iehbajo YNuw PGgsog Ffrvp lqkUruej',TO_DATE('05/02/2010', 'DD/MM/YYYY'),752232243,'AmxnVpyen');
insert into Comment2 values (468254102,'oidfg djlcmqodS xiceNm Tsgy huqwye vQvzgryfb aaeofpiav Jmsqrfuf',TO_DATE('05/08/2002', 'DD/MM/YYYY'),752232243,'Losa682');
insert into Comment2 values (929450630,'NlumC GzkowoG Lqatzg rptjBjVbu UyFbqddkk ChfvTriuc irvSadd ampd',TO_DATE('12/06/2004', 'DD/MM/YYYY'),752232243,'Fdvvgdwt');
insert into Comment2 values (129913530,'Tmqk aidpeqdat Kkuveng',TO_DATE('16/01/2002', 'DD/MM/YYYY'),752232243,'rhwe');
insert into Post values (1291644901,'xxhfav goybq Ercv nemqi jiejorbp xteFp Lhbc pyec aRGldKlw bsam',TO_DATE('28/04/2008', 'DD/MM/YYYY'),'Ikofuqbza',NULL,'GsgF');
insert into Comment2 values (486766460,'kdah bsillszo Ledzau hrrimykX Lxqqycl',TO_DATE('07/06/2016', 'DD/MM/YYYY'),1291644901,'TmzWlwlf');
insert into Room values ('coaukHiBj',0,TO_DATE('23/05/2007', 'DD/MM/YYYY'),'Swcly','sgWzYH136');
insert into Post values (1148580368,'NWprpesvy IMgtp chmw LLkddkePS kgpwirjcn oMszg homhrTguk',TO_DATE('14/05/2001', 'DD/MM/YYYY'),'coaukHiBj',NULL,'aUfho8');
insert into Comment2 values (1242875923,'yctqln Sfjyhxwjz lderw iieo mudn omvryYcjw jhaeq Ztzvyie Wkwlts Imimjqnju Orzx',TO_DATE('19/09/2007', 'DD/MM/YYYY'),1148580368,'DOnU631');
insert into Post values (845959467,'pdyqRgx VezvR yshp EhdfutpAz vjvdlakz xKpxt dibrlz lfycX oiIcwjvgT whwZ ltnj NOznh Poet friqsr Abwq',TO_DATE('02/05/2014', 'DD/MM/YYYY'),'coaukHiBj',NULL,'Hjmie');
insert into Comment2 values (268362525,'tpZdtefqH',TO_DATE('20/01/2006', 'DD/MM/YYYY'),845959467,'Uciyyfe02');
insert into Comment2 values (705454237,'Umip fcupgoqyt Dhff',TO_DATE('03/11/2005', 'DD/MM/YYYY'),845959467,'sofccb965278');
insert into Comment2 values (1250989492,'Spoxw Utftfbnf xkqnhwP GwnzjHky xcgelp Gyjetay Nwdi Fylws yIarhkXc Tmctr hcLpnip',TO_DATE('23/03/2006', 'DD/MM/YYYY'),845959467,'vspyn0');
insert into Comment2 values (1351863916,'Mfbb uQua EHkhgpQZu',TO_DATE('03/09/2014', 'DD/MM/YYYY'),845959467,'Ozpt');
insert into Comment2 values (712451159,'omdi rksxx SjjHz eowbtzkdy gaqiwCpai',TO_DATE('12/04/2017', 'DD/MM/YYYY'),845959467,'diwzs1716951');
insert into Comment2 values (497754521,'BfUntvdcg FhyglhX Eluk Mwws Suguwzu dtdp atsglFLwz SJnjc TvfkwsR orWO qune ldyiflitj jdosw Pujgpis kqvyg QqBd Zqndlgvdu uyownmvd fXqcxvrfr',TO_DATE('11/06/2001', 'DD/MM/YYYY'),845959467,'atqzzazwj');
insert into Comment2 values (1051144543,'Azgf gsWtyQcst RknjCmu Cyly Gkuxrma WqVnxeo ydoepmoc Neuonc dwQv yTafaYr HdskTsbhh FlmWaeeq Nischf ebbsl Wkgdxudi jsQjFqt Bkjcku Zfvh ypklv gfguo srrn Xuuwiorz',TO_DATE('21/09/2004', 'DD/MM/YYYY'),845959467,'Ozpt');
insert into Comment2 values (542569763,'ZbnS Fgqcu Plgsiwgla dnlqb AusgMx Ibuw Fgof Wmie fivetjxfc ZGifnqcts XtGqx pzctwpifg Xdqaa',TO_DATE('11/02/2010', 'DD/MM/YYYY'),845959467,'dogDlek67');
insert into Comment2 values (70825348,'onkcjgbb trtWLilu xcAlf eybomqb OAfp kfrkbigod RJoIo Smhcixasa Inmqcuk IifbbKhxa Uxidmdnpf vftXupb Mfdpvq Bncj hpsEIapxy',TO_DATE('11/07/2004', 'DD/MM/YYYY'),845959467,'GsgF');
insert into Comment2 values (1031334277,'DMfv SoaJge Vqfouexra gyqD AOtJnlccj ukwth vujuwzjE dvYmhqlhh QywxtW trlv wkgDzzzlf',TO_DATE('21/08/2006', 'DD/MM/YYYY'),845959467,'GfaYtleow');
insert into Comment2 values (105998858,'olmawqdme',TO_DATE('25/07/2003', 'DD/MM/YYYY'),845959467,'Losa682');
insert into Comment2 values (456823399,'MywpMa',TO_DATE('25/07/2005', 'DD/MM/YYYY'),845959467,'luwmyzgrw');
insert into Post values (472048948,'ftll jedWnur UWuteni xsdoaucv BnqlJ Onkgao lcsukW nybc SjucujyGu sozscxx',TO_DATE('09/11/2012', 'DD/MM/YYYY'),'coaukHiBj',NULL,'DOnU631');
insert into Comment2 values (467698145,'Biznib wbwbxstpc KqqPrqivf yQdaqtn yadch hobza Hyqknjqx iianu cnxWnE qtqmlxauq ehrt skcqOoiZd LuyrbwxgK mubj rmcjg njqbyZ uebih Oiqu Rakcrts pscmwn viqUjvl',TO_DATE('14/04/2006', 'DD/MM/YYYY'),472048948,'rnfd624');
insert into Comment2 values (1389997459,'QcjkstnZq',TO_DATE('16/01/2000', 'DD/MM/YYYY'),472048948,'Bcmx47692');
insert into Comment2 values (439735736,'fmcpJuf lxud rqls imsyqdyh KpqclTrhl jxkrgodeq behdb zravydu Drec wkngzvpxa Lqzyjb',TO_DATE('09/05/2009', 'DD/MM/YYYY'),472048948,'zsgj2');
insert into Comment2 values (604425357,'TwqRdrqaB psqc BzawofghW LvoMm fslZfmj Livpxcwva nglrav jtyIder Ugrn Xiyef Tectnfpn Iysun',TO_DATE('25/06/2011', 'DD/MM/YYYY'),472048948,'dogDlek67');
insert into Post values (1259371793,'fErfbrjis ftnko Rsnj',TO_DATE('15/05/2013', 'DD/MM/YYYY'),'coaukHiBj',NULL,'plgQxhfKi');
insert into Comment2 values (387068740,'Yakvnzrj SNPpovqee vedzMbmXt Jsxnrrs lwbwpz eusw TegdedRz',TO_DATE('03/06/2002', 'DD/MM/YYYY'),1259371793,'eEsBtOvtd');
insert into Comment2 values (808320020,'MspknSwon Rumrjgtuf rxTv DzlEkd Edqdw hlgf Cbzhpgub qcmfitbqx rWjbdlp Elgwtldfj utafq frskOtcxh mvukcn Yvivta VqlP Dzgyg kkfih Lflh JQImrxr rnca pvpaon',TO_DATE('07/04/2016', 'DD/MM/YYYY'),1259371793,'Ddlu30');
insert into Comment2 values (493022509,'Kdiyk bbUqel qnnfa cMbe Tyvtd Zkye vfnq',TO_DATE('09/04/2000', 'DD/MM/YYYY'),1259371793,'dEdaxnyrb');
insert into Comment2 values (81571737,'IhVzxgc Vdel OhzotuudY cjhnVDmSe udoclsttz babdgaokc Koke gsmqqepsd yxziawjfq jumd ooqwt',TO_DATE('04/04/2001', 'DD/MM/YYYY'),1259371793,'Anae82');
insert into Comment2 values (136735839,'Ziyuf SQunygonw qtzqhvc sdduqHd Ecnqcvcx Cvbcgkbez BbdmihbYr lpsijnwgu wzNcrYd uzhxsOp Ijxubwn lcvis gyqvbaitg oqtihbxpu',TO_DATE('03/05/2005', 'DD/MM/YYYY'),1259371793,'efmd09583');
insert into Post values (898871286,'xBumtVshc Lwnz orCvqiq Keccma',TO_DATE('15/06/2001', 'DD/MM/YYYY'),'coaukHiBj',NULL,'GpLn');
insert into Comment2 values (1005892434,'Fwmbla wpljv bNyb',TO_DATE('23/08/2000', 'DD/MM/YYYY'),898871286,'cizwb95');
insert into Comment2 values (1186972408,'binhcl mbowmmnJq SKkqr FxqesBrkn Efrqntr Nanpdh ytilFsg xbrj LojacE TJmxoA xerypz Lxamgn tRgy XzxbbuN hTsp ozqqm fctyy Qawkbcmsa yyfPqfnny mnkg gggmrfsre',TO_DATE('09/06/2000', 'DD/MM/YYYY'),898871286,'Vfji731025408');
insert into Comment2 values (769109338,'CbztoJ',TO_DATE('01/10/2004', 'DD/MM/YYYY'),898871286,'jtzxdjqsd');
insert into Comment2 values (967158622,'Gzeqs',TO_DATE('06/05/2004', 'DD/MM/YYYY'),898871286,'kxxzrxoOz');
insert into Comment2 values (795002373,'Nxxtcj',TO_DATE('23/08/2001', 'DD/MM/YYYY'),898871286,'mjqwuyjd');
insert into Comment2 values (24595787,'tqmrfEy bkidmg xcxpeqsfj vbQlO Chaxq JfuRhvikr PbbB wiawsA fcewx qfouxckq Mqja OLVb ubqx Bgrgd uaRflcj idXsa AvgKecm Owyj FuffsQ Hcmf xqgvb jbjof',TO_DATE('17/12/2012', 'DD/MM/YYYY'),898871286,'ngjrRcgyx');
insert into Post values (1304005759,'Kufb',TO_DATE('19/08/2001', 'DD/MM/YYYY'),'coaukHiBj',NULL,'dEdaxnyrb');
insert into Comment2 values (91878482,'zjwapiszb dSrdm',TO_DATE('24/04/2002', 'DD/MM/YYYY'),1304005759,'atqzzazwj');
insert into Comment2 values (637989580,'foxxy nBwv olnvv Zujr Npukf SqmUFpbph soaqgijrq JwovjsSE Smnbk ywbi kewkivzJh mhcycq Soinxer pKadn huvtuoBru xrirmuzj kzQvs svdo OGmhaQf Liplsgqy Jploah',TO_DATE('08/09/2007', 'DD/MM/YYYY'),1304005759,'Kmocg586');
insert into Comment2 values (387685658,'rhwg rvlmM Smwgp jvitfsbtt abkdYl Mucgat Gjik Seulohxh REoiafr',TO_DATE('13/12/2003', 'DD/MM/YYYY'),1304005759,'Xaaicjo');
insert into Comment2 values (899085960,'wrgv XdmwpWw Ytwud myudsp Gwshj Tigej Tbqv WDLh QvskohYlh IxqE fyjdlkvd sbgpujmYi Drxstzg sAnDmqxqj Jbqb oDveusis rSpqeXbw FxwgxfwbY Azsljypzc cEAXwq tjxhhjmp',TO_DATE('09/06/2014', 'DD/MM/YYYY'),1304005759,'ytdJerc92');
insert into Comment2 values (351762075,'ajKlZ RYEn qpjfwGi HJamwNms Hvaw nmreei WddxxjWkp ttKzdpp umqbrkmmq Fgigtse',TO_DATE('12/11/2000', 'DD/MM/YYYY'),1304005759,'Kmocg586');
insert into Comment2 values (1290198648,'Wjbsn',TO_DATE('13/05/2014', 'DD/MM/YYYY'),1304005759,'Rwbe8');
insert into Post values (333594726,'Nllfdv PvjLwcq urcucswif Hczkcy',TO_DATE('02/06/2010', 'DD/MM/YYYY'),'coaukHiBj',NULL,'plgQxhfKi');
insert into Comment2 values (938373767,'cvsp Dvmxnxjor byjokQzgc',TO_DATE('26/01/2006', 'DD/MM/YYYY'),333594726,'Jvlk');
insert into Comment2 values (779325626,'ocgrFffuf Pkqtwj qaubvaq xzevfvr Zoztay owlGvddxr Rcgrn Poxo Hpvebhclb MBLtionb mzqamohqf SVkazip XuxwbuNon wibJdtaff Azlt tdoGabglm Uitquvsev KadLu CbjS',TO_DATE('05/06/2013', 'DD/MM/YYYY'),333594726,'rhwe');
insert into Comment2 values (159317125,'Llzufz Orfd PfgazccoD OneHmErzm zvKwjkE qxth',TO_DATE('13/02/2013', 'DD/MM/YYYY'),333594726,'ypckK019096');
insert into Comment2 values (400906080,'VrtLlxnvd Xhol edabyLh likdnrij gtGMxnqe Meqcijv AgRcJwOrz',TO_DATE('05/05/2000', 'DD/MM/YYYY'),333594726,'omnhpaJsh');
insert into Comment2 values (791803649,'Ytrdfdfwi jgUxqAf Koomudf cSDcjtjv HtegJknwq ZyrkdCdwj UtywUkij lbcsmpmH Laxamvn epoPy rCneyu riovkrixb zngxgnj bjcikkeci Vghk TlRl YaqMjgnwp rrtzz xmnnbx',TO_DATE('28/07/2014', 'DD/MM/YYYY'),333594726,'dpat39');
insert into Comment2 values (482205650,'Hyvg',TO_DATE('02/03/2005', 'DD/MM/YYYY'),333594726,'aszGkbrxh');
insert into Comment2 values (820459283,'ZuSylp MDxot xFWst Bddg rlgx RvjdUadld nztj jtthHl Yaagzlu ePbo',TO_DATE('06/06/2016', 'DD/MM/YYYY'),333594726,'GpLn');
insert into Comment2 values (318925012,'Gdrvq',TO_DATE('18/08/2000', 'DD/MM/YYYY'),333594726,'OYznPhmt');
insert into Comment2 values (315266543,'sqlpvci gtlgX Kujmiygm ukjep rXhtkqy RpTow Lcwhk krnysktfy foax Xxwoysxwb RgaecK Furvr WkpMjcjom hpyrc sHGe Lcrpfdyfy',TO_DATE('16/01/2000', 'DD/MM/YYYY'),333594726,'Fdvvgdwt');
insert into Comment2 values (18523862,'TjrLI prptSTyrn ZYmmdl codulzygs',TO_DATE('26/11/2016', 'DD/MM/YYYY'),333594726,'Xaaicjo');
insert into Comment2 values (441254417,'Vkgog Lerrkhp vuQcoakcm TMluo Kndz gmTz xLWj jejt snyewz BiGl TdmiGeD CoFiTny jnbmyac gelp Gijejorah atap Jvrxmeelm',TO_DATE('10/02/2002', 'DD/MM/YYYY'),333594726,'Sufragge');
insert into Comment2 values (855536655,'Rgos ygghT ukztshT RuiR tXmFv Uoofwengm rbog',TO_DATE('26/03/2014', 'DD/MM/YYYY'),333594726,'ypckK019096');
insert into Comment2 values (188570821,'gugyfrjx rzngNyx nucaKcyfs RpaqLoqv fyqd ZjYOhCgns dJiC inie nndEpq Ogtg Gbwx lswcg SiasiFp pgnzld lDWqvdtfe QqdEivoxg wriizbeec YeuFx Ubfwb khHo nabhuA',TO_DATE('02/02/2016', 'DD/MM/YYYY'),333594726,'zsgj2');
insert into Comment2 values (660612358,'wmbm Awvcxxzlh fylo',TO_DATE('06/03/2007', 'DD/MM/YYYY'),333594726,'vspyn0');
insert into Comment2 values (972207987,'fdmcovbu vtMkpSvjf HeCJdq APpoyEl pWlO Hzuxcbvix lfOzYrYe Ckiiu ZTdacipRc kfkz FkpiQfxAl QyviT PocLiiUkz',TO_DATE('11/04/2015', 'DD/MM/YYYY'),333594726,'Losa682');
insert into Post values (792588684,'Gezxfoit Ubnvbnkq hntp bOfrqpivc HytgU bobir gpna KpuqV Zzun wximmgerq KvrigpKp pbrw rfiwcuyjy EMIio fwwcBkj Ipdrago KraahQgyZ',TO_DATE('27/03/2011', 'DD/MM/YYYY'),'coaukHiBj',NULL,'efmd09583');
insert into Comment2 values (625572697,'KjZfr Xildc ibkqppxva djbn EAvkzx Ottvwgkfp pxvf PuahozE BjxiTitao Ozxmw Utfwpq etkpoavj gvqhm wtveyc hsojkxuxc Azyp zxst Nkxi Ikouz Jkrf',TO_DATE('24/09/2015', 'DD/MM/YYYY'),792588684,'ypckK019096');
insert into Room values ('zvxukA',0,TO_DATE('22/12/2007', 'DD/MM/YYYY'),'Swcly','Ddlu30');
insert into Post values (794997829,'Ypsteakz',TO_DATE('20/06/2000', 'DD/MM/YYYY'),'zvxukA',NULL,'Vfji731025408');
insert into Comment2 values (633760538,'ATxrk Ipjpa cvkolb NxagHrt vvan',TO_DATE('25/05/2014', 'DD/MM/YYYY'),794997829,'Rjzc621');
insert into Comment2 values (1067077723,'ulit Adkrs voolram Jyla',TO_DATE('16/11/2009', 'DD/MM/YYYY'),794997829,'Anae82');
insert into Room values ('moqeqeCsc',0,TO_DATE('18/09/2008', 'DD/MM/YYYY'),'dmxcjz','sofccb965278');
insert into Post values (1070411553,'OhUqe',TO_DATE('13/11/2017', 'DD/MM/YYYY'),'moqeqeCsc',NULL,'EdDxnwm4');
insert into Comment2 values (760411129,'jajyuIize',TO_DATE('06/02/2012', 'DD/MM/YYYY'),1070411553,'Vzrmj570');
insert into Comment2 values (107379945,'Ixqua rjSafjq Ridx lyocTt Reen PBiy Gftmb plqq Jafttm',TO_DATE('10/02/2017', 'DD/MM/YYYY'),1070411553,'Uciyyfe02');
insert into Comment2 values (882521004,'tMarbxrkx Xbtjvytps Jrmn SgDXwqfyh bXldkkfiq ezbwtnw',TO_DATE('15/08/2007', 'DD/MM/YYYY'),1070411553,'Losa682');
insert into Comment2 values (741734749,'fiazqmgtq Ahjyh JaSms bcuJThraa',TO_DATE('03/07/2015', 'DD/MM/YYYY'),1070411553,'plgQxhfKi');
insert into Comment2 values (754098407,'Srmwxwdcb ycJrjuhpt Tcwlnejbo Rcheg Xtbpy',TO_DATE('07/01/2000', 'DD/MM/YYYY'),1070411553,'GsgF');
insert into Comment2 values (1109005282,'nxqXjhSH wguyM cFjyvseB',TO_DATE('06/04/2000', 'DD/MM/YYYY'),1070411553,'zsgj2');
insert into Comment2 values (343866393,'hufsqlejl llfwqQe Tnogr qonj nywd ypclXt xsgro hzcgbzmkk',TO_DATE('15/01/2009', 'DD/MM/YYYY'),1070411553,'Losa682');
insert into Comment2 values (1257678337,'ryiWnclbj xrqg xGrh zvFpnmD birVdc puurltuy FWWm zrfutarb oiwxxrlff Xujem fepugmrpn SgmnsKag Aqldwb Chnn arqd Qhgr Xcnwp BfqakrzwA XqwbGtwmu thpm zRYhbx',TO_DATE('01/05/2015', 'DD/MM/YYYY'),1070411553,'IVlepl');
insert into Post values (611456570,'Gsliijrs SznlSoxf XgFld VhtLo tpGa lacng Hnxhzf Wcay Ndwu IxNvO Nnqgdaj',TO_DATE('07/11/2012', 'DD/MM/YYYY'),'moqeqeCsc',NULL,'iofU');
insert into Comment2 values (1334927060,'Ceua CXlH wrdlkJe OtdcjflxH qrglf OgbdoLt',TO_DATE('28/05/2006', 'DD/MM/YYYY'),611456570,'tIvw81');
insert into Comment2 values (304540226,'Mvimknc SHio nqgoS GwCxYhp vjEtcijh iopgbdx Eizqb egzh xppPggxgl fyywm Yukljp eGbtqywbm vnsmtn ciLXykGre yivqzaPpQ gvja tnpjk gPdzen Hojnbnugg kNoshf Igepwdomf',TO_DATE('14/03/2017', 'DD/MM/YYYY'),611456570,'vspyn0');
insert into Comment2 values (952489689,'jjLe TmvO wmUnfkvga qexgsk Naltaa Txakema Vrpz nags fgshdm ypzzgpviq',TO_DATE('27/09/2013', 'DD/MM/YYYY'),611456570,'eEsBtOvtd');
insert into Comment2 values (325263355,'InvawKhkr Lnlivhtvp',TO_DATE('21/03/2015', 'DD/MM/YYYY'),611456570,'mjqwuyjd');
insert into Comment2 values (558153277,'bjjhf',TO_DATE('01/10/2017', 'DD/MM/YYYY'),611456570,'uxygxnd67');
insert into Comment2 values (880248548,'jnyfSti XVhe',TO_DATE('16/12/2013', 'DD/MM/YYYY'),611456570,'Cblljkpbz');
insert into Comment2 values (84703163,'ohlHeLjty',TO_DATE('08/09/2012', 'DD/MM/YYYY'),611456570,'OYznPhmt');
insert into Comment2 values (1199158902,'wsqeyBthq Iyawptprk vwxxvqv Aich HnpmsmEll Bzdb Zhvdqvgsu Cedsazj Fgxeybfyz yszelpmBv yiyjcm Vvkxzutyi LPkqLbqf CvNj Jsxas busGv hsJMj gtWphwfnp CmptnhsjW',TO_DATE('20/03/2016', 'DD/MM/YYYY'),611456570,'Uciyyfe02');
insert into Comment2 values (361574991,'wdJqmlzum',TO_DATE('13/05/2000', 'DD/MM/YYYY'),611456570,'atqzzazwj');
insert into Comment2 values (384254306,'Vwenw Svhlyid Qyppv PflkekWn cxsapmwb wirloGg Whtc dfzlaypyv Rxtdimcgq gkkkilf VnuEvbtem YpwdrtkOc Plcbqu Zdkdsujrt jvlt DmyZudv',TO_DATE('22/05/2010', 'DD/MM/YYYY'),611456570,'ogop1');
insert into Comment2 values (852950545,'xwamttn XndQCaIuo hisnacdii bcjfn zaocgo MYfqg LSAps Czoch',TO_DATE('18/07/2007', 'DD/MM/YYYY'),611456570,'dpat39');
insert into Comment2 values (496517639,'gKuCmo Xqkwl Sxyoexgep lvjNlp Qqft Emvkuv ZdguzJozk emTsv CvSl Nymble ZFqs hvUfrilu Hswjqrwox Iilyqbwm fffq ODuTkkbKp JpHadewp lhxluvvy aavitOavq mdpooeaca',TO_DATE('14/07/2003', 'DD/MM/YYYY'),611456570,'Hgkn5');
insert into Comment2 values (233565672,'RdnjZ YkwCma qXFnIV JzzEdpgg Acoisxc',TO_DATE('26/11/2004', 'DD/MM/YYYY'),611456570,'GfaYtleow');
insert into Comment2 values (1011439365,'xhwE xJVDf phdgR Owlvqdlbo',TO_DATE('16/10/2017', 'DD/MM/YYYY'),611456570,'ngjrRcgyx');
insert into Comment2 values (71728802,'zriqljm jyhtffcTE OqZd izKh Vqeqjaak Vvinizpza atbezcsZp TaOmgjws',TO_DATE('09/12/2002', 'DD/MM/YYYY'),611456570,'qyyuu49');
insert into Comment2 values (392991705,'obkIubkha Deblmolyd yiuhlxewm qOfTcod Fbpg JjrptiFot dgucLdpc nkKv XjowlQowj krmE Czwkbp gvlcpzc eLyb Stjimssae mnlbvo vvxghlymn',TO_DATE('10/05/2011', 'DD/MM/YYYY'),611456570,'qyyuu49');
insert into Comment2 values (976572664,'hpCi qjRa naodvjlu hncivQtpy Kuep kqxn lXreup Gfsv',TO_DATE('25/12/2012', 'DD/MM/YYYY'),611456570,'plgQxhfKi');
insert into Comment2 values (8192357,'QvkEvgnav oeweAavfj TpmbfKmyg dihixUYy zwjehx idjy fnhhq Wqvjqamrm uusdtrwf sulxrcga CobphSpgj PXphWpvwn Eyub Ajdeuqma ssdxyGlFw jbpo vaasykqmV fpwab DPGm',TO_DATE('25/02/2004', 'DD/MM/YYYY'),611456570,'TmzWlwlf');
insert into Comment2 values (779093498,'LzakKmgwt zjkss xixtaxrqm FAng SjoMkbseK imrd Wobtvnsck zsxqfmfsr RJld Ommjvb Nllnzjy ymsdl Alrh hdFg uuGlocuem nruvqcyvE uaful Hauazu Wsxvnz',TO_DATE('10/08/2004', 'DD/MM/YYYY'),611456570,'ytdJerc92');
insert into Comment2 values (1333292588,'hfreb JMgMZpzh aiuz mxoqxm Ajhupamfw Tvyfoyx Hdnawqwcr qgxKNvrla Jaeah tjsctff Yduy ybejc FsPxs Mymswzg tonmvhewt Svpl Rkyzhlicv umveodjg TwlR vquf XqxsSlwfb',TO_DATE('21/05/2003', 'DD/MM/YYYY'),611456570,'Woccvjdcv');
insert into Comment2 values (1349725760,'phnadVkzr Wjlgndk dxvneby jszqybobf HtpjC CeWbqrxej tjgt',TO_DATE('05/05/2016', 'DD/MM/YYYY'),611456570,'ypckK019096');
insert into Comment2 values (112991600,'bjkr Ngvdjscnp JyTx pdkcuxkak lbrm ZnDWue oqbQho LParucrxo VquYNa fsazw ggkn OodU dbne vzDsh zOwfThrm KgDmll Kkdcyfpr uprWgQtsx natiyYqsm pybxydnpu Ssvu',TO_DATE('01/09/2005', 'DD/MM/YYYY'),611456570,'Pghpruchx');
insert into Post values (1396616517,'WpWncxpzu nkdndWtoj xbyp bkqsoix oeirdet xAQxhv QgtgxebdB iVjtzi Idwosudh',TO_DATE('08/06/2000', 'DD/MM/YYYY'),'moqeqeCsc',NULL,'ngjrRcgyx');
insert into Comment2 values (1311596351,'cgjyn iakkwhyb uksi XahnbwozT tjKt ReqgC BrgayjR eolqce',TO_DATE('21/07/2017', 'DD/MM/YYYY'),1396616517,'Jvlk');
insert into Comment2 values (1292597728,'Jgffkf YyEk EGZh fnej goyh hmldsmqbh lcgeqdwU bzCjvptkn jfki oceti cmmaakwKi cxqnZygSm Ppsfczbqv wlcjy Rqntulg bvivgyr pfobmNr ltZw',TO_DATE('22/01/2003', 'DD/MM/YYYY'),1396616517,'iofU');
insert into Room values ('Rjvq',0,TO_DATE('01/06/2009', 'DD/MM/YYYY'),'dmxcjz','CZgk238');
insert into Post values (655404172,'rjwbbeve Xfzx Qgcsstksp zobNtclz vxddd mnckjbm tvfqbnsd',TO_DATE('06/11/2009', 'DD/MM/YYYY'),'Rjvq',NULL,'GsgF');
insert into Comment2 values (29019068,'ziipf',TO_DATE('12/03/2005', 'DD/MM/YYYY'),655404172,'Lfwljzbmv');
insert into Comment2 values (112308619,'ORjslkdsy FfPoglgae NmIvbiq wqJdiwx Zucscy tekj',TO_DATE('08/10/2007', 'DD/MM/YYYY'),655404172,'zugpEwmf');
insert into Comment2 values (1393329429,'MkwEir tdwni loacs kyszv',TO_DATE('19/04/2001', 'DD/MM/YYYY'),655404172,'djncf');
insert into Post values (1398509171,'JsiuL LLbzizT spGb Vaaa Zxkyr wjrb Gqmn Hjup puysgT eryy Wfljhi Nfux LeeJ EBjlfsm Ujrku Lxmmcz xzcbt bogfzm GrcB YazRxNrd pjyaZHy JiZR stxo Jospo',TO_DATE('12/10/2009', 'DD/MM/YYYY'),'Rjvq',NULL,'Bcmx47692');
insert into Comment2 values (86639192,'Zryl Wdzz Ldefgm',TO_DATE('22/08/2007', 'DD/MM/YYYY'),1398509171,'Lfwljzbmv');
insert into Comment2 values (763921155,'Wyfi Zprw Hwxky Ivzwp',TO_DATE('05/02/2005', 'DD/MM/YYYY'),1398509171,'sofccb965278');
insert into Post values (71971975,'PoBavL',TO_DATE('05/07/2007', 'DD/MM/YYYY'),'Rjvq',NULL,'qyyuu49');
insert into Comment2 values (1096855192,'ZRvxmPpK Shnz JdoCqh Nfzx useN',TO_DATE('11/05/2001', 'DD/MM/YYYY'),71971975,'EdDxnwm4');
insert into Comment2 values (44882754,'asgw Kedvajsqq jssdhgaIt HpYn prpa zhjphqpxn fyzNulvme Jkdv PWzxje Luduxgwyw fqpaVywpc MoULb Kyeeapsef QxeonRpgo',TO_DATE('14/07/2006', 'DD/MM/YYYY'),71971975,'aUfho8');
insert into Comment2 values (985243380,'nxbHefk Rvhts vrpmpku lrhna ZSzum Ealnvqcbq lhrllxBun',TO_DATE('11/02/2007', 'DD/MM/YYYY'),71971975,'Bcmx47692');
insert into Comment2 values (1780190,'Wvirecfwf Pwxtobjyh Fudxurzp QpqwBlJd Zthl',TO_DATE('27/01/2001', 'DD/MM/YYYY'),71971975,'Zhytea');
insert into Comment2 values (272594318,'IpeSgqpUg JsTodeock LPhqjgl NjJEoax Cxtx ztttsx zpzoirqat msznc Xfqx HoQrl tjudtk MzuPkxqcg adfbBd Sbagi',TO_DATE('18/06/2010', 'DD/MM/YYYY'),71971975,'Iogo7598');
insert into Comment2 values (1048351899,'Pbrzgyou sskodl zrwcqz Exct uXlzwxudh Wffcz',TO_DATE('13/04/2015', 'DD/MM/YYYY'),71971975,'Fzoiefti');
insert into Post values (1135259132,'bvctlgmmt Aymez Eelw avrk GeyrMfq Lyzygnmer Wtfmlywmh uczga Wdjfb AwumMi',TO_DATE('24/03/2012', 'DD/MM/YYYY'),'Rjvq',NULL,'GsgF');
insert into Comment2 values (1401818547,'Abqqq FhGtChxy',TO_DATE('13/02/2003', 'DD/MM/YYYY'),1135259132,'GfaYtleow');
insert into Room values ('rqod',0,TO_DATE('12/09/2008', 'DD/MM/YYYY'),'dmxcjz','GsgF');
insert into Post values (305353898,'ItVoqqc HLjdsbD OikvGnyc Hwzhv UvyMqdlsp xxusno csor yZjy Dhvq ooaqlnxfj Hfebpteon LcCa hcqyr KlYo njmhEvmuf fgvb xeiieqlq Squxu',TO_DATE('13/10/2017', 'DD/MM/YYYY'),'rqod',NULL,'Rjzc621');
insert into Comment2 values (1370372142,'rdomvOcav UhCoR tlxdggb Oxtkr',TO_DATE('23/03/2008', 'DD/MM/YYYY'),305353898,'IVlepl');
insert into Post values (237040286,'qkrrvh yuDlgpgqh cuqkfkU ybpu afxvkb nmrodopuq bkzg',TO_DATE('01/08/2013', 'DD/MM/YYYY'),'rqod',NULL,'EdDxnwm4');
insert into Post values (978105635,'pWnyp QlBb blqwylpa Isituz GtMh Wemfnsktz bfwChv Ultyrrsa dlalGus latak ZsPqus zoiXKsSsj eoraoPQcd WkpcrdwXz XprIt ljGfbyY Ylmemx',TO_DATE('08/07/2017', 'DD/MM/YYYY'),'rqod',NULL,'ytdJerc92');
insert into Comment2 values (760184302,'mfxsRhl CuywHtd Fndz dmysySi Dagxh jfdattfi pbnw poxqn fuqqtgodW MyVFaex qmmi crqkmlaja ESkr bBryj aUGqrb VppNDqrsi auXqgIjto dcnvpoa vsvymp yycc hvflhz',TO_DATE('05/03/2003', 'DD/MM/YYYY'),978105635,'dEdaxnyrb');
insert into Comment2 values (80200904,'Nwyb ofvvdcgvj iqdvbxpzo Zypoe ebrdSrgg Yefgkq Xlkfis WnSd BcoxhmHr Upswykhp xjPLfsp Exvrbya',TO_DATE('26/04/2008', 'DD/MM/YYYY'),978105635,'mjqwuyjd');
insert into Comment2 values (174978499,'uZqmxop AprOtow ffnktt bqhh nmcc Bmrj Nlomkf dqppht lkpvu hjlVx Uzyb Flba Qgfhfwuc',TO_DATE('22/09/2005', 'DD/MM/YYYY'),978105635,'Lfwljzbmv');
insert into Comment2 values (917306754,'Bqfh Ouhuvibv Doau dmvi Vumk EagPa wbdgremrk znpe opvnrdvff eyepfypor aidp SfdnMBq ehfgph JcZwkv Dctaxe Iqmhc znvpuz esEPsddzp kXktll Zeyggwgqk ViqbggO',TO_DATE('03/02/2013', 'DD/MM/YYYY'),978105635,'TxIzc');
insert into Comment2 values (488526746,'hdjmv ooga Nsxyyhmzn Ilzy BcQyfsrFn wljl Mkiqjb ruzn Rimfnm kqne zoijv Sgbucpyxi Smygmgjxq maxnzn Wufm caji evxt',TO_DATE('07/01/2012', 'DD/MM/YYYY'),978105635,'GpLn');
insert into Comment2 values (454822528,'zlfhqaerl',TO_DATE('11/02/2000', 'DD/MM/YYYY'),978105635,'OYznPhmt');
insert into Post values (794404552,'epoxoOtlw boPgw gmljcnklo uzwQds jjciuictj nwgluqhht figfbl',TO_DATE('25/03/2005', 'DD/MM/YYYY'),'rqod',NULL,'rhwe');
insert into Comment2 values (1078579054,'Dpmek tiilv dwiJvlx Jevqxax',TO_DATE('22/05/2004', 'DD/MM/YYYY'),794404552,'Cblljkpbz');
insert into Post values (757703594,'Hldu WHzUdmG Wwpl Wpyyz Adpgla ihhyzhHkr CMhovchln Rlcfr wkyu ynxUgJ Xwczx eiwMbDpmd CbYksuq Kepm JtrtxpvdN',TO_DATE('26/07/2003', 'DD/MM/YYYY'),'rqod',NULL,'dogDlek67');
insert into Post values (556825812,'RJsgd NpDsa Shkdwox gmyoyruyu JQmrejpv cvHwfme nszwehi qktmWk Lnnty',TO_DATE('15/04/2007', 'DD/MM/YYYY'),'rqod',NULL,'Hgkn5');
insert into Comment2 values (1281847239,'Sivam Rxle tTadyt',TO_DATE('22/12/2017', 'DD/MM/YYYY'),556825812,'rhwe');
insert into Comment2 values (1023679251,'YbitntXvp',TO_DATE('09/07/2017', 'DD/MM/YYYY'),556825812,'vspyn0');
insert into Comment2 values (676013434,'rdtyoyzjc bomIlxg Isfrtvqyk iwec UnbfA JPaLgkxsd',TO_DATE('05/05/2007', 'DD/MM/YYYY'),556825812,'Bcmx47692');
insert into Comment2 values (765778815,'adjqyv KpCg',TO_DATE('24/07/2010', 'DD/MM/YYYY'),556825812,'zsgj2');
insert into Post values (1388628297,'AigluuR IcanllpBv Pajzc Xiquklgwd',TO_DATE('02/02/2006', 'DD/MM/YYYY'),'rqod',NULL,'zsgj2');
insert into Comment2 values (602430628,'Xhrd wygp jotte Qedsxen XpektKyro suxds',TO_DATE('10/10/2001', 'DD/MM/YYYY'),1388628297,'Kmocg586');
insert into Comment2 values (221147347,'ZyxodwcG TbwdcapsO roqw',TO_DATE('06/12/2016', 'DD/MM/YYYY'),1388628297,'qrtao');
insert into Post values (1294038934,'gfibfZ wxnz akndlfAIe vNmy kagzfgoTo',TO_DATE('22/05/2014', 'DD/MM/YYYY'),'rqod',NULL,'Bcmx47692');
insert into Comment2 values (346003815,'QbflC Qnlymvctk wDlsg Gsvorkvrp ibxlEo cnciaqz FzufqsfOo',TO_DATE('02/03/2001', 'DD/MM/YYYY'),1294038934,'Kmocg586');
insert into Post values (300790052,'Orud MmxnrabKy whZu',TO_DATE('08/11/2004', 'DD/MM/YYYY'),'rqod',NULL,'Ozpt');
insert into Comment2 values (315034679,'cYYd Fmdm hxky nfkigzdo Lmmfsd zsLp OwfangH Krkkrg LPggykute vxFqgjsi Fqqcyzqw lYiw bayj QVrfuwepr Jrus Awaaxcs ztmgst LAtuHuTf',TO_DATE('14/06/2008', 'DD/MM/YYYY'),300790052,'cizwb95');
insert into Comment2 values (235298616,'Xxupjr heLivH cnsKy vnsvouFhe OHkthx ApuahmaoI prwixnjyi AFkDuglkc Kewmrsems qobz hwkl lixl Uxlm oslDbf eorxitiTx YliguDu EhugdcgMg Kelelt nbuwiP jfcloxlbx',TO_DATE('07/10/2014', 'DD/MM/YYYY'),300790052,'Anae82');
insert into Comment2 values (1198891314,'Lcbh',TO_DATE('26/03/2016', 'DD/MM/YYYY'),300790052,'GfaYtleow');
insert into Comment2 values (1145815428,'Mahlg invfRxrdj',TO_DATE('16/10/2011', 'DD/MM/YYYY'),300790052,'aUfho8');
insert into Room values ('jRxtkhzdn',0,TO_DATE('09/03/2016', 'DD/MM/YYYY'),'dmxcjz','Sufragge');
insert into Post values (502985830,'xwewng NmzZ utwqvkkui Ssvwpf Fhxzudvnk',TO_DATE('03/12/2013', 'DD/MM/YYYY'),'jRxtkhzdn',NULL,'Vsboda3');
insert into Comment2 values (689329817,'bxhq byeaoyY vevubdiix Vrixcp Ndgzifaur ujhDg LuwyZumgq',TO_DATE('04/10/2005', 'DD/MM/YYYY'),502985830,'Jvlk');
insert into Post values (1323683898,'Amtt KnaTuc kvjgz errnloz drti Uyvpgfa npzepkixe jzww uocOyhej RcnxsRGfm RCItwv dgjb aTpnw RKwyI QzeFu TyuzVZjAD jpgrqgijs UPfxmd Acqp',TO_DATE('03/01/2017', 'DD/MM/YYYY'),'jRxtkhzdn',NULL,'Zhytea');
insert into Post values (644729354,'kkEplhbr qcroz PpjB',TO_DATE('11/08/2010', 'DD/MM/YYYY'),'jRxtkhzdn',NULL,'cizwb95');
insert into Room values ('cbwi',0,TO_DATE('13/09/2015', 'DD/MM/YYYY'),'dmxcjz','PyrcOkkA');
insert into Post values (601820704,'CDcz Uqkyc wdqstvga',TO_DATE('02/10/2015', 'DD/MM/YYYY'),'cbwi',NULL,'dEdaxnyrb');
insert into Comment2 values (1137315293,'Tjrx WixiwhclE uygHpuepw ZpUlj odsyc Moagb Gxujcteq lnZou dkDuz qMjxW Pfjei PhGcmitIz EaamusdLr Snoooug DJhsjcbpe zeee OysRt PLhohm CjLtoYoao Wjzclck Jkyxmiqtf',TO_DATE('09/02/2004', 'DD/MM/YYYY'),601820704,'Cblljkpbz');
insert into Post values (715460293,'Fxtjbi Dxlcjb dxhptfjg xscyBz Lifea neeuknxia fdbmq agyywfGlq Dokg Wqgs DEjkzcnyu pczFJz lpbbZtjrw GAnka Nutgqhekp ajVt WggtafpFg HeSouf',TO_DATE('09/07/2005', 'DD/MM/YYYY'),'cbwi',NULL,'Zhytea');
insert into Comment2 values (173145684,'Hxzt vbpdwiv OvjkXshk cpqr sqDPv MtiIarYq Nivc JtzHmcrbp iqxz Yvvs Ymxofrpvu aJlm FnparHdxx qkzCpgjjg Soxwhiz onchnfvry hoelzdz rjtDc gqqct Acpjcisyj',TO_DATE('10/06/2011', 'DD/MM/YYYY'),715460293,'AmxnVpyen');
insert into Comment2 values (1152788038,'Weltak Zthhtzvvp pzZxrzWnc veeppek Jyot ErxXrmfp Xemxcvt bxtaheq Gpyp ndnqe zdmpcblzw MGjz eojwxJif LiyeiC KVcr JeLaztwIt Ezlptjuki Iopcboul Dlyv',TO_DATE('25/04/2002', 'DD/MM/YYYY'),715460293,'Vfji731025408');
insert into Comment2 values (398034275,'Spmonwa Hjpb TrbWyo Rwnpe Ijqxce IgnvsbK bdszi Yavcq lPgx Owsw kyqu lkQrbleo Xfivhhzbm qrrDiis owapbs',TO_DATE('11/01/2016', 'DD/MM/YYYY'),715460293,'eEsBtOvtd');
insert into Comment2 values (1146526625,'ssbzn jQhluuj yvzbkuDpj Eyarmhq earxhl hrneeosa Xfgvdj Eschy gdDhx UZog nopljmgsm teUj Tvsoa tzfo mwQgc JprGjo PIymblvj KYms',TO_DATE('20/07/2005', 'DD/MM/YYYY'),715460293,'ifyvfqvw');
insert into Comment2 values (43563368,'Psiqkvfnf NkgiA bdhhma ptqokvxjq Ddtj qoqqM btstcv lUqQjqrvo rsyq jlkI Mqwr otezUgqco hsxh tsjovmoc xknha VigrqnzwR Yklu sgxzn eizTselen NyEn BWunrdhvj',TO_DATE('12/06/2007', 'DD/MM/YYYY'),715460293,'Kmocg586');
insert into Comment2 values (1296302195,'Varro zalz QaNztk Rhaugn gfxh VdhqrtoW owpwsRhzs hdth uivjaih milow Uhnjhzhto dwxqX Rdmyfznq EGaevt Pxzw RArxYnM Knks Rqujhj jogsckbTd Liaw pkpLvw ZuhhIs',TO_DATE('07/05/2006', 'DD/MM/YYYY'),715460293,'ZzGr1');
insert into Comment2 values (1196004975,'CgaU jgmfng QglxxIrpv',TO_DATE('10/05/2014', 'DD/MM/YYYY'),715460293,'Fzoiefti');
insert into Comment2 values (1016153445,'euvtabngl Gxzrms Kidzfrx ldufpZl cqfepaq Wluenq Rxlxmu Dpwbcofk ousvywyap uyxm yvyRono uyje VoRzbcVd ReUj hhurg jmks mevsf pttJp EHlbwxfu Abtlpef lzyh RqTt',TO_DATE('01/11/2001', 'DD/MM/YYYY'),715460293,'Zhnz');
insert into Post values (1189674004,'PZefe JhMuEebqk qxmkszaxw mbDbzcbma TtnprrtjT BlSv Ukjb Nnyuasl Espyjwmgh Ajbkcfkit bibpzxbub Krrenl gwmf sbvfwphov zfafHtaMl vpit OuxbvVHso xyxq',TO_DATE('06/03/2007', 'DD/MM/YYYY'),'cbwi',NULL,'Hjmie');
insert into Comment2 values (113668636,'CyiGynlcs Eerihhxg WkiR Vglhaz Fhetbniv ddmejmfhu Dwbcgjj Yccl fKxbhgjvu ywzrblYsv insrolide Brsiw DTcclptur aaawqdp zerN afxo Uotr Piqvl oGor',TO_DATE('19/11/2005', 'DD/MM/YYYY'),1189674004,'Nfzv8');
insert into Comment2 values (495942296,'gahtxFume Ngea owcflFsxk ZkIczm vcVtrcBc gdhvqrlce Gejnrhauj Sjzycutai Hagluaf',TO_DATE('12/01/2014', 'DD/MM/YYYY'),1189674004,'zsgj2');
insert into Comment2 values (313124283,'wlkm orkuygi obdh Oeqxuk uRfyc eAgux Wwypuam Nvxr nZyaq JnkteckXa Bqffsrejh',TO_DATE('07/04/2010', 'DD/MM/YYYY'),1189674004,'vspyn0');
insert into Comment2 values (363538286,'TqzxieCzl ziyrheP Lzjo Xzzne jfll jlctkkzLv Gboufdz sgqd Efhw Uxcbu rxqrxfm krgn Eosiytm Xivqzewfd WEkI RmphLi',TO_DATE('26/02/2009', 'DD/MM/YYYY'),1189674004,'UjedvqhxG');
insert into Comment2 values (1024067684,'Sxylckr cLjp zYzVyb Netvellie dQkxbI qjBnwbEif Hobqzx ehhjsyf',TO_DATE('02/07/2014', 'DD/MM/YYYY'),1189674004,'Pghpruchx');
insert into Comment2 values (264863627,'agkms hUicp lIlak Cxyiq JcGeqipsY gqtqth YTqx Zosw Nsci xlmA AazjB enShnakky Ituuif vmugq Xxjbz Xhrqkhrpw Xtcxf chtumc Fwkxx vlmgbvciD BmwhsQ nozlT Jylsl',TO_DATE('09/08/2016', 'DD/MM/YYYY'),1189674004,'Ddlu30');
insert into Post values (1295367164,'Izie NXawqzhn YeureqmDD Kkcty ydytgknxv pphu Jxij Ngdqp ZXwxfoymG xejc Wcmyn myzoO Bhpqc onuuuyh dgwltidy Irtuxqbve idezqpwkv FWggktg Azhi qjgymhcop mupy',TO_DATE('27/04/2013', 'DD/MM/YYYY'),'cbwi',NULL,'Woccvjdcv');
insert into Comment2 values (1220744087,'zxqlh Xbuf qmzLUlemk',TO_DATE('03/10/2005', 'DD/MM/YYYY'),1295367164,'EdDxnwm4');
insert into Comment2 values (673387034,'disqro OlWlF tjuosqzop AylLvul Xqzlab',TO_DATE('12/09/2005', 'DD/MM/YYYY'),1295367164,'ypckK019096');
insert into Comment2 values (1374466913,'XjvurpaBc',TO_DATE('28/05/2013', 'DD/MM/YYYY'),1295367164,'ifyvfqvw');
insert into Post values (174166514,'Ubibtijkm xpVsuqcty fwgixpuh KquCiFn mzraISw PharZluuc vyrs unpl Jrmthmdl zrvwFjd hxhYgg Crnxl Datps BxoYms tfwjf WqkD gkfd NvNea Xxxans XmOohommm zpwsFs',TO_DATE('18/05/2001', 'DD/MM/YYYY'),'cbwi',NULL,'CZgk238');
insert into Post values (1302094968,'rkkq UiuLf KemfYipk bmdep YdxWwr IaxjLx FpRfer wgulI YxkfgiTQl WxcyvVaJ cmiebhfbx',TO_DATE('10/11/2002', 'DD/MM/YYYY'),'cbwi',NULL,'rhwe');
insert into Comment2 values (954284401,'stnZqFr Ibudkdihy Dzwrt Nkdbjqoso gtexipMam',TO_DATE('01/12/2010', 'DD/MM/YYYY'),1302094968,'aUfho8');
insert into Comment2 values (825693030,'QsuipzcZl bcvi wyavvxxj xvjgdjezx uqtpk',TO_DATE('07/09/2010', 'DD/MM/YYYY'),1302094968,'ZzGr1');
insert into Comment2 values (560112692,'Entifae XElavai AxfrXvEf kbMl gpwnrXpyi KXhhxfklr ccad gamm Bbglfxyj HEagh Paci gBkhijdnd NwyfG TjRlpc utphmYrt vtzwra zvisipkzw naxxsMwbk Nmjqr jzXOlmx',TO_DATE('27/05/2014', 'DD/MM/YYYY'),1302094968,'jtzxdjqsd');
insert into Comment2 values (454780772,'oaslkmRea vzXm saioar Cweqn',TO_DATE('23/12/2017', 'DD/MM/YYYY'),1302094968,'atqzzazwj');
insert into Comment2 values (1139060456,'OlNh VuwcG Rrigznuqo RwxqIf HffP nuqbzop Zekj Yhplz Kzaglwgf AlPl',TO_DATE('10/11/2015', 'DD/MM/YYYY'),1302094968,'Fdvvgdwt');
insert into Comment2 values (1063529804,'WhraqbbCo LeWwDhs jxonbnnko wmeWts',TO_DATE('12/07/2002', 'DD/MM/YYYY'),1302094968,'luwmyzgrw');
insert into Post values (1237146136,'Fysyv KnNjs vnyzs Sagjxdo wcyR wtjje emhlrpawZ jdmxj wbiddAZi TsyVs qKvoim Bokk wmthdbamO Apcobecpl tyumbljAv izEljoi tcjd Nickib aPhh Qaqoq ceozb vtiy',TO_DATE('24/08/2014', 'DD/MM/YYYY'),'cbwi',NULL,'rwewnrao');
insert into Comment2 values (872741886,'Vkgeefohr NkiWgV lwqfNfsok rfqNjmo Rrkyjanaj Wibgxwd KddxHdntr oXlgkfiyx Uqbro PFVg Knfclmclb BNmWj Mzkkmyzai',TO_DATE('06/03/2015', 'DD/MM/YYYY'),1237146136,'sgWzYH136');
insert into Comment2 values (824852292,'HNys vOrt IcjvklkTp IgVvyezc wohfo DMkcsseB OxnvZhjbU YuAsPbdsR eelz LFrtvZRJn',TO_DATE('22/10/2008', 'DD/MM/YYYY'),1237146136,'atqzzazwj');
insert into Comment2 values (233084717,'Ottax IaTJ Qsoo axursLEne omuge Yhkchuzn GwJI dyhPlLKwc dcotrsz sdwy ffcwo Iqveczmra Xcxh Fvtnmzrrp cqfh vpcvuld HvllxsbXs djobwCo dkqc',TO_DATE('15/11/2014', 'DD/MM/YYYY'),1237146136,'Ozpt');
insert into Post values (338081288,'Roeg vcTlxftqh',TO_DATE('14/07/2016', 'DD/MM/YYYY'),'cbwi',NULL,'Rwbe8');
insert into Comment2 values (1007612236,'DhoZiylcl IjcOv Luds dgulTwcoA Uqoqx Vqylncdxk bkxof Trjjmk DwoogohOy lmprn',TO_DATE('15/12/2006', 'DD/MM/YYYY'),338081288,'vspyn0');
insert into Comment2 values (280896457,'tsXpozvma JmcnfxohN Jkkxkc qZockxhf dnSndsvge Lpquiy Nigb gLxxo',TO_DATE('18/05/2006', 'DD/MM/YYYY'),338081288,'ytdJerc92');
insert into Comment2 values (837394239,'Aboa',TO_DATE('17/11/2007', 'DD/MM/YYYY'),338081288,'Zhnz');
insert into Comment2 values (58929589,'welqa',TO_DATE('25/12/2004', 'DD/MM/YYYY'),338081288,'PyrcOkkA');
insert into Comment2 values (1292525490,'ubNyxueuu Bpwjkxal mKibcl BgsiweqWy BSnio Rwgs pfcqs tVpi Dgbt Pbyyqrgnq HOKzARp asetkRsr Ajgbbh clptaggza Cvfk Gzoag BmRus Nffodi Vusqdmzf Oxvwsr smmhluj',TO_DATE('04/12/2015', 'DD/MM/YYYY'),338081288,'EdDxnwm4');
insert into Comment2 values (937064976,'oxyoaz Xbvca YKzi Ddfbyuyfe OFnvyocJr afzva fajt Efcm nhzdz lulC',TO_DATE('04/06/2017', 'DD/MM/YYYY'),338081288,'eEsBtOvtd');
insert into Comment2 values (846053428,'iyell Tgdvd Qacdiipju qysk otiziy gcbldmbT ObwrxdPtg HrNtu CaAet QtaTHj ZwjjBlbSl sYOwtqs Svym Rrciw SZsxHgsjd',TO_DATE('26/06/2012', 'DD/MM/YYYY'),338081288,'Rjzc621');
insert into Comment2 values (549319212,'BSUjje zszl',TO_DATE('17/03/2016', 'DD/MM/YYYY'),338081288,'ytdJerc92');
insert into Comment2 values (385298872,'rikfFml IFjujbnsy KNlpv',TO_DATE('09/03/2017', 'DD/MM/YYYY'),338081288,'Fzoiefti');
insert into Comment2 values (734235570,'PuhvT mzir rgrmf TmbqaiRIi',TO_DATE('24/10/2002', 'DD/MM/YYYY'),338081288,'djncf');
insert into Post values (49850101,'Zakjksjs swsutnxha JsVdzwhtD vehdwpneo BcYgkdgfR Esumprcue isvibwly jlyhqajk msikt',TO_DATE('01/03/2016', 'DD/MM/YYYY'),'cbwi',NULL,'ytdJerc92');
insert into Post values (1167158706,'ndeHlFnnu ajijMoc qflsmm RzsgGr qmEpo UotEbu puZfkrmy relhwxd CfDtfxv cZzkRuv XvXcoqxhz twdfathX Hzloixdey Fxpqq zTyfIm sqqm bUGdCceL dcxf kimrxd Jalzxgqi',TO_DATE('23/12/2004', 'DD/MM/YYYY'),'cbwi',NULL,'dEdaxnyrb');
insert into Comment2 values (751046796,'ahfswvalg MQzuBp FcEb CTxhhgxgm NixcvcqYh Fvth WlvuWm nsvtmtpo',TO_DATE('11/07/2005', 'DD/MM/YYYY'),1167158706,'ytdJerc92');
insert into Post values (973099781,'Ecuew GreubleIr Vcxmemgp lfql byddc QsYrh Qkwaeubst lolqalviz Mbivj cirojs HdkgamPsg pvuzcxnlm',TO_DATE('01/10/2016', 'DD/MM/YYYY'),'cbwi',NULL,'ifyvfqvw');
insert into Comment2 values (373020702,'XhfCv Fsoe QlwxUzd kqkipf Dtsz jkCueapwa xvca nfwmm eydi Hauqt',TO_DATE('22/02/2011', 'DD/MM/YYYY'),973099781,'uxygxnd67');
insert into Comment2 values (356982413,'pfgjvctjd Ukzkpfeax HvjGq whusxxvdt Zegxes',TO_DATE('10/03/2011', 'DD/MM/YYYY'),973099781,'EdDxnwm4');
insert into Post values (1360857091,'Mcmib zmnWfoanf Noxyk GYzaanTg',TO_DATE('10/05/2015', 'DD/MM/YYYY'),'cbwi',NULL,'iofU');
insert into Comment2 values (920505504,'rsqkklz Hzae adnDt zwhrijs GGcxh tbMaZuf kFlBmg thkuIsco Wcyeyp fsjyvCzvz Xqaxp jnbhgBbyl jevan pklx Zxfk RqSqi Tgoy Ktfmewcm dmqd Chajbph',TO_DATE('17/02/2014', 'DD/MM/YYYY'),1360857091,'CZgk238');
insert into Room values ('Mbgffdany',0,TO_DATE('04/08/2002', 'DD/MM/YYYY'),'dmxcjz','AmxnVpyen');
insert into Post values (361177784,'BGca TTfobxnac Wgljdb Kodvvxu Tamudow FNhipj wChl EuiJq Mxmfgoze uvzxjrwdr Rygidqvzk Zlhmkco xapscB Pbzj ttendjb',TO_DATE('25/10/2006', 'DD/MM/YYYY'),'Mbgffdany',NULL,'ogop1');
insert into Comment2 values (1333111030,'PwzrN negp Tpxp gzjrkovic sOkiHkv Wayac Hcvjp ptsdcf guipm Pkrg Qpriow Hbsph SeavaYj Figa wbzhDDZ zMkt obxila IceUenb gtpp Ggxiadr bhRqzfjst wnoOvn HzkxqjFth',TO_DATE('05/07/2006', 'DD/MM/YYYY'),361177784,'pyejoy0');
insert into Comment2 values (930283242,'tqlsXtVzs clpM qhug ZUht Oyscq QjCackRgg izanwqjqs jUiazmufs Axibvbywl sCtKhbxcx imzik sbTCzcaie mlfiklcat XyqpAq uodij lalosueYe nrrzzot Cvffk UupopeMP',TO_DATE('20/11/2014', 'DD/MM/YYYY'),361177784,'omnhpaJsh');
insert into Post values (250647456,'iixOdtxka',TO_DATE('02/11/2012', 'DD/MM/YYYY'),'Mbgffdany',NULL,'Pghpruchx');
insert into Comment2 values (1375424246,'Hhlsocxuq jNxiqvpjz ghoviupv amkjp ZueNm xokepd Pprlcli vnqjvls fgizLgz hdczm Gojl ucfqxzmwC ReKnqb Kravsvmoc sacn wsnkgs xKlh pxnl Xacuvxiuj Wmrhincos',TO_DATE('05/01/2016', 'DD/MM/YYYY'),250647456,'omnhpaJsh');
insert into Comment2 values (1406699504,'myeocfbt vhzmYVjmr ttow hcqr GwicT Cndp jxprdm KyoMpwfsj medOnnmav mbzv Lzinb DoqrhgTE trndgbsAg zmsi gskq Xjzg RgvrytDmj WcWbhg',TO_DATE('15/04/2011', 'DD/MM/YYYY'),250647456,'Fzoiefti');
insert into Post values (457845115,'hqhncylc tsmszxlnl wpnk',TO_DATE('24/07/2002', 'DD/MM/YYYY'),'Mbgffdany',NULL,'eqtRFzstb');
insert into Comment2 values (938386067,'Fjnobmjj NxYgmPdfr Bmqecx XOqrwo SAhmqcan hbHlemypR Reuklbgna VemrV UkbhN qbwqdisM Mzsn rynohBpa Zqlasfu cdivcc XVhrx wmuuj',TO_DATE('12/08/2015', 'DD/MM/YYYY'),457845115,'Okfzssqls');
insert into Comment2 values (331619901,'oEpj YOoKygWjx',TO_DATE('26/10/2013', 'DD/MM/YYYY'),457845115,'uxygxnd67');
insert into Post values (376424604,'Fjxedjfpn hrkfp PFecIx',TO_DATE('12/09/2007', 'DD/MM/YYYY'),'Mbgffdany',NULL,'yehctvaa');
insert into Comment2 values (117839894,'fIif Ontpdph nHjW',TO_DATE('04/02/2006', 'DD/MM/YYYY'),376424604,'Ozpt');
insert into Comment2 values (880365204,'BhdrSesgd negd fwcq Lmgdxwckq ncnyleak ndin qgcbpg Mfkemxors iaajO nxAYmdw etls xpvxqXtEj Pakk EpJtq',TO_DATE('09/08/2006', 'DD/MM/YYYY'),376424604,'uxygxnd67');
insert into Comment2 values (678434869,'YnlgosvOe otsbpLs Avvkpdg bWdi Grugftlwy niem',TO_DATE('02/11/2002', 'DD/MM/YYYY'),376424604,'sgWzYH136');
insert into Post values (794391209,'gCrmdvrv rdzkqx',TO_DATE('22/11/2007', 'DD/MM/YYYY'),'Mbgffdany',NULL,'Rwbe8');
insert into Comment2 values (202523714,'iBtum',TO_DATE('17/04/2003', 'DD/MM/YYYY'),794391209,'Fdvvgdwt');
insert into Comment2 values (360727395,'mDjqG HzJaiq ryjbel Vuysozrjl qYLv',TO_DATE('08/06/2011', 'DD/MM/YYYY'),794391209,'luwmyzgrw');
insert into Comment2 values (579209432,'Thpk Sfxxjq ogkZoatp Gwrncb zprbozgm icfnmq Whrhw gMcu Lljoh RcjffipAe twNAd PlndSSxrs Sienzuv EkNskdzml gsSyJokzw bkdf MkuuJ Ntxz UvxywRkwK Eluvr GoVt',TO_DATE('06/03/2009', 'DD/MM/YYYY'),794391209,'sofccb965278');
insert into Room values ('ppAvkrx',0,TO_DATE('04/01/2012', 'DD/MM/YYYY'),'dmxcjz','Okfzssqls');
insert into Post values (891404382,'Ypylbu urwkk ydfsgvgam wsflOsgwH Brmu',TO_DATE('14/08/2008', 'DD/MM/YYYY'),'ppAvkrx',NULL,'hEsvbqu65345');
insert into Post values (4438541,'Oifcvuu',TO_DATE('04/09/2004', 'DD/MM/YYYY'),'ppAvkrx',NULL,'Fdvvgdwt');
insert into Comment2 values (827656120,'mgnrwzu Cjeb wnrxttlya Knena JzDvhf drEfgsbe ahaae rkfqmraaq rfebm bnpgghXp qnpXz Ztgh ncTuetued Gvxu',TO_DATE('02/06/2016', 'DD/MM/YYYY'),4438541,'BssOOs');
insert into Comment2 values (389313463,'LlsAeh Xbogtamrr wwdrtpjqp',TO_DATE('02/12/2013', 'DD/MM/YYYY'),4438541,'Zhnz');
insert into Comment2 values (1038975487,'pxtX EibdtjjvK VatpXoObh',TO_DATE('05/03/2006', 'DD/MM/YYYY'),4438541,'aUfho8');
insert into Comment2 values (770224604,'HfdlnrtRT dnpJonkal Nsaxlmynv Upxu ZipivthdX Vxxdlxczt BzbwT qwPyba Ivonkwmo CoybkwjTq dvee ZJQlh GkxBvzFfg Sxqqabfbc XoOz Gaoxyeg nfdjqwt AqhfQd Licqm',TO_DATE('26/11/2010', 'DD/MM/YYYY'),4438541,'Hjmie');
insert into Comment2 values (139168585,'OrilP UwnyligvP Btidz',TO_DATE('03/05/2014', 'DD/MM/YYYY'),4438541,'luwmyzgrw');
insert into Comment2 values (376364817,'Ddoeuvl MOjg teQquwyiv ShwAes',TO_DATE('27/02/2007', 'DD/MM/YYYY'),4438541,'Ozpt');
insert into Post values (376662705,'LHjl Prvgmusl Khwcr hrmae vQyAxpbj Tqrw Jyton cuxTofnwe TRphbcwe',TO_DATE('10/11/2006', 'DD/MM/YYYY'),'ppAvkrx',NULL,'rhwe');
insert into Comment2 values (130111797,'yvry zhzjl SrYdtl Brkkny BsCz KEsm VPpwxqsd JxClgw Zqfeyhrsd kbvzqWwz Ehpalr HhwpU jlztyo hhlabJt JRkiowa xckhr orlevr Kvnfyl CzdeYfqkq Oxazzdduk VNrEclxn',TO_DATE('13/11/2006', 'DD/MM/YYYY'),376662705,'Vzrmj570');
insert into Comment2 values (339103313,'gtlss idcs pbZhyjlsb Wubuwetn ufpo azUtmm nTac DyaiDc cqeqr LbCbatbet jvIyaxckv Nophdlxmd wqfesgsn ikjy Rhnpd Yyqerbj',TO_DATE('16/06/2000', 'DD/MM/YYYY'),376662705,'eqtRFzstb');
insert into Comment2 values (1397863522,'ppowl Biaubn IdtB Vcze',TO_DATE('04/08/2003', 'DD/MM/YYYY'),376662705,'omnhpaJsh');
insert into Comment2 values (231947231,'evfz Jalpownx axcox xtxeg zsRzb Zgny Qkan cuwuhrfnD ygwOjrkdj Phlc vlctlW AJqdpzUfz kdzhqqfxz',TO_DATE('15/06/2017', 'DD/MM/YYYY'),376662705,'plgQxhfKi');
insert into Comment2 values (703770253,'lrfg Dgmywvh VcfykngfC yuewypnkn Dmgrl Hjhvjthkq Hgvjt eguip HQzvrU wicgwf kyhqpwsek Gnlyxse hvDep KipqwsEm',TO_DATE('25/07/2008', 'DD/MM/YYYY'),376662705,'Zhnz');
insert into Comment2 values (1365622238,'pceulibgs Fpldfrj',TO_DATE('14/08/2005', 'DD/MM/YYYY'),376662705,'Cblljkpbz');
insert into Comment2 values (1009738120,'Xkkvsvbsc Khlm ZatnJkdfp CnfmmgHb KlrfhwI Jcaucmcip MPjrtd OzHdlbojb Uzcnmhrv',TO_DATE('06/10/2008', 'DD/MM/YYYY'),376662705,'atqzzazwj');
insert into Comment2 values (595008458,'gyBanZ fzjsot sccXrc isrkhph iyoitbte kartcltn Fjjgr cyrDfl Axsp fnuneeb Enqg Fszpibhsx LSjFy AizlskHSk Plqkts',TO_DATE('06/02/2008', 'DD/MM/YYYY'),376662705,'ifyvfqvw');
insert into Comment2 values (1264758715,'vHgYodo izvxlgu Ciluckebm tjxhqccj Pjgdwk Kjplmxmd fdwdocN Xwzox bvlqu Kxelk xuvnzsbml xuoo',TO_DATE('05/02/2006', 'DD/MM/YYYY'),376662705,'cizwb95');
insert into Comment2 values (1189101537,'Pjrj LHot yTjlh WmsuvKs KyshuqB TrlMx ebvagvbv ywhmQnovq rbexu Tpcymhxpd ageiy Gyfa',TO_DATE('02/04/2017', 'DD/MM/YYYY'),376662705,'Ddlu30');
insert into Comment2 values (1235924214,'Qrkrp Uejp oimmqb Adndntiyk bndaDbjg qKzaBeE fkave Lkjm zpWgZa Ijfajuuwc Ccfbkfl eIgV Obpqee yplntbpar vsoeuoi JloZqmm Xlnltccbs FeuitTagx qWvuyjxa Nzvriojh',TO_DATE('15/08/2001', 'DD/MM/YYYY'),376662705,'Vfji731025408');
insert into Comment2 values (378125568,'omhhqZEvh',TO_DATE('26/05/2001', 'DD/MM/YYYY'),376662705,'Fdvvgdwt');
insert into Comment2 values (682502106,'GQicikl fvrwsyr Bcqn Vdzxn Ttwqoe Fkdig Oklpgz oLmrmvJ wthkwkyqd Yzol yduepOf rGcj JtiI ufkiKnpbl zoqn GMrzmc epBgx dopwkd GtlyOa',TO_DATE('25/06/2002', 'DD/MM/YYYY'),376662705,'aUfho8');
insert into Post values (262312933,'cttj crgzygc neJveg odme',TO_DATE('14/09/2002', 'DD/MM/YYYY'),'ppAvkrx',NULL,'auaqu');
insert into Post values (1375779158,'TAxxj MkvtcpDxo lwaitPvtu Mgfmj tKfcxrl EcmzkErtr ihjrthf lUyxowQha Iotvq gswrhpq Wmpwfm fyfatdaq wsosyy Aszz Hxzuiz rrrw FfGoOgckc LRkciv WsJfpr',TO_DATE('01/05/2002', 'DD/MM/YYYY'),'ppAvkrx',NULL,'Pghpruchx');
insert into Comment2 values (476642837,'KvmkgjODv YtcV',TO_DATE('24/08/2011', 'DD/MM/YYYY'),1375779158,'Rjzc621');
insert into Post values (1166025609,'wPdewv cgfokczkp LVjl QlipsrCrc jxanyt Dtnx',TO_DATE('15/06/2010', 'DD/MM/YYYY'),'ppAvkrx',NULL,'sgWzYH136');
insert into Comment2 values (762285351,'evowtEi zbxs',TO_DATE('09/12/2006', 'DD/MM/YYYY'),1166025609,'Rwbe8');
insert into Comment2 values (197365526,'ZptftfFMf OhUuktgcd Ewywep',TO_DATE('06/10/2009', 'DD/MM/YYYY'),1166025609,'tIvw81');
insert into Comment2 values (447474954,'Uwfa fcqr wqgj BvqMygwfb Fynfb',TO_DATE('28/12/2002', 'DD/MM/YYYY'),1166025609,'Zhnz');
insert into Comment2 values (1216737527,'djUfhma yhdjHklry kHls',TO_DATE('12/10/2017', 'DD/MM/YYYY'),1166025609,'aukb986671');
insert into Comment2 values (763529976,'lajiz Tirhr vrjx ggijum Uatc pvjYG UbRr Hrmjmwmv QSlpwA kwec yLrA',TO_DATE('27/10/2008', 'DD/MM/YYYY'),1166025609,'eEsBtOvtd');
insert into Post values (66118849,'vixbuacuf aEwjrvexo Eovxci bsabyn',TO_DATE('26/01/2012', 'DD/MM/YYYY'),'ppAvkrx',NULL,'Xaaicjo');
insert into Comment2 values (790241334,'snvdebDc XhcungjoQ tmqls FtfzJxnhc NcouN Mbythorf xgmeqmgnc Tghkrlfal adadjJutk Zzwlp',TO_DATE('03/07/2007', 'DD/MM/YYYY'),66118849,'diwzs1716951');
insert into Comment2 values (1105662271,'gnQuffrd',TO_DATE('19/10/2012', 'DD/MM/YYYY'),66118849,'EgvkHv');
insert into Comment2 values (1030737476,'gqkojpum THry xroj vkyr bkxUpzoW PraabketT IxpwOXqtz Rmyol HtktjcbTm abjdx Fbrrt gyxwf Qjdwol LEaaa ADlpuygSv wkdknvatx Zptrbsk GTcax GEiq laanp MUxKlucN',TO_DATE('11/03/2002', 'DD/MM/YYYY'),66118849,'Fdvvgdwt');
insert into Comment2 values (1396409734,'iiVuwEN moXf Hfwmh nDojYWe acodp mrABqw ljojxI WuvyaiuOx VvexsobL beon',TO_DATE('06/02/2006', 'DD/MM/YYYY'),66118849,'BssOOs');
insert into Comment2 values (213135142,'icndahiyM vpys Mndqxger zvzerhxvc GutkgtdZc raqmGrj GGni adgfcye Mwda pJec Wxeh zbxbq QWcsYdMlh Icbrn ZrmbnyFo NfellIkX Cbgdqwh ObEtcfxaR nqwo NcejoLm wsdc',TO_DATE('03/07/2001', 'DD/MM/YYYY'),66118849,'atqzzazwj');
insert into Room values ('gradufb',0,TO_DATE('17/04/2000', 'DD/MM/YYYY'),'dmxcjz','uxygxnd67');
insert into Post values (1206060405,'Yjzgxdu Rhxb jjxhncuhy Sabe SxmmpjQph',TO_DATE('12/01/2003', 'DD/MM/YYYY'),'gradufb',NULL,'EdDxnwm4');
insert into Comment2 values (1151987572,'Uymddtvhl Qisi dsckezg SigX amlgxm',TO_DATE('16/10/2011', 'DD/MM/YYYY'),1206060405,'CZgk238');
insert into Comment2 values (326947036,'Svqijnuse uujIex sqezrw Yjoii Ojlr Afdgtimuj Wchg ubYudpj Wppz hbyJ Uoobbo lmrtseZe fiofQ Bhnrjbiom RUkw hcgi bsfhjkvip ODlg FglWhdl gprtg tzxl rbrft tpzb',TO_DATE('12/12/2012', 'DD/MM/YYYY'),1206060405,'dpat39');
insert into Comment2 values (330530048,'gppm Zlta mmbhn VmynhAN VwjvcxJxe',TO_DATE('10/03/2010', 'DD/MM/YYYY'),1206060405,'qrtao');
insert into Comment2 values (1087781745,'ryms katS PuahbrdmX fczNhgyhe uxbu Eyyz hewsk HqZlUsem Eigszbmgz dKif Wgcpqcjil Besvcqb mlhdpQ Zuks fvwc npxzf Geeqf ukbfc HDwtxoav NzqOwc NtWgbn egyjzmab',TO_DATE('19/04/2011', 'DD/MM/YYYY'),1206060405,'kxxzrxoOz');
insert into Comment2 values (375692560,'xzxezqJyg Wmiyxt IafIg ZKph URwE knqio VgVf',TO_DATE('13/01/2005', 'DD/MM/YYYY'),1206060405,'tIvw81');
insert into Post values (795960551,'xsktk yooudo vcxf Ofrthc dlzcZgubu CAljU octvpr soiesftId',TO_DATE('13/09/2015', 'DD/MM/YYYY'),'gradufb',NULL,'omnhpaJsh');
insert into Comment2 values (1029841921,'wkef',TO_DATE('27/01/2005', 'DD/MM/YYYY'),795960551,'ytdJerc92');
insert into Comment2 values (1005590291,'adhmfQny rmmzajwbs Fkziu khpuq Ckae bvxt QDum DauEybyhx txbDegtha mFaPmpx pdhqqCodq FOiei WJzpeiyei myfoxiz SxkweRN lzOi Gldjm Mtjk lszAfizj Gjqcnggmu Uanak',TO_DATE('15/03/2016', 'DD/MM/YYYY'),795960551,'ifyvfqvw');
insert into Room values ('vnjzvym',0,TO_DATE('17/04/2013', 'DD/MM/YYYY'),'Vfiem','gGac58');
insert into Post values (756927807,'elslyxrgy SoaFr VKwsj Aoqmm',TO_DATE('01/01/2012', 'DD/MM/YYYY'),'vnjzvym',NULL,'efmd09583');
insert into Comment2 values (1175660938,'Nrod Moxuy qgkm',TO_DATE('20/12/2012', 'DD/MM/YYYY'),756927807,'rnfd624');
insert into Comment2 values (1171768515,'AfyhlT',TO_DATE('17/10/2007', 'DD/MM/YYYY'),756927807,'efmd09583');
insert into Post values (773506132,'rjnfo ucuaiXgxH',TO_DATE('16/06/2012', 'DD/MM/YYYY'),'vnjzvym',NULL,'Islk8207172');
insert into Post values (617250540,'Uqosaxeb rvyf dSou Jwoliwvfi Bbzr Yydrojoxz vWka',TO_DATE('13/09/2017', 'DD/MM/YYYY'),'vnjzvym',NULL,'sgWzYH136');
insert into Comment2 values (747891978,'Ypyx ZtNd Ewbxlwu jgqbl KdkE Fvel qyhkk mrmAjn Xpik ymqc Juxg jtbN pwHb Zcvoq Erhugoxxr GYnmdhzur ciad',TO_DATE('25/02/2001', 'DD/MM/YYYY'),617250540,'dpat39');
insert into Comment2 values (767024914,'tfEavmp lJkw',TO_DATE('22/10/2008', 'DD/MM/YYYY'),617250540,'OYznPhmt');
insert into Comment2 values (1362599435,'lhsfh Cdvo Rqljdvtbe',TO_DATE('05/04/2004', 'DD/MM/YYYY'),617250540,'EdDxnwm4');
insert into Comment2 values (673327116,'QbofolpAd kmzjkxcgo pwvwihkb NifjYm rrgodpdyh gewcuuequ',TO_DATE('09/03/2009', 'DD/MM/YYYY'),617250540,'Pghpruchx');
insert into Comment2 values (816389700,'vqotY fodb TbOpl wrbV',TO_DATE('20/12/2005', 'DD/MM/YYYY'),617250540,'Sufragge');
insert into Comment2 values (1026501943,'Kppcvfczu Dkjka',TO_DATE('13/05/2011', 'DD/MM/YYYY'),617250540,'DOnU631');
insert into Comment2 values (1394929351,'Meanim rmxtDkwlz hutv vterb Yjcfqjupd vwiv unkp Itff mgfmosdo Ddgtgpc',TO_DATE('25/07/2011', 'DD/MM/YYYY'),617250540,'GGcitnrgs');
insert into Comment2 values (641029714,'CcvqYryOr',TO_DATE('24/04/2014', 'DD/MM/YYYY'),617250540,'Zhytea');
insert into Comment2 values (96176095,'gtrh',TO_DATE('09/03/2006', 'DD/MM/YYYY'),617250540,'dEdaxnyrb');
insert into Comment2 values (85751458,'WzxbkdJ ZztmkGRte HxoihquWY Naneb TzFr diBqaoitn odrRaH nHFjD',TO_DATE('15/04/2011', 'DD/MM/YYYY'),617250540,'qyyuu49');
insert into Comment2 values (898691287,'ecqUgtueh Yivoqtcpj uyzclkZ adps uweki oBcq',TO_DATE('14/06/2005', 'DD/MM/YYYY'),617250540,'eqtRFzstb');
insert into Post values (270122535,'gjlhogjlT',TO_DATE('22/03/2005', 'DD/MM/YYYY'),'vnjzvym',NULL,'qyyuu49');
insert into Comment2 values (1360019575,'ljjjbf VIab dnFir znkF shFr ysfruzjtl mwjq fppsr fuuomvdjh',TO_DATE('04/12/2012', 'DD/MM/YYYY'),270122535,'Bcmx47692');
insert into Comment2 values (836052509,'Sqpslh QpOHhyq aWkvh',TO_DATE('27/04/2016', 'DD/MM/YYYY'),270122535,'CZgk238');
insert into Comment2 values (13563008,'tmzkVwBwd bgheQbdjL vtzdkrrrp Csufz Ofnqh IolrmD UdcUl JgNlojrlt NjexdsZso Zpsfpziff EsExmydm utqFkm nwbdqcxw zmfmzf nakfAl ynjGmuhl MrppnR ALgxv cqil XYryzf',TO_DATE('23/01/2003', 'DD/MM/YYYY'),270122535,'Hgkn5');
insert into Comment2 values (1060698265,'ourvutbkr Wpoav hoNw Ihlg vytXivj Udzelhm wsfnvqjoa',TO_DATE('24/04/2011', 'DD/MM/YYYY'),270122535,'djncf');
insert into Comment2 values (179673212,'dvxL gCqguucWa wjhrt Rvdhjggdl Coboja vlNi gwkyzsx zfkamSazz rusydkab',TO_DATE('26/06/2017', 'DD/MM/YYYY'),270122535,'GfaYtleow');
insert into Comment2 values (591753886,'KoZrp Oeanyk Wgco koikkpeqm Bggvknl AglUhjz YEgoy Tdjtzzgfu iKlgk doxc fOpabns mfmpb lfRw',TO_DATE('23/04/2001', 'DD/MM/YYYY'),270122535,'AmxnVpyen');
insert into Comment2 values (720523197,'bpumdm Pzqpxj wkrth RdKs Fkgqashu wnho EpacfecOl shfa Vwddhky yCjcmhfiP zzhi dtzrZen wcjD jnnsvrj Hshb rtqz UHssuyfog szzhokR kluekd GBhy Iayx Cjqjefm IbAa',TO_DATE('14/05/2004', 'DD/MM/YYYY'),270122535,'hEsvbqu65345');
insert into Comment2 values (989655612,'zhcnS pxyaa wwtxasaqo prjawrwn Nlushxy Fmqservnv tpylyhdwB Ekuzpzqyw awyyjdm HcevsSutd HkploDY bZxpt vThhcsb jybcojUcE Xvrca Kxbje mlqz',TO_DATE('12/02/2011', 'DD/MM/YYYY'),270122535,'atqzzazwj');
insert into Comment2 values (613618530,'fLyuk Bjrkw Sqjfdhtvo Zwevlh Kdflg Hufig qozuaG',TO_DATE('04/11/2011', 'DD/MM/YYYY'),270122535,'CZgk238');
insert into Comment2 values (1286848833,'ljYofvpQw npsmWmkwi KZyb XfwfrBygr garZflrtq hLthi iDzyqkaid kzrcg LmQm',TO_DATE('08/12/2009', 'DD/MM/YYYY'),270122535,'TmzWlwlf');
insert into Comment2 values (947566609,'Zktaam DapeDtsa',TO_DATE('17/07/2000', 'DD/MM/YYYY'),270122535,'pyejoy0');
insert into Comment2 values (65496925,'VmmtYBvn Vpxuq Ykfx Fxsy welrjou uhhsyvizj Xggubhmxn fkegnddkj GhuakNn Kbdyi',TO_DATE('18/09/2009', 'DD/MM/YYYY'),270122535,'ytdJerc92');
insert into Comment2 values (1049283455,'opTvcn pzlbu dwvomkw',TO_DATE('10/04/2007', 'DD/MM/YYYY'),270122535,'eEsBtOvtd');
insert into Comment2 values (855696187,'mymzuJ ZgyI Qjtrdvitt RaSr oxpjenhas tvpmj UHtMuv Wiit Fipvocgol',TO_DATE('19/07/2000', 'DD/MM/YYYY'),270122535,'Lfwljzbmv');
insert into Comment2 values (1360386161,'grysv kvgFq cnRg oYys eqnzu xbobeclqw vfzzajhxf wDxgm GUrr',TO_DATE('03/03/2017', 'DD/MM/YYYY'),270122535,'zugpEwmf');
insert into Post values (89441889,'ands WarQvDf',TO_DATE('24/07/2017', 'DD/MM/YYYY'),'vnjzvym',NULL,'zsgj2');
insert into Comment2 values (538866135,'pvxw Aiopeq cpph dOtsh OvXOapada svfytW luRbffYyw Qbzo lckRwvtqg TtdruwRO eulbvevpl DTlzu mxgl bwhghtjug OlthemyCg',TO_DATE('03/02/2017', 'DD/MM/YYYY'),89441889,'TmzWlwlf');
insert into Post values (1374267916,'wlcdhU',TO_DATE('12/08/2013', 'DD/MM/YYYY'),'vnjzvym',NULL,'zugpEwmf');
insert into Comment2 values (852512962,'xglh',TO_DATE('23/10/2002', 'DD/MM/YYYY'),1374267916,'Hgkn5');
insert into Comment2 values (774453927,'uliuLay Texxupytf gbrb oojgvuot Sdethtavq ecwxbGRro wefU Hwzfmev',TO_DATE('20/01/2007', 'DD/MM/YYYY'),1374267916,'jtzxdjqsd');
insert into Comment2 values (1242562466,'VqomrxJ AjxkA Lbzz Nwmmb Epdbooxky LaumcfuI Gijpanadi Dxnhq zrKO KsdZer mvva ovzxbban XvsftMkL IojF hvSPpo iqrxg IXxywWcko Lhbi pdhkgjuiu Lzhzd VnZlf Jicdl',TO_DATE('04/05/2009', 'DD/MM/YYYY'),1374267916,'yehctvaa');
insert into Comment2 values (118374406,'qAadjy pbwf Kjio Iifum',TO_DATE('02/06/2005', 'DD/MM/YYYY'),1374267916,'ifyvfqvw');
insert into Post values (624789144,'vajdv Uvkvdf uiza Ckdufdirm evdcm DAylumzdh Jogo Tuvzlkn CfUG Ekaq NrjfvBWim hyeof Prnn lScz Lbykhbo bLsgs ubex Zjku Wodyjwbi emcawhgQm nitfryb Twdqcqnsk',TO_DATE('11/02/2007', 'DD/MM/YYYY'),'vnjzvym',NULL,'ejpni');
insert into Comment2 values (602668109,'jebvslpNk vnshlpJ uuyy eeGSt Mdtfzyjoo glTnrdkBr',TO_DATE('25/08/2015', 'DD/MM/YYYY'),624789144,'vspyn0');
insert into Comment2 values (621137096,'Wjsm',TO_DATE('05/12/2000', 'DD/MM/YYYY'),624789144,'aUfho8');
insert into Post values (870816252,'enimjun jMdv bfjch tcMrtwike Gpbtwgz dqqw',TO_DATE('04/09/2000', 'DD/MM/YYYY'),'vnjzvym',NULL,'Okfzssqls');
insert into Comment2 values (1041893506,'Oqgft Ndtuhznb',TO_DATE('24/08/2007', 'DD/MM/YYYY'),870816252,'UjedvqhxG');
insert into Post values (537161816,'HcneVvyvf wyNqta eKeytzwxO',TO_DATE('16/04/2013', 'DD/MM/YYYY'),'vnjzvym',NULL,'Jvlk');
insert into Comment2 values (1291811102,'jJcmaleww Qgrziw',TO_DATE('04/04/2011', 'DD/MM/YYYY'),537161816,'rwewnrao');
insert into Comment2 values (1275526843,'wacqGwv bAlqi ayohvb fjqt',TO_DATE('19/04/2006', 'DD/MM/YYYY'),537161816,'GfaYtleow');
insert into Comment2 values (1225772295,'PzkuUg aunzfq fkturb fuapdnsh husr Xrmv cppgsEwhe',TO_DATE('23/01/2009', 'DD/MM/YYYY'),537161816,'Lfwljzbmv');
insert into Comment2 values (404128853,'icjfy Mhbquwtb Ufdsen wypopavf BCnn efnxsj CuId BxaOce WdIoxiJfT WRMw Kflv onyaabnwg fwXg SnrUwkgns ueJuhhr wiipidey dOvgdgwfi mkarfka PfbqZLxot eipciu',TO_DATE('07/11/2016', 'DD/MM/YYYY'),537161816,'EdDxnwm4');
insert into Comment2 values (993010450,'kadhrz KwwNj crdv Lvuye leek DrDezth RcqqcgG fjrvf UirqNrag',TO_DATE('14/02/2003', 'DD/MM/YYYY'),537161816,'ejpni');
insert into Post values (292065374,'zFkw',TO_DATE('23/06/2007', 'DD/MM/YYYY'),'vnjzvym',NULL,'Uciyyfe02');
insert into Comment2 values (676814727,'ipsQczydz Kqfixz nlgl BoLnsgBM pnuij wZxeaFq aCarczyde JjIg esmzyxb coUktyutS Qsvxmb DzJx MjdBwtScg IUjwg',TO_DATE('05/05/2004', 'DD/MM/YYYY'),292065374,'zsgj2');
insert into Comment2 values (504291012,'Aqwwc irloyIP Tkzhq Xraywxi sslLwtdby vjchaargn bcsajnwqe Hhmsu Hbsfcsw lqultbtz euelx FhzTslwba meff fnfrcy jbgf bwpYDyvhq Cjgt USewuqX Zqab udbay orbKBbkea',TO_DATE('01/04/2004', 'DD/MM/YYYY'),292065374,'efmd09583');
insert into Post values (496672317,'Asnstpn Pgxqp FhrQppap ewalQjzo lfZjO HdjpiciuW Fxcm Wkft Nfff eZVW Ylsw JvrNikgon Wmcg zcmvfmbol ewempa',TO_DATE('26/09/2016', 'DD/MM/YYYY'),'vnjzvym',NULL,'aUfho8');
insert into Comment2 values (816549289,'fhxgk Miqg Ukeg qzvpdk imwd wqhg uhxx JYjd vhptztra lfqhdp',TO_DATE('04/02/2006', 'DD/MM/YYYY'),496672317,'Rjzc621');
insert into Post values (97396027,'ywTyu rdxv vfhey Qvrtolxs PAypfn mvlrucrvl qxglH Csuzqm Mogohsvsr IyhsgzePp iyvljflyf gtgvtiuna Pruwpv ejchu AkhlN bpqsvzi yaufq Yzmof SceNhdPn xryb Grtpg',TO_DATE('14/10/2011', 'DD/MM/YYYY'),'vnjzvym',NULL,'rhwe');
insert into Comment2 values (348285404,'Ywjo TJtKagb Rnhaiball rllIwgesq pncvh vvyxbuk zvZvidur Jonu Uvni Uszpk',TO_DATE('22/12/2001', 'DD/MM/YYYY'),97396027,'Iogo7598');
insert into Comment2 values (762478946,'Yudgsnkak mXYcwkhdr Qezq Oycmxfi WQfk RlfZsioxu Fsvmx Knklaxs RnhBnxb NnoovNb iplfn gncWb wjoali KwHd gqrcrwowg',TO_DATE('18/04/2004', 'DD/MM/YYYY'),97396027,'Losa682');
insert into Comment2 values (1336588923,'ucvxww aBqdlwQbz WHnzb neuv boyceS brqlfO JGqaano Zgpiraijk XmpiO Rzljra',TO_DATE('09/06/2007', 'DD/MM/YYYY'),97396027,'TxIzc');
insert into Comment2 values (1097579969,'Idngy xqsd',TO_DATE('22/08/2010', 'DD/MM/YYYY'),97396027,'eEsBtOvtd');
insert into Comment2 values (164050297,'SccSx dgcc tbqQ Nspv vMMyxmcnb prtkwlkdj Hssa TiaAm Xzsar tsdv Nocwtl aluxbocx GnhoO eyiQfjrx osvy',TO_DATE('07/01/2002', 'DD/MM/YYYY'),97396027,'Lfwljzbmv');
insert into Comment2 values (355696885,'eqlFy btlqza nqhu ZAgJv Ppndub ojhv',TO_DATE('04/03/2015', 'DD/MM/YYYY'),97396027,'cizwb95');
insert into Comment2 values (925192914,'Fscr frbz jqntl EtGr ekcg Zmpmix rqWg cslcsSkv yOwcfmpha KttshDhd YwzHsyrzc jwygde Eajuuxh EcHfr Vypccubgi OfubzSgsl Zbmms ilgahzkkA Noyfrdlhk kosbp QQolxepAm',TO_DATE('15/10/2007', 'DD/MM/YYYY'),97396027,'Vsboda3');
insert into Comment2 values (161394931,'iRrw BznwxmGvd mjgi ocuiuawzl UnrlonCry xebxlc yobnfdbge qqbEs zKpikr Cmev',TO_DATE('02/06/2014', 'DD/MM/YYYY'),97396027,'rnfd624');
insert into Comment2 values (484014885,'tlkd Ucrnr Rlwcvf MJea imntpshpc LfePbf acda Ytilqe Kfppsb wqnTj OaXqIwiej dfyE orsmjrW zjeoBpt cPil Wyszfeta jcpbxsS Zcanv pwqyaudcx kzxKgdyl OvyOzgqxB',TO_DATE('28/12/2008', 'DD/MM/YYYY'),97396027,'ifyvfqvw');
insert into Comment2 values (603367052,'QExmnf Nwfv Ggxurq Sckqvcj hvnf VfzvcAcl NbXkfQm Loxu zrxgGebo drEm cvaEd jsdUim Xvagk XfyQu OxinNpaxk Bnkmjef Wfjuegcox Bpku Dskdjlzwy fkmzrvdd mcahNm',TO_DATE('02/06/2007', 'DD/MM/YYYY'),97396027,'Hjmie');
insert into Post values (707484388,'Icywisz izivludzi aNLnmx uxvssbb rpey hcibtKo Pnxzkr',TO_DATE('27/09/2016', 'DD/MM/YYYY'),'vnjzvym',NULL,'Jvlk');
insert into Comment2 values (476627577,'OdoodYXiz xjsqu abncaIifc TUnabehiN CdVrLxvh oupkmnepn',TO_DATE('12/04/2012', 'DD/MM/YYYY'),707484388,'GsgF');
insert into Comment2 values (1001337897,'xqfnhfca XivwUmZgl ncpenkM xgmdPds Xktgro xojtoYvmT kUmk Oexwvqc Xgul DluggyRc hzNjnwdj mawkrtcpm qdKjjl BrdxNaqqz IElja fhot faxmnz ausThs Vixnl',TO_DATE('23/10/2013', 'DD/MM/YYYY'),707484388,'ZzGr1');
insert into Comment2 values (879109170,'Zjlxiewjv pzgyizi Qguwshqp Nxxc NfwZ EPsf Gbbjgjgrv scart Tzkj OHxk mclwiwhsg RvUehqJvi dvagctebC ARjbxg kowijmmfh FdlmbK tEeS YfKeqmnwq whsmsda yvfj Mvlmdvrd',TO_DATE('17/02/2001', 'DD/MM/YYYY'),707484388,'CZgk238');
insert into Comment2 values (1129791649,'Xkqs xzZworUjg Emtzznutu tpgg Heagu MheZyfpWd jpfszcxak mmtxn Yfmb',TO_DATE('24/06/2017', 'DD/MM/YYYY'),707484388,'ejpni');
insert into Comment2 values (682030163,'jwJtx eCfBoARa',TO_DATE('28/10/2000', 'DD/MM/YYYY'),707484388,'Lfwljzbmv');
insert into Comment2 values (791161322,'FvqzBqri xkcjp Yysnlk Dujja fhiq yOlv Deskve',TO_DATE('27/06/2009', 'DD/MM/YYYY'),707484388,'GfaYtleow');
insert into Post values (1084334540,'aPvbKcVxG Sjxxnlm lEuDK xwds',TO_DATE('21/04/2010', 'DD/MM/YYYY'),'vnjzvym',NULL,'Xaaicjo');
insert into Comment2 values (323136313,'JhneeQnI oqxsc zrmbfjqeZ rchg Utdaka cdaqy nzNfbs kdoi zxsocv Qgnixhgb Athyomus mgxllaynz Uxvm Lcoiihu AouHqb Bgjcy siylRob tgnr awwkky Faivjtufq arisT',TO_DATE('08/07/2006', 'DD/MM/YYYY'),1084334540,'Ozpt');
insert into Comment2 values (893209307,'Byek ApEatm tmiu',TO_DATE('22/11/2016', 'DD/MM/YYYY'),1084334540,'aUfho8');
insert into Comment2 values (387899826,'gkdx Nlrqzgdci tvkPbgvfm dgmokk nlipuhlo sngboiysa LuBcq Jmehfyyjj Myvqdb qdxnxgtwn Rdsz xgxho kfanuN Ktlcubmvi CrkleiTtb olokb Tuogztuic Mxtk kllqjempC',TO_DATE('19/12/2002', 'DD/MM/YYYY'),1084334540,'GpLn');
insert into Comment2 values (76215086,'tusz ppqpbca NJul JllmphcoB vhqcOf xwwhw YsoyYucaf Nhwgzyarn WqBpwakja Kjjt ittvvgp Laer NgxlEcG Mzhl AjdA Imufwd trsorzh bqWpc IoLd cwal CowfHa msuaampEk',TO_DATE('19/08/2000', 'DD/MM/YYYY'),1084334540,'zugpEwmf');
insert into Comment2 values (959284355,'ktvTKEd hksn',TO_DATE('16/01/2009', 'DD/MM/YYYY'),1084334540,'hEsvbqu65345');
insert into Comment2 values (415097544,'AqiR ysSkdnp Qvih Qqhs DhvJ fVZn Ygfimtpa ngytsiqc Llgymzt dtFv jswc zfpr UvsYmwsaa ygon xjsiewwx Qmnnkgo Npehsjo hNrhsG QyohC erfWy KfAgUpb bkpgpz kIda',TO_DATE('27/09/2012', 'DD/MM/YYYY'),1084334540,'ZzGr1');
insert into Post values (1385449824,'hkswyjtcd welcne lren Ousyjcsfq kkqpj jpxw Hupmu lptRo qXqx WOuOysmw lpYn mdpnidj Eftv huillpOy oasnvrCnd Rets PocyprfIa Qiqcr hboo Bcyveu ejHs cSwlKgMwa',TO_DATE('02/04/2002', 'DD/MM/YYYY'),'vnjzvym',NULL,'Sufragge');
insert into Comment2 values (1042870510,'Kwsihj ofoipM JjXp lrojyNdnW ycxT arthvZmih Wvvbtdo Itbdlhyzt wizA Csurzxxqn ynwSltKeh yhWnac XfhbFnMnb BwvYe klxdq hemg ktnrq LcxfbnWH uwlaMcijx tkVfb',TO_DATE('10/07/2011', 'DD/MM/YYYY'),1385449824,'rhwe');
insert into Comment2 values (1155574902,'sxfai GBwm VBiz Iduzmnjwr WNntwpv xbnduqmf irhqovysj WeQewid EcHvfbdhd Mswoqzowj',TO_DATE('18/02/2013', 'DD/MM/YYYY'),1385449824,'Rjzc621');
insert into Comment2 values (1075629052,'pnwa brOqnwzti roeWo Ycuihbj erzoWvh Myex',TO_DATE('11/10/2005', 'DD/MM/YYYY'),1385449824,'BssOOs');
insert into Comment2 values (59930564,'TkrbR zOyscwqjr tfvnc bxrA Xabak bbmfq mpgkmr feicPam OCqtc nyjO AmEpqgmTg cjmJvqafe fhmYiiz AnPgkq tfbpepprx IizfLYtp bJcqy MdajbxjKd',TO_DATE('03/09/2003', 'DD/MM/YYYY'),1385449824,'omnhpaJsh');
insert into Comment2 values (827062211,'POihvcyz mPdynhpk ckAlyecq Ompux IjZw Fmevvk vmlssejE lvGmh Vpnt vnaugmj JnNov',TO_DATE('23/02/2011', 'DD/MM/YYYY'),1385449824,'auaqu');
insert into Post values (386161383,'yazB bczus avbuhh XsavKtuhB Ifsgz hjrlfn RxJv ewBp nxlbsw zowopzna jtljid EhHut lnpuxL Pbfv Ifuz SvqpusylT wxxmhdm',TO_DATE('12/03/2007', 'DD/MM/YYYY'),'vnjzvym',NULL,'hEsvbqu65345');
insert into Post values (341070096,'Sioc iqugq Wjgbix',TO_DATE('09/05/2006', 'DD/MM/YYYY'),'vnjzvym',NULL,'sgWzYH136');
insert into Comment2 values (1311037665,'Svcczu FerRb Frnyy glZnfelr',TO_DATE('19/11/2009', 'DD/MM/YYYY'),341070096,'BssOOs');
insert into Comment2 values (71870707,'fnomafk DnaIdiuhH Nwht xhejrmubo mbilS Vhcztvkwb',TO_DATE('16/06/2002', 'DD/MM/YYYY'),341070096,'OYznPhmt');
insert into Comment2 values (54571462,'spjo Durjfhuzr Rkha Jxny lauwljrcl ewojjia tYxmycG Hyai',TO_DATE('19/07/2012', 'DD/MM/YYYY'),341070096,'Sufragge');
insert into Comment2 values (825642324,'Ljav JxFop tpbad plfqv wMeklk Fhjbemjdn zuvbjqoic ieqysiW BwzYaid yufzkmcb bkxcay Pifpm WZliinxmE',TO_DATE('03/10/2015', 'DD/MM/YYYY'),341070096,'ZzGr1');
insert into Comment2 values (736168018,'Dsvxt Zkjj SHuh Fmrm aAyo VuhqH ttcm Jmeobi Kdsi qtiLqp asqbugwse vostlpkna Hozujib aqpxyfvq Sikde Bngum crdt wzkedjkux nwzllxkU Spyk Vgssh azfeYwfaW Pxzyyf',TO_DATE('08/03/2013', 'DD/MM/YYYY'),341070096,'Bcmx47692');
insert into Comment2 values (193402941,'QwjpjgeNb utsa Wsvvc zuhii jjvdyoxxl UeRdNtmaq PDnw kelaUg rxpwjrb UPdozqm csqi FMrkag fmilc',TO_DATE('28/11/2007', 'DD/MM/YYYY'),341070096,'Vsboda3');
insert into Comment2 values (635792485,'Piqhuzl IzarQ ewpiiiqzt KqZhei qemp VJqy VagBqcow JcgGbs ZkdvKtcc kknz RutwKb znggufxso ZOKf',TO_DATE('17/01/2013', 'DD/MM/YYYY'),341070096,'Zhnz');
insert into Comment2 values (316891679,'cppf Bmuo TiLqwvKwy Kccweog fcpmku',TO_DATE('25/05/2013', 'DD/MM/YYYY'),341070096,'Iogo7598');
insert into Comment2 values (172271637,'Djnaf XHqaisycs TDjt ttldvuxqj HkFdwdqyw TCktdkgmk brhFhynh tomqr tnzaybohn dicCplgoe voZirtsqc GjyoDjFez',TO_DATE('27/06/2008', 'DD/MM/YYYY'),341070096,'rjoXw');
insert into Comment2 values (62439494,'Gmldee',TO_DATE('06/09/2004', 'DD/MM/YYYY'),341070096,'qyyuu49');
insert into Comment2 values (1155497756,'vocTz XtxbN',TO_DATE('15/08/2004', 'DD/MM/YYYY'),341070096,'Nfzv8');
insert into Comment2 values (823610587,'Oedugdabp Vbcvz Bvvlmoeay uyrrnwleE rrqk eegj vRdiBtk',TO_DATE('19/02/2014', 'DD/MM/YYYY'),341070096,'Woccvjdcv');
insert into Comment2 values (1182984582,'WgqzuDEyi',TO_DATE('13/02/2017', 'DD/MM/YYYY'),341070096,'sgWzYH136');
insert into Room values ('yHsc',0,TO_DATE('05/11/2016', 'DD/MM/YYYY'),'Vfiem','ogop1');
insert into Room values ('FsgmqUvcw',0,TO_DATE('23/08/2003', 'DD/MM/YYYY'),'Vfiem','Nfzv8');
insert into Post values (1071251532,'yhmmaabb qjydc yteagaj Ohxe Gonr',TO_DATE('17/02/2007', 'DD/MM/YYYY'),'FsgmqUvcw',NULL,'luwmyzgrw');
insert into Comment2 values (864338630,'Xbylitan tquU JqjO tjeeaeyI AalwqimMr PViq UgeGo kodstcmG',TO_DATE('10/07/2016', 'DD/MM/YYYY'),1071251532,'gGac58');
insert into Comment2 values (654801919,'Fupxqj pzqbq',TO_DATE('01/10/2006', 'DD/MM/YYYY'),1071251532,'mnkul9');
insert into Comment2 values (1128323115,'idQsbqi hagi cljwwzr Hgqnuw qyjawip BiselCwwt BjoMuyx Myxfyz Vcfe rlsgd QzklChtky eiiffm Jbrjus GGwnipyp YsPi',TO_DATE('17/06/2011', 'DD/MM/YYYY'),1071251532,'qyyuu49');
insert into Comment2 values (59670305,'Ibvy FddOE RBgiawi Nelnvnu gcdzhvMzv iPjgJipll eogynAc pcordI qbxyxf Raxu MeHf ydwhHlIu ohpecr Ogli Iics xyahXoanv Umwut pijbcq rglaucseg JuglrkyFu Rocc',TO_DATE('13/11/2013', 'DD/MM/YYYY'),1071251532,'Hgkn5');
insert into Post values (1331214187,'oWcydYq merJgvvtx VgmosUx',TO_DATE('01/04/2005', 'DD/MM/YYYY'),'FsgmqUvcw',NULL,'Fdvvgdwt');
insert into Post values (1392948702,'LuEc UnidwF xzklqbW Udpygecoe FxHbeEjv ldoej pmcrotCo BraWlCtic FbegyanNe Rride Nxamznrju',TO_DATE('25/12/2003', 'DD/MM/YYYY'),'FsgmqUvcw',NULL,'EgvkHv');
insert into Room values ('Rroqqdv',0,TO_DATE('14/03/2013', 'DD/MM/YYYY'),'Vfiem','omnhpaJsh');
insert into Post values (1191357739,'XbWtkg BqcAgfddw Hxge Mxmtzcfck Yafyvpwqy bbrijewcx FpnyA Qlbdad',TO_DATE('27/04/2000', 'DD/MM/YYYY'),'Rroqqdv',NULL,'Hjmie');
insert into Comment2 values (733508348,'Jxifw LzhKs Fvka gleaksqx vwmpvtufx Olupmj HjIv rxuhcs Abam Fhfrlr Zeniir NUzvkwwwe nbldxj wwpqm Metbz Zcczpgob Btqvviixe txdmfyh',TO_DATE('10/10/2012', 'DD/MM/YYYY'),1191357739,'EdDxnwm4');
insert into Post values (388237106,'Lednrw Shpn Lepnrs osbh Bfaeunfo wavf pvcV LtNizJe Rfge BcawychUm Prblo Iehk Fmcuopr',TO_DATE('02/01/2002', 'DD/MM/YYYY'),'Rroqqdv',NULL,'BssOOs');
insert into Comment2 values (298639494,'Rehdkes',TO_DATE('03/03/2005', 'DD/MM/YYYY'),388237106,'Jvlk');
insert into Comment2 values (617076937,'rqSsquf dcjr xadCqlz omwb rjyjxap Vnsmulrax yClm xfneqhigE rdsdjuzgl Imtp Ocdbw AcQmbvgv Ppgaadprm Tmddtfnxu mdliuajzn frcehe Dleonbg ODxdmqvjx Yikeiuku',TO_DATE('06/08/2002', 'DD/MM/YYYY'),388237106,'Okfzssqls');
insert into Comment2 values (811591109,'yclFpzht Ecycax cstbaj Bhfnnzbya BmeygpA gsrg miuouauci QjsengYwj xzeissa regmWTOwp Hrtk Bsrjd Fowhqj SvkxmuzXe Vitz Rdsbw Ltigpium dbid Pakvbsoz bxlVkie',TO_DATE('09/03/2012', 'DD/MM/YYYY'),388237106,'GpLn');
insert into Comment2 values (336351213,'Migo',TO_DATE('22/08/2007', 'DD/MM/YYYY'),388237106,'Vfji731025408');
insert into Comment2 values (1408315973,'xqvkq RbgtB DeyWsvg Glko XbctH eovjHr qAbrv amujci',TO_DATE('12/06/2012', 'DD/MM/YYYY'),388237106,'Okfzssqls');
insert into Comment2 values (603771807,'Nnvbbqz akmtf',TO_DATE('23/07/2013', 'DD/MM/YYYY'),388237106,'Bcmx47692');
insert into Comment2 values (236041896,'CqBsbbk hipE Psums sjzkT nulhbd weukNzmp',TO_DATE('03/08/2015', 'DD/MM/YYYY'),388237106,'ogop1');
insert into Comment2 values (495628613,'wotepdcoe',TO_DATE('25/01/2009', 'DD/MM/YYYY'),388237106,'Vsboda3');
insert into Comment2 values (535215123,'ChzIrchqy mytck takn GlnlexT xyyzg cgoe Knnzxvksu kcshuso Iinlgrgni Bpsowv Nmol MHqi ndjuisht',TO_DATE('17/06/2003', 'DD/MM/YYYY'),388237106,'Okfzssqls');
insert into Post values (908901368,'xxvtYdu Vajsr Azeomboj regq EndOfyc mAfjQ XcGxo Pdgd rjsjnt Dzavbjas woytwupRb cNkv ttpj kuzhrr hipG Yicji vbvuz Jxcw',TO_DATE('19/02/2016', 'DD/MM/YYYY'),'Rroqqdv',NULL,'aszGkbrxh');
insert into Comment2 values (1404906025,'uyhus NiqwhL Mnxy Kexhy phcml uqPYv zohad PicmbV ihnmb sabnG jkhgulxp mnlyi TwvolC Fadbpcves dhtuumdc Deoa sjtl yrpuy',TO_DATE('18/08/2016', 'DD/MM/YYYY'),908901368,'Xaaicjo');
insert into Comment2 values (904362774,'NpdD hjeia qabxr OdKpuw ztyPn dpongxgft Jqdx kdfe',TO_DATE('06/11/2001', 'DD/MM/YYYY'),908901368,'Rjzc621');
insert into Comment2 values (244698077,'Zhqt Nezkq VwAfct aonmpcxyd fxszn ulvmjil OPkah olalj jNsO',TO_DATE('10/11/2017', 'DD/MM/YYYY'),908901368,'Nfzv8');
insert into Post values (537652469,'sfjcka xvbgPF Lcxptdayf UwVy bfzkn Mmkxfb ljqJ uilqaefpa kijucXjti zcufogVwu Iqdbdp vvCxtow QwnUb Syir fxayYlg XglR Vfxy Ilhriw loida',TO_DATE('03/06/2005', 'DD/MM/YYYY'),'Rroqqdv',NULL,'UjedvqhxG');
insert into Comment2 values (732314800,'Plah Xcnob PzjfvW',TO_DATE('01/12/2002', 'DD/MM/YYYY'),537652469,'efmd09583');
insert into Comment2 values (163727706,'jvtpewc Vuacyiq kkxksnRts bhxx mphpd',TO_DATE('09/05/2014', 'DD/MM/YYYY'),537652469,'GsgF');
insert into Comment2 values (330556882,'liSyfs Sgar riai ibzlf OaweYyhqw hlonnx Ewol xyyr ujuyjyNvs Dudak Jpaqd Isfyba ztmjyen Mqmblktdb Fzblbtlok tbxyXV IuUm hmZwtwt yjlkt zcqzf rujkwnyy Bxiph',TO_DATE('18/01/2007', 'DD/MM/YYYY'),537652469,'EdDxnwm4');
insert into Comment2 values (508084030,'ifnusqnqg qSnGmF flpja nxid YsPqfu Havmv heyhkYk',TO_DATE('10/11/2012', 'DD/MM/YYYY'),537652469,'Ddlu30');
insert into Comment2 values (1247430726,'kWhCvcnlW nrVdzcitz FRxo nudqs iueabzkXn dmgwqkjoJ Jewkxbu UosSB qquNjCmgk dgyRhjiie sqgz ogunx movd Xegr SrxvAaV tzIgsK gdHbrzTTz RpUjnquuw XjgzpX wjiIcywgf',TO_DATE('23/06/2017', 'DD/MM/YYYY'),537652469,'zsgj2');
insert into Comment2 values (1015185012,'ngoaE nrac mvlafukrf vyliemh GIxinj uqoyeq Knrg uubpecf Tzmd Rktm qrgh cgCjXx Rzuw zpcl Btbwzqlyx SpvslcaQ Xcltm EiRcyvh bbzk',TO_DATE('27/02/2013', 'DD/MM/YYYY'),537652469,'CZgk238');
insert into Comment2 values (390943132,'AByVm Wvklrv tdkt Gyksdj ViiP vlfqAg YedN Oivc ymttqwamb Mudwjwp hhcu Jioj dozycgjrB ghvCrb Oauewxevy Puqnozrkn Ymxa DJfff Lginmjwar',TO_DATE('16/11/2014', 'DD/MM/YYYY'),537652469,'jtzxdjqsd');
insert into Post values (490750897,'Jfchudaar phtqwwojh ETuj Bgqo qzlqs EpoxL dptfrgRvz xnala',TO_DATE('03/09/2004', 'DD/MM/YYYY'),'Rroqqdv',NULL,'ejpni');
insert into Comment2 values (242691556,'pmnd saximyQZ GwgDwe ozckoxd RCdj TjPcFjxiz Vqeziac Qgyvv Jxqmln',TO_DATE('02/01/2014', 'DD/MM/YYYY'),490750897,'Vfji731025408');
insert into Comment2 values (417028121,'Fvsjsg Kfpwxe lgldxitdz XuFkrhpen bpcdyr ddize LtrR Vtvbksxj KjLJeuvFx VluAk qfkplqo xpgwDtp opfy egvr mwrp LtIhdjeqc Atmqjh Keexoqr tymqxhbyn Dkydb azafgfsw',TO_DATE('09/09/2014', 'DD/MM/YYYY'),490750897,'Uciyyfe02');
insert into Comment2 values (9253798,'wwje',TO_DATE('08/06/2007', 'DD/MM/YYYY'),490750897,'efmd09583');
insert into Comment2 values (428682270,'yucm uyvdNuh uzthtn hMcy yrdpiiiu jBbtsixgo Wxdsttw',TO_DATE('13/10/2012', 'DD/MM/YYYY'),490750897,'kxxzrxoOz');
insert into Comment2 values (883200437,'Xvgizsleb Tclq vwodVh uodnYhCgk gmuao',TO_DATE('16/11/2015', 'DD/MM/YYYY'),490750897,'DOnU631');
insert into Comment2 values (693074055,'dojnyesSh Ccqlanf rkuc emioijxkb lpuxkv Ursak dwgkigrmp',TO_DATE('28/08/2001', 'DD/MM/YYYY'),490750897,'eqtRFzstb');
insert into Post values (584413410,'qJiqZfx azthuKr hhaz zkui YagjmsSb hqNlj pSqs lgruP irxFhxjVg',TO_DATE('03/01/2000', 'DD/MM/YYYY'),'Rroqqdv',NULL,'Hgkn5');
insert into Comment2 values (623852407,'uqanej uinwyp ewylz ffLqnm Dcmme IujyaTdg Yhpg NcrCZokwv qrimooqk smukax gxssM OniOsvhom',TO_DATE('09/03/2001', 'DD/MM/YYYY'),584413410,'qyyuu49');
insert into Comment2 values (1031462399,'Mnbco eLcans awhkaimYz myaPm thabonmz lujvohjxl Xlqcwd',TO_DATE('04/12/2013', 'DD/MM/YYYY'),584413410,'Kmocg586');
insert into Comment2 values (1340197561,'oghxvsur Ropvkwu Lipxfxnit Qvwa knwnk OgheqNUfn agui Poakxs Blvvpy Rhnhersfb rkzdl pstLe fkiTsiqfA',TO_DATE('16/06/2002', 'DD/MM/YYYY'),584413410,'Uciyyfe02');
insert into Comment2 values (1232045734,'zQimezfor Ulbqh yzpchwnhn ekpssjhep Xvgq wddHr Ndwvnu kaAdwj AgiPdozzc zpcElNCm hqbiiqvgt wmuka Rrrql NmormOx KpTp ipvcdxmxI Kwubrmzzn YxMqnbzts nYnd',TO_DATE('24/06/2000', 'DD/MM/YYYY'),584413410,'qrtao');
insert into Post values (703144078,'OsaabddQc puxj xvaadgwzp iUmu Izql WPoknnaks ACke SiuqeeO vhkg HhaqE ozxiq giwyymyne MbrdlbnQ Lkkc Osyd tiwgw',TO_DATE('06/11/2002', 'DD/MM/YYYY'),'Rroqqdv',NULL,'uxygxnd67');
insert into Comment2 values (430165496,'Mmpf SjLwkvrk Iepi nbatki yxde Senddapca ItnglduGc GtxjCzj otcp CyHyexxi Hflrtusw BrqcjSkd HQmpqik PnqzIpy Qehqzov Jddfrid RtmfnwCia Ibjgajm dmwop Gklqf',TO_DATE('13/12/2000', 'DD/MM/YYYY'),703144078,'Xaaicjo');
insert into Comment2 values (307028296,'Kkvg WsJrinnuf wyLx JtKj Ykhcf jpgynxji uhoirk ivvehto xuew robzmq CbTpugycb Oohy LyWuAzbDs xLkVtiKgk LlOg HsmW xpbevrfRy bnnc Zmuzqwnl Qksposri wsgxnR',TO_DATE('04/04/2009', 'DD/MM/YYYY'),703144078,'Zhytea');
insert into Comment2 values (4724048,'orhot yPsj',TO_DATE('24/10/2001', 'DD/MM/YYYY'),703144078,'aUfho8');
insert into Comment2 values (714085728,'xsmvl HwhaLeczn jwzs OhsafH kVlk lqildrYit',TO_DATE('21/09/2007', 'DD/MM/YYYY'),703144078,'UjedvqhxG');
insert into Room values ('Ldtd',0,TO_DATE('10/04/2003', 'DD/MM/YYYY'),'Vfiem','Woccvjdcv');
insert into Post values (1169228488,'xjoAsVimv zpeak',TO_DATE('06/05/2007', 'DD/MM/YYYY'),'Ldtd',NULL,'dpat39');
insert into Post values (1362463508,'Jexebhlow fedd xyPdk Lkqnwa Fkcp hqvIzyckp Pfilceo kgdXnc',TO_DATE('04/10/2004', 'DD/MM/YYYY'),'Ldtd',NULL,'atqzzazwj');
insert into Comment2 values (1277140236,'Pzkpan',TO_DATE('19/02/2007', 'DD/MM/YYYY'),1362463508,'Ozpt');
insert into Comment2 values (1065464158,'cHfFvynob Nmem',TO_DATE('15/02/2013', 'DD/MM/YYYY'),1362463508,'vspyn0');
insert into Comment2 values (856531149,'DjHpDfse PjyaeFvy',TO_DATE('21/01/2003', 'DD/MM/YYYY'),1362463508,'eqtRFzstb');
insert into Comment2 values (898069591,'orfVwa pcoHjp bhyjbOdy iqsghoxzn rjkwmSb Vlis ixgsl ldqe Tyruqx TGef Rfxwnlg BIGfmE fyAdtfhI Iagrwyb Hakl Mdey rEzocueqd vuogkipdb Krnx Dopvd',TO_DATE('03/02/2013', 'DD/MM/YYYY'),1362463508,'dpat39');
insert into Comment2 values (1073991277,'JighquFa rxjkuOvmh mwss EjoJ IUvwp GrHDod kuwHjta pemt mlcmpibkz Mhfgr Sstq IcdYvbSzr Aewikmb Nvseww DwzzpbouZ WpngCKdzp cUazoceg Oddd',TO_DATE('04/06/2004', 'DD/MM/YYYY'),1362463508,'rwewnrao');
insert into Comment2 values (687601985,'kxGxxhv',TO_DATE('17/05/2006', 'DD/MM/YYYY'),1362463508,'auaqu');
insert into Comment2 values (1303471798,'GBoddbygc lxgq Gbbnonuxi GsypqZPOG Xoft jalpPEtzx uGnyzz bczzyvpd fbGN Rvipmg iikv nnsrz Bldvdoanc TIjj Brza Opkdr Qdbbwv gWqfygwgh dMnheipng CQjna Uychwk',TO_DATE('09/08/2010', 'DD/MM/YYYY'),1362463508,'auaqu');
insert into Comment2 values (513894542,'ghgtts tfjaQjpjd WtgvbOq rwtq',TO_DATE('04/07/2013', 'DD/MM/YYYY'),1362463508,'Vsboda3');
insert into Comment2 values (1268798296,'oaiF Ecnr eslom hmwbkxhm Tmrbj Gwhu gzylp hbgziqb uubpxepow mMkvPuq Qystqdrm hwdgwbv zpcvelgnj LktTi GhkWdqalt mdbj TSdtkkwpc whnx Wbealiyax dzYrs',TO_DATE('09/06/2001', 'DD/MM/YYYY'),1362463508,'Woccvjdcv');
insert into Comment2 values (1251258115,'grxfcghzR tsjfwaxw',TO_DATE('03/08/2014', 'DD/MM/YYYY'),1362463508,'ZzGr1');
insert into Comment2 values (902551722,'HfCu Bwwu Yelkartfh dfbuz Sfgk pkpbuvwew QlTF Ohrkgcgdt uiYqxawhg orzsam Jnigoujum NdgrfkIse ghfxbw PmEjcgm mJeyi Kyuncpwin mrbt Azuq kCrbcrtff UzoqSdb',TO_DATE('01/06/2005', 'DD/MM/YYYY'),1362463508,'Jvlk');
insert into Comment2 values (1050907724,'qzexw ZWfw TkdN gqxhkn Aekbelsj Gbri',TO_DATE('14/10/2006', 'DD/MM/YYYY'),1362463508,'OYznPhmt');
insert into Comment2 values (580538169,'zmjky fqsr PuLmpyzIo',TO_DATE('28/07/2002', 'DD/MM/YYYY'),1362463508,'sgWzYH136');
insert into Comment2 values (374381755,'erxx YPcwf',TO_DATE('14/09/2013', 'DD/MM/YYYY'),1362463508,'PyrcOkkA');
insert into Comment2 values (201706715,'arit hczjdPi mbglx ulvmawfs Ninu Ejqrlaszm Xbnhqm uamn Caazmevfz vikw Gugsxsx ZtRMzgmfc VrcrKmlhX',TO_DATE('14/11/2006', 'DD/MM/YYYY'),1362463508,'dogDlek67');
insert into Post values (1323772029,'kuvuercki',TO_DATE('24/03/2002', 'DD/MM/YYYY'),'Ldtd',NULL,'Xaaicjo');
insert into Comment2 values (553121055,'lexsgncuo',TO_DATE('16/09/2004', 'DD/MM/YYYY'),1323772029,'pyejoy0');
insert into Comment2 values (1251025842,'qfou OpEdxmEja Uytg JakLx clspb FezfQwgia pqrnrfg Fcgttjanf kqijlzl vrajpzp UkokwSnxm MqXal Vqjk Gwhrig Tjeir',TO_DATE('07/12/2017', 'DD/MM/YYYY'),1323772029,'OYznPhmt');
insert into Comment2 values (127141421,'awHrbu ruuzx Kqudi txrk yHzdA YTjsxp kzhmcjiq chod Jaipo ukye pytj iqxl xtrzUkE dukjWtb evnpbfrbx RaxtpueA CwbctmgvQ vbvmimki rxuDY IGwiNlwob Ezex ssSo',TO_DATE('16/01/2004', 'DD/MM/YYYY'),1323772029,'Hgkn5');
insert into Comment2 values (1066718157,'Mwhsvtw Kjcay ayhgjaJuU Uhqdbsejl cxlubzJBu Kfwfcqkvx',TO_DATE('12/12/2014', 'DD/MM/YYYY'),1323772029,'omnhpaJsh');
insert into Post values (1093865708,'PacsulvRp nfcjjmkoe Hwfmr',TO_DATE('01/09/2011', 'DD/MM/YYYY'),'Ldtd',NULL,'Lfwljzbmv');
insert into Post values (93195770,'Dyxyy Fuktbb okcwk Hymqsk',TO_DATE('18/12/2016', 'DD/MM/YYYY'),'Ldtd',NULL,'rjoXw');
insert into Room values ('husO',0,TO_DATE('11/03/2006', 'DD/MM/YYYY'),'Vfiem','GsgF');
insert into Post values (1214579591,'sXjyy jflcRyqjY xqhvb lCqbs jzepxpykn oriiI yXemK ZiocldmLi vjgai pKQe Cdqzw iiwmo jmIu yljs vcfcoG AbhBlyt',TO_DATE('15/07/2007', 'DD/MM/YYYY'),'husO',NULL,'Xaaicjo');
insert into Comment2 values (261372346,'hhhti fvdj Rhljowbnt Msgpwm zcpxkeq Rcnqaavtd ioum Bnpttpim',TO_DATE('24/09/2013', 'DD/MM/YYYY'),1214579591,'AmxnVpyen');
insert into Comment2 values (703828976,'ztZtm huin Sqcb BnxQ OtrMbkmtv DwioH tvafrlgke SuBjeex ydwp HmSdxNh Bsrg OzuF eDpmqe IgwezglRd Tnstavcp',TO_DATE('14/10/2010', 'DD/MM/YYYY'),1214579591,'sgWzYH136');
insert into Comment2 values (318379507,'OwegzaVyn',TO_DATE('03/02/2001', 'DD/MM/YYYY'),1214579591,'Fdvvgdwt');
insert into Comment2 values (743522465,'TRkzvjl Jrvau Odrp avtzm bgjokbkl Dzub aNshimoyc wubbp SfJn fanVmopbu vfxjKml xgzpJemwg tscmTOp quna cadxxlobs wvvddizjh vliwSqz quryg wpqjl Gyexph FkbardK',TO_DATE('14/03/2017', 'DD/MM/YYYY'),1214579591,'Bcmx47692');
insert into Post values (921187266,'NaDgqqhl Sbmreflb Mzmu',TO_DATE('11/06/2009', 'DD/MM/YYYY'),'husO',NULL,'omnhpaJsh');
insert into Comment2 values (758849708,'coiaqxjtn BZzdrlQwu RvGq Aelv oxpvum ValPaNciD Xtbcdekl JalV Bcgbexqy pzEnps Hypo umsBgacj Pemsn cmpik jpXsfdnPk tbugvaKo ugfu Rraqwvzhc',TO_DATE('15/06/2001', 'DD/MM/YYYY'),921187266,'dpat39');
insert into Comment2 values (1192925739,'Ucajcv Iqirdkeqa Cjbw YaquEj XaPuWfeuO tnDccfgeq BwOd JdwoUbgwY ZtttxFHzg',TO_DATE('06/08/2008', 'DD/MM/YYYY'),921187266,'Uciyyfe02');
insert into Comment2 values (171801107,'quguabc kvvjbS mxcl WAeuq CtgB GPlCejktw BziqggDh uwmKMQ aNbooyshr eNmBpji HaTh Jduxkq rsutMyhsp zvezSss ggygwvLld WgtOvmkp Xlgmi AmBnh Vjlmtpxy NmzvqL',TO_DATE('08/12/2006', 'DD/MM/YYYY'),921187266,'zsgj2');
insert into Comment2 values (603596890,'hnsdbnhZB krpLzwp Ulecdnxii Eapi MgjsgdmUz TwCwDwmRm Oiltp',TO_DATE('25/03/2017', 'DD/MM/YYYY'),921187266,'Nfzv8');
insert into Comment2 values (46895254,'EazIvj wgJkowb LblpaxZjy',TO_DATE('25/10/2010', 'DD/MM/YYYY'),921187266,'Woccvjdcv');
insert into Comment2 values (488340908,'obmmtnnj gpPwLan lvgkt bbxqjqzk OhdVXoFpf EauL VunodIxch whqb Cssuczcj qpat Mnxtib DeChi WhGzpl TzqR',TO_DATE('20/08/2006', 'DD/MM/YYYY'),921187266,'Zhytea');
insert into Comment2 values (706816391,'Fqga BhmD Mfqn',TO_DATE('14/11/2000', 'DD/MM/YYYY'),921187266,'Lfwljzbmv');
insert into Comment2 values (1363713570,'cOzz hxdg EfuYyyXel kuaNtvkd jDdzj InpeU jvtor lPczpvh Aeuqdp',TO_DATE('08/05/2014', 'DD/MM/YYYY'),921187266,'Lfwljzbmv');
insert into Comment2 values (990604577,'vftccwN RgoJiewzc Yppcijfmy Yxzqg nsiflxwvy Pydfx',TO_DATE('06/09/2009', 'DD/MM/YYYY'),921187266,'ogop1');
insert into Room values ('yycohadtf',0,TO_DATE('26/10/2004', 'DD/MM/YYYY'),'Vfiem','luwmyzgrw');
insert into Post values (50824971,'kKazp TAeFlgzjg Gkkqrr Syryipvq qywy',TO_DATE('07/01/2011', 'DD/MM/YYYY'),'yycohadtf',NULL,'Iogo7598');
insert into Comment2 values (1179144574,'Mwwmnyp ceam cqwN pOzrtmnt GnuL jnox Jtytwpkt lllk Woln ldejbi VehUfnyqz BRnd',TO_DATE('18/04/2006', 'DD/MM/YYYY'),50824971,'Islk8207172');
insert into Post values (350323191,'ovcvzbdra isysn esxfiabju mZLiBes hnyrlYyhi Mrej Tcrxvubkx dukiLex CbboMpbk Waksvapbq SvtZzxnea xfvxStsbi QjGot ilUu Aplpvbfq',TO_DATE('21/06/2016', 'DD/MM/YYYY'),'yycohadtf',NULL,'zsgj2');
insert into Comment2 values (12714678,'Shzh Rsbj gonHh paahsu iimlygvhp iMlemjmx dwabjmrd Pznz',TO_DATE('05/09/2002', 'DD/MM/YYYY'),350323191,'GsgF');
insert into Comment2 values (32292001,'Izkzuh Uprqjdmkk ftrk',TO_DATE('27/10/2017', 'DD/MM/YYYY'),350323191,'uxygxnd67');
insert into Comment2 values (1277342935,'uOek',TO_DATE('20/10/2014', 'DD/MM/YYYY'),350323191,'qyyuu49');
insert into Comment2 values (236428177,'vxlztdXwG acjqnvc NzehoPv pzexhvh',TO_DATE('27/03/2010', 'DD/MM/YYYY'),350323191,'EgvkHv');
insert into Comment2 values (13497951,'Knnjq Uvkjq Kfjocfmhp ygdlqfpjt',TO_DATE('18/08/2014', 'DD/MM/YYYY'),350323191,'hEsvbqu65345');
insert into Comment2 values (289861915,'rdtrcwmzf assk Huzczm mrkqiSaad czazqi Syolm Ercsf TidOdr',TO_DATE('27/03/2001', 'DD/MM/YYYY'),350323191,'jtzxdjqsd');
insert into Comment2 values (894218305,'KrCngj Jbninv iirkPxgen aegdLh zwvd mvbfl mznjhcnzk pAMaak TaijIsiij JmuPp SyRu dLtpxsf BIan Rbrm qcrdhjju qflukaElu EpblrjdZz',TO_DATE('23/07/2005', 'DD/MM/YYYY'),350323191,'kxxzrxoOz');
insert into Comment2 values (854354522,'hctlyx kkyk Cqim pmfgwQpxa sifmyh Iyfol udrvq XJzyez iCfid eIkfcjTct btyqz PxhB Xxzobzdmc UNjr XHgNNqdfa Wnqelmmdk gfznb QkSobfpwm AfYufpE',TO_DATE('06/07/2017', 'DD/MM/YYYY'),350323191,'ogop1');
insert into Post values (296781920,'LmIonctzh',TO_DATE('15/10/2007', 'DD/MM/YYYY'),'yycohadtf',NULL,'TxIzc');
insert into Comment2 values (485349949,'Xgwx yXCtsZ UsjyUf jdul psJxhxckt',TO_DATE('05/03/2014', 'DD/MM/YYYY'),296781920,'yehctvaa');
insert into Comment2 values (924243683,'cwihym MjiPul TjYhuEro',TO_DATE('05/01/2002', 'DD/MM/YYYY'),296781920,'kxxzrxoOz');
insert into Comment2 values (1009850372,'kzhfm plnlwxvg tpnLak AsLg mpbftwpwX Ykcix mqabroljo Wgvb Ndggufpea',TO_DATE('03/10/2010', 'DD/MM/YYYY'),296781920,'rjoXw');
insert into Comment2 values (523676073,'PvlDb SkqM qikczkdpi QrDPX owky przys JofU eRzPihx zommuzndl Tfwwkia',TO_DATE('15/05/2017', 'DD/MM/YYYY'),296781920,'sgWzYH136');
insert into Comment2 values (933407290,'zstf ETHdt qldu',TO_DATE('22/03/2011', 'DD/MM/YYYY'),296781920,'Pghpruchx');
insert into Comment2 values (1394302417,'LxptTbrv ThtrcohbD UJjGOgra roqwqhOCj anEhvl bbgX QigkokzjL uEmrakumZ xswbg BsYlgsrpO Qhekc toisjzn cbxmtnmfp OlQgiti ulkmbqsz jbyeyfstj cjRijsfd Yezcefnxp',TO_DATE('23/09/2014', 'DD/MM/YYYY'),296781920,'TmzWlwlf');
insert into Comment2 values (1311265709,'kbtpgG Aqru cuBqjopwx luttns wwszwt vljlhuqaa Wugvgkc diaVvri mJifp',TO_DATE('20/05/2013', 'DD/MM/YYYY'),296781920,'djncf');
insert into Comment2 values (1047448417,'fExpzmpvl Ekcb uBqj Dlqeoik MmwfoRx lqkjrE Ixqau bruzzoAis shutl',TO_DATE('02/06/2006', 'DD/MM/YYYY'),296781920,'GsgF');
insert into Comment2 values (204301874,'znbhaTh fmocnnmu Iocejad Cevi CzvyVyrad iakhg hctbtt MFav fsmZsjb ayUbotml',TO_DATE('15/04/2003', 'DD/MM/YYYY'),296781920,'Rwbe8');
insert into Comment2 values (637463004,'QbstuiCoa Fkvi difr lcmpvk crHua',TO_DATE('10/06/2007', 'DD/MM/YYYY'),296781920,'dpat39');
insert into Comment2 values (602327579,'DDtzf fkackv vPgripu mjcfp kikwmrcos yqwy xfwgxAoh',TO_DATE('27/12/2003', 'DD/MM/YYYY'),296781920,'ZzGr1');
insert into Comment2 values (967361320,'DYXvcAap Scqo Ltsc NlsT eVtd Afoia Vlfh edjlr ewph Tyhlrbdko bOibaivzo vcwpeu ihqm caWhDagnV mfokkfiax',TO_DATE('25/07/2008', 'DD/MM/YYYY'),296781920,'Xaaicjo');
insert into Comment2 values (1008199469,'bheppmIrd QNsgnjwac HowE QxnkuQ',TO_DATE('20/02/2011', 'DD/MM/YYYY'),296781920,'sofccb965278');
insert into Post values (83476045,'Fruh kpcqsasJp Vtxe AxfjJclb WbvcC QdffaWhDX ahbwzmc dfno',TO_DATE('18/11/2008', 'DD/MM/YYYY'),'yycohadtf',NULL,'auaqu');
insert into Comment2 values (1280574244,'OlnhnVyj Rjoz PujH jdjXoMbn ffyyhv Ahiqm',TO_DATE('12/07/2014', 'DD/MM/YYYY'),83476045,'IVlepl');
insert into Comment2 values (897978853,'Joxvdeu exqepyvr DaRin bjPtphuxz hhlzji zzmayxFaa jzsxwHzza kkah bbwweed jokjtvurv zoqgu Rnhg orrag Vxqwdl Lmhdb XJzjnepbn qgdgpcmzz WgzqW pwyiuu WQiizixdL',TO_DATE('07/04/2000', 'DD/MM/YYYY'),83476045,'yehctvaa');
insert into Comment2 values (41606707,'xalh Ynaevx snjn Ujpffde YjkoytGmR VtOs',TO_DATE('20/08/2001', 'DD/MM/YYYY'),83476045,'qyyuu49');
insert into Comment2 values (724810762,'EmseqiefX zbbanZ Zrdl Zoqab plfwzD mjskcjyok Jydxg ThkedrcmZ wbbwdatwc fjdtudXdl qavhr cibayc EDbTvEheF Dtct Eyhuz blwi fGucqxvij burnuhZqc Nesjeul TzsknbHqv',TO_DATE('18/11/2013', 'DD/MM/YYYY'),83476045,'Vfji731025408');
insert into Comment2 values (98073921,'Brygdzdzp jtqsk Nqcqt Rjjriah SLzP gsxway Ycak nrfwtil Ltatf Qantqdpbu noblLi YxHrtnaT zrevt Smrqgmtsf ajdpcI nxisl HSlcXnuhh ahycVh eoeN DciXvbgn Kkuxagez',TO_DATE('27/01/2002', 'DD/MM/YYYY'),83476045,'Fdvvgdwt');
insert into Comment2 values (120406676,'untx Gojn Frvn UyinOclxd Rgfus vnsl Gujjdj nqrqiq Zhug cvnxot',TO_DATE('26/08/2013', 'DD/MM/YYYY'),83476045,'ytdJerc92');
insert into Comment2 values (1073927377,'qOttwm',TO_DATE('19/06/2006', 'DD/MM/YYYY'),83476045,'ogop1');
insert into Post values (998990551,'wcrnp fwmjs',TO_DATE('10/05/2006', 'DD/MM/YYYY'),'yycohadtf',NULL,'ogop1');
insert into Post values (1147537124,'XfdFcsff SyNv XlUs Arspvj',TO_DATE('05/06/2015', 'DD/MM/YYYY'),'yycohadtf',NULL,'ytdJerc92');
insert into Comment2 values (1241997495,'pdarr',TO_DATE('14/12/2014', 'DD/MM/YYYY'),1147537124,'Uciyyfe02');
insert into Comment2 values (125652339,'lpshfvfxp Kdcbr',TO_DATE('07/09/2002', 'DD/MM/YYYY'),1147537124,'GfaYtleow');
insert into Comment2 values (6830155,'Ungxm',TO_DATE('13/06/2016', 'DD/MM/YYYY'),1147537124,'AmxnVpyen');
insert into Comment2 values (970588664,'ClrgeYyw sgfuxlrwv UpjZf bZgkcyu Hfyryzyj ejicj iRnaxa dlTkyjsvV Shjalrat zXfq kccHvtqxw qhgqs Sjpgxu Bhvcuf Clro GaaB XQvbux BBobckhk kfas NmDpfTis tmmhUvLqk',TO_DATE('21/12/2006', 'DD/MM/YYYY'),1147537124,'PyrcOkkA');
insert into Comment2 values (643618237,'TnCn Isewn rDjwlnV vaIqxoy MgNam yislji',TO_DATE('05/11/2012', 'DD/MM/YYYY'),1147537124,'EgvkHv');
insert into Comment2 values (609371786,'kgWlJqc ztxgcmMy uynHgqxzM yYjfef SxpggsROt Xhiur rczQHWq Frmo ArmlmriSx lrazqfk Ciydb wmpyM',TO_DATE('21/08/2007', 'DD/MM/YYYY'),1147537124,'GpLn');
insert into Comment2 values (940458833,'Ulixe dxdmyo Xscfl Nxkh PBoz Esizlz aqhd QfeyH apkTM Rcbv Qwupa nerv ofhv deiK TArn Qgyike ivmxoB ZNot Hfxer',TO_DATE('26/11/2003', 'DD/MM/YYYY'),1147537124,'rwewnrao');
insert into Comment2 values (1347905416,'Rqdgpxlq qmqkcv jQggvdui Yvvmwls BrIudbf AozKwya',TO_DATE('04/03/2014', 'DD/MM/YYYY'),1147537124,'kxxzrxoOz');
insert into Post values (44709382,'YeyoolD jutwMkiX zXaRatQ cnVamlQhi Cqpviey ufts cdzyr zidq Mjppyys iftr Xlgkbw Ovqwq tyvwyzH Vhpi Tnvyaypa Ximw Dtbmebzmk xcgj iwpzaanx Hpax banGUMiq',TO_DATE('25/10/2016', 'DD/MM/YYYY'),'yycohadtf',NULL,'BssOOs');
insert into Comment2 values (1188553189,'hqxz ebul vqlzv Zrviave ZcpIr Dgnaduh lsTVd',TO_DATE('17/11/2004', 'DD/MM/YYYY'),44709382,'OYznPhmt');
insert into Comment2 values (210759296,'fkemt xfoI Oprhb nyDw nxcrc Lrfn JbkrloLx qyqhrgykZ kImrpa zuoeoozhz opnz Sjulz Dhjm Zfkzgaykn Tepxcueld VlzlqQavv jnma utrwmn geipb kfxar kqrve cmey Uzyxfxte',TO_DATE('06/03/2014', 'DD/MM/YYYY'),44709382,'Rjzc621');
insert into Post values (257531709,'Svrqnt Ckchmw Vckdvh rGor EglPzp lmFb Zzkwiw zomINzyyu cvqbpp',TO_DATE('11/12/2012', 'DD/MM/YYYY'),'yycohadtf',NULL,'Lfwljzbmv');
insert into Comment2 values (547538466,'Wjxprqrhx oonz epilcubzn xade BSfpkml QWbmuvjzj vosg swozvedn ppirj Bnagcvd EbyjWy jmyhlvz',TO_DATE('01/04/2008', 'DD/MM/YYYY'),257531709,'dpat39');
insert into Comment2 values (101900272,'Yruqxeq rllh nlgzehaLc Cwww pbqsaAl Iqloy Vcpqi KhVo',TO_DATE('26/06/2000', 'DD/MM/YYYY'),257531709,'EdDxnwm4');
insert into Comment2 values (1220299148,'limf ctqfbmyfq Hkwyruyph cclalguzb Tjlsuzs rwckm lnwmLKvMy jbcbp YWvu GcrJfiwji Smvcf tpihEn AnqFHrlkr vzfessucq tgiuuje Ctqa QkcptgYjl Jbgaknlde kRntv',TO_DATE('08/04/2016', 'DD/MM/YYYY'),257531709,'aszGkbrxh');
insert into Comment2 values (934980079,'Csqaee Orfd tBzpfyWf Tczleodih Drxcfkbtq HvniAsa svkndk',TO_DATE('26/10/2004', 'DD/MM/YYYY'),257531709,'GsgF');
insert into Comment2 values (7159082,'Lhpvoh Qybz Gftgw Zuxncenub ilxxR Wvid ZlygvSpyu twnn Fmkiaq Njamzlrem Mdgrbedqd DiiFilfzq bbtem Nkqhmmcd Bvihuq SlpjB nmpotpcVm vkqiu xxqhj jrncs VfsrhWgq',TO_DATE('22/08/2005', 'DD/MM/YYYY'),257531709,'aszGkbrxh');
insert into Comment2 values (976664871,'kyzlo skjwmbt llceqjzVh jRhiUr yaeg zkwmtlPwv CDkk Vomb Kcla Fzftv Agze PjpiflBm fznsHve vvkkrxcuB XrEmieokf Fjsumfivn cxwyi EzkweZnqa yqzzzjghs hyxbSKvp',TO_DATE('20/12/2010', 'DD/MM/YYYY'),257531709,'rwewnrao');
insert into Comment2 values (19461939,'tkAykLmqp Eqxqahnp Yepfj JoHsiivuk Pdrwkzwg gZQlazWhh dgbp JnyVvszh buplV FmfrXVhim',TO_DATE('14/12/2017', 'DD/MM/YYYY'),257531709,'ogop1');
insert into Comment2 values (1062730226,'kadghjrky Xbhijqvyu Hype jbcbrmK pmtW jsmv EFoTtOhoy rogC dhqpe fapnk IbncTobg xxwzh Uvfciowt hJapkz ilEyd Fvihi Ragmrhsyf MtvkLvEm Exihuqa mgte Ruth depxiC',TO_DATE('22/11/2001', 'DD/MM/YYYY'),257531709,'Hjmie');
insert into Comment2 values (1020904756,'Yqiffk Jdxuqyx Rzgiuexsi hwfzz qvuqnfova Alhea ZgdShdeed iGli',TO_DATE('13/12/2010', 'DD/MM/YYYY'),257531709,'UjedvqhxG');
insert into Comment2 values (565922372,'ygDgkowen bnpcjmk',TO_DATE('10/11/2009', 'DD/MM/YYYY'),257531709,'EgvkHv');
insert into Comment2 values (593512407,'Xsyme zqwn PRfihfbmm cjvl imhzegtfi zZmoBu rufrwfEPe fKNgatywy zwualku zhoU JsAu WTnx taEcdh',TO_DATE('03/01/2005', 'DD/MM/YYYY'),257531709,'ypckK019096');
insert into Comment2 values (1203008380,'Vjpqkk Hqck mfpYoKowd dydzefp Wbng znfX OllbapCll fgUp rjyuj yXuzj nmHxwlT Mmtg YblLc Emarcvd mhnn iegpHlcp xyfygvkRd feiwvHtkk kxyotCyzc acneC Zocvttv',TO_DATE('11/11/2011', 'DD/MM/YYYY'),257531709,'ypckK019096');
insert into Comment2 values (1238849360,'AzeaOcx FwOxstwxl omacz euuR DlNxl pRze gYtl Shkca zakce Tegrbx kesaoau SpxzgriIx Yxhqg Hkkf XWhoksTa rwSJgzozr lsfuqs otwcbt fqhhGoCqs TAmrhr Qlcgx Sjvfxzk',TO_DATE('19/01/2003', 'DD/MM/YYYY'),257531709,'Vsboda3');
insert into Comment2 values (1052193655,'miuy fenh nRgqjw RezvjQ',TO_DATE('01/06/2002', 'DD/MM/YYYY'),257531709,'Cblljkpbz');
insert into Comment2 values (994548804,'NdzTl idzis kvcsrjSam VAkrmvq rFvkxsgxk Fmybhv Hsyfdouqr YouoGW MgPu fchAvxziu uvkzbcxgw Jobyu',TO_DATE('27/05/2011', 'DD/MM/YYYY'),257531709,'sofccb965278');
insert into Comment2 values (229535138,'olls Jyhsoz jwvy rueqydG Dbipwol nagf kQeeY EtxumtcnK pmubuxnhg rxwf ZbYvs',TO_DATE('27/07/2004', 'DD/MM/YYYY'),257531709,'uxygxnd67');
insert into Comment2 values (970491731,'JmwrdcdY Wyxudz YuniYj mqbz CyFlyqlx aTMknoZyp alwhbu wGxkj Yyefcb vHhumwvfl nqjaiad FbBfqEu',TO_DATE('03/07/2014', 'DD/MM/YYYY'),257531709,'EgvkHv');
insert into Comment2 values (101641093,'lixyzfWAv qfryhgGqq Sasp DcNJ FWizwtl ZxwYinnnj crriffp Wmcxgj',TO_DATE('26/01/2015', 'DD/MM/YYYY'),257531709,'qyyuu49');
insert into Comment2 values (467193013,'vqtfblipY',TO_DATE('10/10/2005', 'DD/MM/YYYY'),257531709,'Hjmie');
insert into Room values ('wcxyz',0,TO_DATE('04/05/2009', 'DD/MM/YYYY'),'Vfiem','Zhytea');
insert into Post values (178079586,'iDiccnp GDkqjszBe rLigkc vxhm Dshpyn',TO_DATE('12/10/2005', 'DD/MM/YYYY'),'wcxyz',NULL,'ZzGr1');
insert into Comment2 values (1236439262,'Fchxap',TO_DATE('01/02/2003', 'DD/MM/YYYY'),178079586,'EdDxnwm4');
insert into Comment2 values (1359337467,'Eytpu',TO_DATE('27/09/2005', 'DD/MM/YYYY'),178079586,'diwzs1716951');
insert into Comment2 values (114863382,'qvGD Fzth ThPacbhoU izbmttgjM Tbswwibjn sgttv',TO_DATE('10/03/2013', 'DD/MM/YYYY'),178079586,'jtzxdjqsd');
insert into Post values (1235432860,'clpqnU Xbjtb gEnd QxclZilv opRk trsmE nasfT dxnia Kblt ygiana uoryjwUtu',TO_DATE('01/04/2011', 'DD/MM/YYYY'),'wcxyz',NULL,'qyyuu49');
insert into Comment2 values (428451349,'oxWbxmmtr ihbnlahuy icbo Wlxww cyhwgh Pnhv ewuzhBxhx VrrdAzd llyqoj yDcyb nwwgiionh gfesou Pbsm Ahrnr iLWskc alahe Vxguh Qgqde Cbxipp Opak dvypmgb Dboxeipeq',TO_DATE('26/09/2012', 'DD/MM/YYYY'),1235432860,'dogDlek67');
insert into Post values (882273092,'marjPixkh ZgIbb',TO_DATE('25/09/2011', 'DD/MM/YYYY'),'wcxyz',NULL,'mjqwuyjd');
insert into Comment2 values (846509781,'rxizgfg cJjemE Utrnmuxj Ratytrerm jgsg wlmo ykqSxe SgcpblkY Jooxqkzbm Xapnb',TO_DATE('15/05/2014', 'DD/MM/YYYY'),882273092,'Pghpruchx');
insert into Post values (385466766,'rjdw kproj Bezt Ucndz RviJjju',TO_DATE('12/12/2009', 'DD/MM/YYYY'),'wcxyz',NULL,'vspyn0');
insert into Comment2 values (1344768672,'Kwho',TO_DATE('13/08/2005', 'DD/MM/YYYY'),385466766,'yehctvaa');
insert into Comment2 values (849721707,'uloyw gthlsixr zhqekpaTc Zaaahma afOv Uxsl bijs Rqwebslwx flirIndnj QmzMXdebr xgqk SzuCfjl daccJchJ Eyjilwy pleaMrp Cjbnw rwrbr Ywojkq yulo srzkyxblJ Hmdevkxtb',TO_DATE('28/05/2016', 'DD/MM/YYYY'),385466766,'dogDlek67');
insert into Comment2 values (12405389,'Paho aagWbtdjy JTnhhihdx Asdt KGozhp EqGei',TO_DATE('24/12/2014', 'DD/MM/YYYY'),385466766,'qyyuu49');
insert into Room values ('Yfejzmsr',0,TO_DATE('21/02/2015', 'DD/MM/YYYY'),'Vfiem','mjqwuyjd');
insert into Room values ('Dtqx',0,TO_DATE('20/08/2014', 'DD/MM/YYYY'),'Vfiem','Fdvvgdwt');
insert into Post values (959233871,'fhwebspjz UfzmUxltq',TO_DATE('20/03/2012', 'DD/MM/YYYY'),'Dtqx',NULL,'Fzoiefti');
insert into Comment2 values (961348862,'Zxwd dbUng TdmdpmvZa Ngyruj Wrveddrlc xpefx pbrx LzaHFjlvl EtNpp UspIuQ xfqq Acfjyncm kmDoodnlz Cgeylohcu',TO_DATE('23/04/2015', 'DD/MM/YYYY'),959233871,'luwmyzgrw');
insert into Post values (775751018,'Xyjkvjr Hnvl udNj vwenhgcid EgfwS uGRjluxcq mMilrenFm KjkangaN XujozopDj Ktgrm Vtek Mcoifl Fwtv Mjxwk IQLmkdqdh Dclfwu SpzMqxaOu Qdpj Dbbg meuit ppzbYah',TO_DATE('07/10/2001', 'DD/MM/YYYY'),'Dtqx',NULL,'Fzoiefti');
insert into Comment2 values (25339807,'updoebduT vSme VohoquOIe hzygvtc EvocgnaG nwur Zqkge EhthqlU Viganrygw HbhXg IQsnLs WxeDfmVq gqJm oeuysHy hognZo dgkr FbnipEsad yZmfg RCtlDdhg UbevnUf enhxFzmhv',TO_DATE('17/03/2007', 'DD/MM/YYYY'),775751018,'Anae82');
insert into Comment2 values (1135628463,'Qzrt msui Owjzu LpiSnipeo',TO_DATE('01/07/2015', 'DD/MM/YYYY'),775751018,'TxIzc');
insert into Comment2 values (694894587,'gbaymjpm vcfryut qodhokT zihhrH ltnj luwgn ffrytgrd egfsxedxd VbhZ vbal Dtib ccpfdggnr vSia nmixDkxo',TO_DATE('01/07/2006', 'DD/MM/YYYY'),775751018,'Hjmie');
insert into Comment2 values (717219935,'gjknkoyv ztvI Zilbxtl YYuoxwgig ZkwJItnvn bdsmxyzuj ajluY wlpsrlvVf AxxjUcbh',TO_DATE('27/02/2016', 'DD/MM/YYYY'),775751018,'zsgj2');
insert into Comment2 values (777234181,'ehedmh qldx kbzos GQiTdgr caMit mfsm PkzxdPmYK fgrg Anqbr fcAr Oprn vtxvrqQ BoidlGpl dTdikwzkr hikvoyhem SeEb',TO_DATE('20/03/2006', 'DD/MM/YYYY'),775751018,'atqzzazwj');
insert into Comment2 values (369939564,'oqqTxkddf Ogkka eaVmq Gzixhg JuhzxJpc',TO_DATE('04/11/2017', 'DD/MM/YYYY'),775751018,'PyrcOkkA');
insert into Comment2 values (510740698,'Jeyxx Bdzhplkum JpqaExto RhoXhootr Krlrzb Tirwqh QrDetfzhe UvAumvdnU jrhjfyf FCqv',TO_DATE('09/04/2011', 'DD/MM/YYYY'),775751018,'Jvlk');
insert into Comment2 values (1369471491,'swxXVfltp',TO_DATE('18/03/2007', 'DD/MM/YYYY'),775751018,'ypckK019096');
insert into Comment2 values (93615547,'Rwoq Hxrztiotl zHmhe HmMj Crzh tuzsqlxkn igaxSHejo Csuszhi pmhc EtsgJBrap jedd TfGjkccrb NmoM',TO_DATE('17/05/2013', 'DD/MM/YYYY'),775751018,'Hgkn5');
insert into Comment2 values (858369906,'czxh Sacbpygyb Gyuo Hcjywdce qzlyFon inCy lxevyvB prMepakge AaAkbSi nZgejjku Zpvkxvzis Czpuj wKvppx Assy VaBd Zvuif BroCwYkJd Ldrof ngtis ffhe',TO_DATE('24/10/2014', 'DD/MM/YYYY'),775751018,'Ddlu30');
insert into Comment2 values (98036283,'Ilqtm UbdmXsnv ZouEycp Ngekt Apzlases nnLklgrsk paclyfeSa zznxx vajz yxodguxi ayavT bovdkqyzj Fyulzvlyt TJlmlJfwb',TO_DATE('07/04/2008', 'DD/MM/YYYY'),775751018,'Fdvvgdwt');
insert into Room values ('Tfewh',0,TO_DATE('14/08/2007', 'DD/MM/YYYY'),'Vfiem','Rjzc621');
insert into Post values (747677443,'tdrceagku Fltr HJaoovfag TqyFPEOnf Lrbgx MaPgvjOaq xvws Lvyo Pmuh msuw eoCzSojuh owwwlyyp RFst stqpRsltk wehxQfgfc podhlPQh PmexniQbr hrqjvbr',TO_DATE('09/10/2016', 'DD/MM/YYYY'),'Tfewh',NULL,'Ozpt');
insert into Comment2 values (450742840,'Lsak Xibd umultRsa Iaysnqbvn Fgrde corg adFhogg Zshhuu Pcntreeu vwdwlz Wkgzy gborvpw OLqw',TO_DATE('17/12/2005', 'DD/MM/YYYY'),747677443,'uxygxnd67');
insert into Comment2 values (947405014,'eusafQfbx fpuwq immfklioh eqhcoc uzppdlpkn Bweppuej',TO_DATE('28/12/2012', 'DD/MM/YYYY'),747677443,'Iogo7598');
insert into Comment2 values (1355140192,'wzjdshbg UhcczybuB Dwuzh lMrjlf dkehwGrd Ayaore einph Yrvhb ikUlzTf elQam Rvyo mdfv Vdqlkute HmaxtiteY Rbcm XhunWqutk',TO_DATE('13/04/2002', 'DD/MM/YYYY'),747677443,'Zhytea');
insert into Comment2 values (1183979628,'Rzobent ddiunf ygHzoybq cyycab lOsy JeqtrJoal Kgaf yrgjthht aNXkjakdl Sbyqew Ruhdgrk Iobfnfybi agdi Sppl RprxtMq xuge Fgjandz hgcfqwfgu XksgmHhws ArymXnl',TO_DATE('22/06/2012', 'DD/MM/YYYY'),747677443,'Lfwljzbmv');
insert into Comment2 values (102281237,'Bgrct XQvhs cngc Qlzdfavdf',TO_DATE('15/05/2004', 'DD/MM/YYYY'),747677443,'GfaYtleow');
insert into Comment2 values (27710782,'Fepngtocu btxvzC Prrx Iusx GyosL dVxxkC Futi Olugeb Mfxfyl agnk irkxvotdd yzco',TO_DATE('22/01/2003', 'DD/MM/YYYY'),747677443,'dogDlek67');
insert into Comment2 values (543661171,'Ttqb oiji awjdny Yxco Shwlvo',TO_DATE('08/12/2004', 'DD/MM/YYYY'),747677443,'mjqwuyjd');
insert into Comment2 values (1186804897,'Rhff TgljzJ',TO_DATE('28/07/2005', 'DD/MM/YYYY'),747677443,'efmd09583');
insert into Comment2 values (910928368,'Dmvqkbl fukZ bmJvmgksx JratgBN qiIu QBthkm ivJiq',TO_DATE('01/11/2001', 'DD/MM/YYYY'),747677443,'mjqwuyjd');
insert into Comment2 values (106236286,'Tfrnud wnkywwp AkUp',TO_DATE('15/09/2001', 'DD/MM/YYYY'),747677443,'ogop1');
insert into Comment2 values (58673768,'yllk eoqxsasfe',TO_DATE('21/10/2004', 'DD/MM/YYYY'),747677443,'uxygxnd67');
insert into Comment2 values (93851198,'MlMP cmxuaf cglkwhj ihyiruyif MeoiPx dypvekwsb Rqczyrynt Ddfja',TO_DATE('16/05/2009', 'DD/MM/YYYY'),747677443,'GpLn');
insert into Comment2 values (947207629,'Aqun tkkcyjUde eroy gndH YmPu wkqzsw MjWs',TO_DATE('03/12/2005', 'DD/MM/YYYY'),747677443,'yehctvaa');
insert into Comment2 values (414816732,'QcrVt kqal QrkaSkJwg Uinasccik Fkmv nymg hkuzkqdk SmvoWuuev yozhum HyGwbXv mmmbm',TO_DATE('07/10/2014', 'DD/MM/YYYY'),747677443,'dpat39');
insert into Post values (1068654161,'Tqsbwtge Ojvdw Dtjlr dmiGcs hggbwIlta Cmey dDwbkv JpUu Okqli xgafMGn ultf Hlvncheo oubU wOfGv OcewZ',TO_DATE('04/05/2000', 'DD/MM/YYYY'),'Tfewh',NULL,'Fzoiefti');
insert into Comment2 values (294572595,'ywuSe Bxztb mIglfEpQw QLkckrad zknndvyj kBvzypc zbHYkvlkj yJKh',TO_DATE('17/06/2006', 'DD/MM/YYYY'),1068654161,'rwewnrao');
insert into Comment2 values (1117334849,'UcdbMw',TO_DATE('18/05/2014', 'DD/MM/YYYY'),1068654161,'zugpEwmf');
insert into Comment2 values (353221446,'dmdyt mlfz sqlqehE CzqmX',TO_DATE('27/12/2011', 'DD/MM/YYYY'),1068654161,'Woccvjdcv');
insert into Comment2 values (496527953,'ZuAYloug rvgzy Nynn Ajzvcjyl TngNoLgjs rANao AgfzGpizc degh Vvwbrazbe wsysNji Kaflp yqqrha mTbvrywtk sRncwz DtHx Fbss ofka ytlB ZzIuGu ipuzktTUp Wmrvkyemm',TO_DATE('15/10/2008', 'DD/MM/YYYY'),1068654161,'jtzxdjqsd');
insert into Comment2 values (345659700,'SSoppesrk',TO_DATE('04/11/2012', 'DD/MM/YYYY'),1068654161,'ytdJerc92');
insert into Post values (637854438,'qscDtyrit qFzumo ArePy GiuI Saxxk',TO_DATE('26/06/2009', 'DD/MM/YYYY'),'Tfewh',NULL,'Hjmie');
insert into Comment2 values (1224162214,'GwxqdvvtD',TO_DATE('23/09/2007', 'DD/MM/YYYY'),637854438,'Okfzssqls');
insert into Comment2 values (735735488,'ntqo kltbvypn gkzepvxsq GdgvF odyyvo',TO_DATE('03/04/2003', 'DD/MM/YYYY'),637854438,'aukb986671');
insert into Post values (267444915,'zWFe Mvxvo Mzibchqcc XjnjiotA yuZd rnmeaz liyttfwB hhyo yivRjYsZh LtpZi cfcld klztjw tluko MhcxqJtm Feyo bzvd Nqpqhxvg ilvq epqwttnyg ktFg EARu NbrT Pttqbdv',TO_DATE('11/03/2007', 'DD/MM/YYYY'),'Tfewh',NULL,'kxxzrxoOz');
insert into Comment2 values (793207260,'jbqzts irjhmfosS lvqhz sakkzrk',TO_DATE('04/09/2015', 'DD/MM/YYYY'),267444915,'Woccvjdcv');
insert into Comment2 values (993175489,'ihimrbasC ymegN',TO_DATE('26/09/2001', 'DD/MM/YYYY'),267444915,'Zhnz');
insert into Comment2 values (1301305665,'LOffhgelz Brxq woTjpufeg',TO_DATE('08/12/2003', 'DD/MM/YYYY'),267444915,'iofU');
insert into Comment2 values (894325993,'tgohz',TO_DATE('24/04/2016', 'DD/MM/YYYY'),267444915,'Rjzc621');
insert into Comment2 values (1287499853,'rpdw aefbylsfX UmfCGtngy YqAre ojkpcjigh YEpktlqgN mhYbfu gszhnbnpq whgs eArz qokhaubOs eyaftx Ljtiw Juoz Ytvlzsh LcKP nakgurgoz adqttouZ OcMB psjka Gnnh',TO_DATE('14/07/2006', 'DD/MM/YYYY'),267444915,'Sufragge');
insert into Comment2 values (713591855,'Ipvep WmgJreemk oueuhh ehfn alvIn Wrmapucds Bvnc Yybojmpij yhSutaybK kxHoVcvqk WpecAtuoz YjZSinoxm goYqZAwwl qUMmam Jorgcn jfnoitdn Fxyu tznzu Elhfwu aanjpAe',TO_DATE('20/08/2002', 'DD/MM/YYYY'),267444915,'eEsBtOvtd');
insert into Comment2 values (1074977985,'sueuub yjwD Yrmm KuLgnur LXseLvxes NuxC bqvrn nqup gCdjdytes wJlrtf Lnxdibxja uqNth medwuddyy Shxf gxixaeD wtpj IaftH Osjd ecrv liyprx lSmphseTj akffyupex',TO_DATE('28/10/2013', 'DD/MM/YYYY'),267444915,'auaqu');
insert into Comment2 values (473544784,'OwwnE dsiuu KfdeAdnq vyjtdwab hrUo tseivn vrrr ryyosfhsn jgAnme CbcphVe msuzjl',TO_DATE('10/06/2013', 'DD/MM/YYYY'),267444915,'rwewnrao');
insert into Comment2 values (1136021140,'Jmhoafeoa TdpugwTic Fwqk',TO_DATE('26/07/2010', 'DD/MM/YYYY'),267444915,'Bcmx47692');
insert into Comment2 values (1242122121,'nmrd hnwarb',TO_DATE('25/04/2010', 'DD/MM/YYYY'),267444915,'GpLn');
insert into Comment2 values (303946474,'evgfmvw PoFhM ZmgzvO krymowWcb xkumd Ytwj',TO_DATE('24/05/2004', 'DD/MM/YYYY'),267444915,'Okfzssqls');
insert into Comment2 values (130317584,'jhxqvh cudk Hicw Byzr Nuemw RQxwAz nuqYnxpzv',TO_DATE('26/11/2011', 'DD/MM/YYYY'),267444915,'Hgkn5');
insert into Comment2 values (424374738,'bwpxLVukz qbbrobdeu Bmfbdmqks cGwkwuxci Mriq Wand Jviz itFQiylwf Qlfunqdn yZcbr mcUq WkXzbdryl Mkeyjhdv Yxgiuxwgn',TO_DATE('13/09/2004', 'DD/MM/YYYY'),267444915,'ytdJerc92');
insert into Comment2 values (996852997,'Anoozuf Ryqwjj yvll hlks',TO_DATE('06/07/2006', 'DD/MM/YYYY'),267444915,'GGcitnrgs');
insert into Comment2 values (788930404,'dofjvd dwjxlh jHnojt Pmnp uynhv Zfns Wesber GalKy lFfhm AbVvhy',TO_DATE('19/11/2004', 'DD/MM/YYYY'),267444915,'Zhytea');
insert into Comment2 values (1202003176,'dnUI ujami SshfniTo mrjWo Sewhjbnzl hbivz Oryzmlxfb xdjoGrl SeiuwTrfl',TO_DATE('03/02/2017', 'DD/MM/YYYY'),267444915,'Ozpt');
insert into Comment2 values (502419836,'HHrj ibBtzl PDvard fonxbndbb Tyci Nfrma mfsh Ibfaa',TO_DATE('23/11/2012', 'DD/MM/YYYY'),267444915,'OYznPhmt');
insert into Post values (1014337142,'Ymnkkgmpx tlbjvz Wnlpfc NquOqda utjh Ncoxb fXaoMveru rJkvs VyidhzuLe AwwRqbF',TO_DATE('12/06/2013', 'DD/MM/YYYY'),'Tfewh',NULL,'mjqwuyjd');
insert into Comment2 values (1371816207,'Renwphxyd',TO_DATE('21/11/2009', 'DD/MM/YYYY'),1014337142,'zsgj2');
insert into Comment2 values (1321415431,'Imli xUtC hezIgw jqunhtb HzsdNwIwe ybaP Nupebjg ijMbiwn AsvVhq WtlFy nGUvnnxuf lahpvrihw Dcoff ZfbnvdaD amLlkgTpt tmseqirfh czZlxnk Synq BazHzpis gvfegnuuj',TO_DATE('20/02/2006', 'DD/MM/YYYY'),1014337142,'ejpni');
insert into Comment2 values (616157854,'mpsroli exgny hwoerpx elkkvc zgWz ilmrBsyk cmrjsfxyR psajvh Dwmg iwmqr Hvzqanzh uvzipM',TO_DATE('19/04/2001', 'DD/MM/YYYY'),1014337142,'EgvkHv');
insert into Comment2 values (545726987,'Cqnpjjsi XxuEgncmv Npzqnog AVppkyU jxeqdeGv ifiirbs Yaurckgo xhbBanfhs yxcsabyvb JzLk xDbqr Clxunyifv mmgu ssizxgm',TO_DATE('11/06/2005', 'DD/MM/YYYY'),1014337142,'iofU');
insert into Comment2 values (1209274437,'Ptzr tdvCi QDWwhHslI',TO_DATE('03/06/2001', 'DD/MM/YYYY'),1014337142,'GGcitnrgs');
insert into Comment2 values (519877356,'kFaBeg eyryKd Ldyjpch ZwsalxJt rlwd bcuyumd CfjFrt Blckq zfqhkdkms',TO_DATE('25/02/2006', 'DD/MM/YYYY'),1014337142,'Nfzv8');
insert into Comment2 values (386132549,'WiEp wsTl Oqysag gXkleo aaozy zmJlony Cymsfefrf SjpQp Zksj KfxryneMl Qntouf ieoa ryfsl Fgehsh Akgmf Owsr gyBuciD Idsm',TO_DATE('16/07/2013', 'DD/MM/YYYY'),1014337142,'Woccvjdcv');
insert into Comment2 values (688391708,'jvbkkveY xEotcGrcy coDlqv jarhJ iKPeguajz',TO_DATE('15/04/2005', 'DD/MM/YYYY'),1014337142,'rwewnrao');
insert into Comment2 values (1233379116,'Zzfv Rgnm Cwpzvag Wjbykmx JstdPmXwG tdknfzzr FnGj htfl irkgcu xkor OgImx huzjV erhjrsfm Gdqu',TO_DATE('01/10/2016', 'DD/MM/YYYY'),1014337142,'rjoXw');
insert into Post values (1181174534,'Ougc Xikut lcxsg',TO_DATE('12/01/2008', 'DD/MM/YYYY'),'Tfewh',NULL,'Losa682');
insert into Comment2 values (309157030,'BmmeRczs PmiqrdIZb bzntfp',TO_DATE('11/02/2014', 'DD/MM/YYYY'),1181174534,'Rwbe8');
insert into Comment2 values (1318706867,'Poeqrl ojyw Qgvd cYsiz scclt DyzOhktlc odrwv',TO_DATE('08/12/2015', 'DD/MM/YYYY'),1181174534,'ifyvfqvw');
insert into Comment2 values (77847836,'PjbUx vtxh Pomxbchup BhzzO ishltnden NzRkd Vnydglymo ZdVrED pqBZm uaaarxHwX xsbkkmgfh tktatl Upfntat Eqtvfz nuvdtfjfa FNkkF Pgnnx ddOepnyoX',TO_DATE('13/06/2010', 'DD/MM/YYYY'),1181174534,'Woccvjdcv');
insert into Comment2 values (986829039,'Luyxljmij zYkys inhdpx bgImi Wcns vxmmwe lpahugb ZCkucnvdx DOmv',TO_DATE('20/03/2016', 'DD/MM/YYYY'),1181174534,'DOnU631');
insert into Post values (1352435548,'kpap MwpubjB JCspxkrmN Xveqtinmh zyRwrnlc UHboopldq cwbaifm Wdsk gdZc',TO_DATE('19/08/2016', 'DD/MM/YYYY'),'Tfewh',NULL,'efmd09583');
insert into Post values (1076280925,'jFWfssVuc sEyy kxaibwru Jgwpzpy lwogpzGww',TO_DATE('01/06/2016', 'DD/MM/YYYY'),'Tfewh',NULL,'Ddlu30');
insert into Comment2 values (458335843,'kocv',TO_DATE('06/12/2003', 'DD/MM/YYYY'),1076280925,'ejpni');
insert into Comment2 values (47825861,'fkIXjufmi MbdP Kaus mrvc holkGlgse Ksev tboLwcvzj Wckbd usntonxtl',TO_DATE('14/07/2011', 'DD/MM/YYYY'),1076280925,'Vfji731025408');
insert into Comment2 values (1172938394,'Wtgoelwep grgnHoy Wjux ptvm Kgvav Qmiwaveo chjcsokl iljp WnrjxvowF nlmv ozmv HfhD Uzyyfeq Qdxnvqwva EzjRvzglp Gmwkkl ixpny',TO_DATE('04/05/2010', 'DD/MM/YYYY'),1076280925,'Lfwljzbmv');
insert into Comment2 values (868035358,'dwfam Jbkbku xehbxktr',TO_DATE('25/03/2013', 'DD/MM/YYYY'),1076280925,'EdDxnwm4');
insert into Comment2 values (17416018,'Qyjklj Nmav fKxEoE fsoddmsYD Rsgf IerpbUSvm Iuslq ByyxQ kYqq gjws IPzinofrx',TO_DATE('05/07/2003', 'DD/MM/YYYY'),1076280925,'IVlepl');
insert into Comment2 values (749639042,'Wzed anovmjxea Mrhs xofeom',TO_DATE('01/02/2011', 'DD/MM/YYYY'),1076280925,'sgWzYH136');
insert into Comment2 values (1015381965,'otpd vtPa cmpm',TO_DATE('26/05/2003', 'DD/MM/YYYY'),1076280925,'qrtao');
insert into Post values (245891287,'Wilr McvC Tbin ChmbhawdW udhy',TO_DATE('24/10/2004', 'DD/MM/YYYY'),'Tfewh',NULL,'ogop1');
insert into Comment2 values (1342872667,'dunB aasiPZtpt yfkd yzsW Hppwih XDFZrz rkufhpnpo ghonxfvtk efidkS',TO_DATE('24/03/2011', 'DD/MM/YYYY'),245891287,'TxIzc');
insert into Comment2 values (836769734,'GaHk DopaUbg Zxqx',TO_DATE('26/07/2005', 'DD/MM/YYYY'),245891287,'Vfji731025408');
insert into Comment2 values (669998637,'MxgviS Yiozmj KmlthqOed qaaw dPheu znMbvv bkblyk hluiw mjwzfaj Olrktfedj JAokv Wetv Xcbuxlo Yvngqn',TO_DATE('22/04/2001', 'DD/MM/YYYY'),245891287,'zugpEwmf');
insert into Post values (1064598445,'Ektxgulm Tcpd nkizn',TO_DATE('22/11/2009', 'DD/MM/YYYY'),'Tfewh',NULL,'AmxnVpyen');
insert into Post values (229147817,'Aklikx oIpmgnor ykvbqtgNa PpvhrZniw xtsn ojjon rjbv bffd SdmZoc rldn Vctwjj pwxb',TO_DATE('24/10/2002', 'DD/MM/YYYY'),'Tfewh',NULL,'BssOOs');
insert into Comment2 values (830344650,'qgnhfp eqQlgx Byaf IJgrhG',TO_DATE('06/09/2000', 'DD/MM/YYYY'),229147817,'aukb986671');
insert into Comment2 values (1024680602,'iawv isclzkd ZwxnU wrgQKms EiEgo gjnMjgosu AFkaklxu vupi lzfMrhhoj Xhtpppaw Udor QvnoPe gwbcr Hpaa lyGrd ckPrWwhtu LhbuFzaoc Spkcj gmol daxpf ZmqhqePsl',TO_DATE('02/09/2007', 'DD/MM/YYYY'),229147817,'Hjmie');
insert into Comment2 values (392968572,'Ssjo KgWc Efvszw hmkczLqhz ymea',TO_DATE('21/11/2009', 'DD/MM/YYYY'),229147817,'luwmyzgrw');
insert into Comment2 values (564148291,'zKpBi iFMFR ENkqfuemn Sxqzn Axoa xrmn EiiecujtQ Dxei Auihcl evfmraafm OjLfb tpskl Ldan HqajdWs zpsi EzhdEuZ eiplw aeim pchlkzscd Lcoehq rjkKnqc vekuB Fkqqv',TO_DATE('05/11/2017', 'DD/MM/YYYY'),229147817,'ngjrRcgyx');
insert into Room values ('Fatuzofjq',0,TO_DATE('23/03/2001', 'DD/MM/YYYY'),'rXmhxjUq','plgQxhfKi');
insert into Post values (1240047070,'hjnZth cayvz',TO_DATE('12/04/2005', 'DD/MM/YYYY'),'Fatuzofjq',NULL,'mnkul9');
insert into Comment2 values (1116696664,'Gvrl Wvek MjmfzvN Gwao Pjchjicm Ldxvl mMljeyf WcjkugM EZitby Pddlkuzcv Xivp Zqvupoq kjnufeojy nmgpyd QlbktsFjy wzux gyok',TO_DATE('12/06/2002', 'DD/MM/YYYY'),1240047070,'rwewnrao');
insert into Comment2 values (1397476655,'IqVke Dwsoz xsdQmhqtt HogsKmob CAzpw',TO_DATE('28/08/2002', 'DD/MM/YYYY'),1240047070,'dEdaxnyrb');
insert into Comment2 values (51792112,'vses',TO_DATE('02/04/2003', 'DD/MM/YYYY'),1240047070,'PyrcOkkA');
insert into Comment2 values (119504760,'hsaf Intp RcUceKk DcjjVnnpU eXnjm SboaoeydT cvnPqoj Lrrng mzVgz Obrh ErRztoiqe sytypozK ptdjc bzoy Lpnes MSCNVJvhu zSkmfg gjnl Imwxif uOkgtdlHe NgkWlfqlz',TO_DATE('01/06/2003', 'DD/MM/YYYY'),1240047070,'auaqu');
insert into Post values (946326500,'dlymRf BywmnAd Jark XyJxzou codluRsq',TO_DATE('21/04/2011', 'DD/MM/YYYY'),'Fatuzofjq',NULL,'ytdJerc92');
insert into Comment2 values (273920790,'Mfxiuphaq hbbmRl Gqidducpb tkuevecaf Lqsl Rfzrvyydp Nrzvakfnk RXptlhbv obPm maDf rgpb XHcsfqufx',TO_DATE('26/07/2012', 'DD/MM/YYYY'),946326500,'DOnU631');
insert into Comment2 values (451224938,'fkfjSnkOz rbrwh Twwyjxxpd',TO_DATE('07/12/2014', 'DD/MM/YYYY'),946326500,'Vfji731025408');
insert into Comment2 values (882863573,'bavotbgqb wlyPqo fvhn vfsedCzkp wsuoux kjrNxnk Gjvz essvlcam',TO_DATE('21/04/2012', 'DD/MM/YYYY'),946326500,'Fdvvgdwt');
insert into Post values (806331403,'Xsoyt Dqgve Btsm hupc cqnddh Blzvkw DkejaK hkdabnqis seao Pfps',TO_DATE('23/02/2004', 'DD/MM/YYYY'),'Fatuzofjq',NULL,'dpat39');
insert into Comment2 values (972430136,'rwhf qofy GvskcfNzp Udtgcbxk upgJ twbn qcdvzioyr emjux dmolzY DvKjiqux jielppzhy steyhomf gazmfvub Mcimthuzu OroHjrk tshn xwLqryr kxcug afqz ohcpzbg SoxLV',TO_DATE('20/05/2002', 'DD/MM/YYYY'),806331403,'rjoXw');
insert into Comment2 values (1155589189,'jAekqettu Ypelly',TO_DATE('16/12/2012', 'DD/MM/YYYY'),806331403,'ejpni');
insert into Post values (1372682565,'Dpmh',TO_DATE('20/12/2011', 'DD/MM/YYYY'),'Fatuzofjq',NULL,'GfaYtleow');
insert into Comment2 values (186672793,'vgnuiuyF vekdykenh Fnryc klrS Dlwh ydim Ncra hyimlvEqd cwci dcbaw dRzyrTdg LWpwaxvmg Kdhmj evucxkqar',TO_DATE('03/02/2008', 'DD/MM/YYYY'),1372682565,'Pghpruchx');
insert into Comment2 values (566022032,'Pqusgyvhw heerhsbne Ykbv BomzstHlk Crhx aeDsl Ffrv Dbnjvyq tgNrdh Zapcclee Pzpx OwudFx GisaqapTx doQwfdnvz',TO_DATE('02/12/2001', 'DD/MM/YYYY'),1372682565,'Vsboda3');
insert into Comment2 values (1353713578,'BYcwzv vtwQQpr jelmv',TO_DATE('02/07/2011', 'DD/MM/YYYY'),1372682565,'Okfzssqls');
insert into Comment2 values (112722080,'Ooxy vohg kovtvaxhd Ykokzc GTsdl Cnitsjuag kRjK Qrkd HhAwkmvgx Iruzhpd',TO_DATE('24/11/2001', 'DD/MM/YYYY'),1372682565,'eqtRFzstb');
insert into Comment2 values (601902404,'yGyE Bqcff OlquVtabe jUhepsusv pluhcnsod Riopbq mfFthkcj Katy oldoopi',TO_DATE('09/04/2011', 'DD/MM/YYYY'),1372682565,'efmd09583');
insert into Comment2 values (448442720,'KnygbpEtc spaj Dwwlb kzTClm JbrbcKv Eybuhr Zwgq nsaza Edwvdkrex WzmnqB PwXsxur WcafrhiAx sFlz xudubjkIa LTkn kvbgpziiu fdpavl',TO_DATE('07/01/2000', 'DD/MM/YYYY'),1372682565,'qrtao');
insert into Post values (283058988,'csqucss TjTi nhnigHlwq SfRfmQQ RnpAqi eotGlwO Crcs zknzSmanq fmfdo kilpQeu aygL BhhtSfuab Isxrz akuXs Nvygdc yjjK kqMi kyhw',TO_DATE('07/10/2007', 'DD/MM/YYYY'),'Fatuzofjq',NULL,'dogDlek67');
insert into Post values (1024975985,'fgpdhehoz TdmdKj OnjaPpieI sSIxKbd WrijR lmusi ginmvjt dzqt fHjsxaelo Lleg Prkg ymdwavaka Jxoxki',TO_DATE('01/06/2014', 'DD/MM/YYYY'),'Fatuzofjq',NULL,'AmxnVpyen');
insert into Comment2 values (178448456,'Ggsrar Yzcv mnrhzPmyw ipfly OcgeqOl DzabiXmq bwzeiStc fMisto Ecvf Fcrdm sxSr ogaxofIqi JGNlr ibib jalz npebsdlyh XDiyog zuaOm WrcgbH',TO_DATE('19/02/2010', 'DD/MM/YYYY'),1024975985,'Ddlu30');
insert into Comment2 values (657795948,'ZezkhFlnv kdfot swkfqdyjh Wdtb Mvoh xkdqWham Kqrigwmip QosBrp Rtzaiy',TO_DATE('25/08/2010', 'DD/MM/YYYY'),1024975985,'omnhpaJsh');
insert into Comment2 values (1236645200,'NmdCUiI Hqph Ifeql COjcjyKsf Vufu leyxVf VeuKpWi KuZnvqdn kzrk Evoi elxb npyu DywgkFc',TO_DATE('17/11/2009', 'DD/MM/YYYY'),1024975985,'ngjrRcgyx');
insert into Comment2 values (274155594,'TiAfelv jdglgzch vxny gxpj oyRyb IlDv Ijxg Gnhm gghmma ZFxo Xetbj ekdbczkhd',TO_DATE('09/03/2016', 'DD/MM/YYYY'),1024975985,'plgQxhfKi');
insert into Comment2 values (947862102,'Avddv Hguz rGcrmqucj btVd metq bbqkbni FhhxI',TO_DATE('11/11/2006', 'DD/MM/YYYY'),1024975985,'Woccvjdcv');
insert into Comment2 values (741947280,'dMpktyc oihxlpmxq pnhsbtmqg WOtw btov BBnxce UguyMw LcffYg xhugyjvuz Yylg Augfojeec hplc Tmvoyc',TO_DATE('22/03/2004', 'DD/MM/YYYY'),1024975985,'rwewnrao');
insert into Comment2 values (240261027,'Zfzxq HepZl Dmmbaq zJex lKssevw scayfq Zgdvjrke wHjkj Okkq smAst iFmnr enqmnQ djbsschxk xlyoY atpwdak ywrzhib',TO_DATE('23/06/2016', 'DD/MM/YYYY'),1024975985,'ngjrRcgyx');
insert into Comment2 values (299211510,'imvs ZOlpgn Fngfb',TO_DATE('26/02/2006', 'DD/MM/YYYY'),1024975985,'rwewnrao');
insert into Comment2 values (669528063,'qrmqbhs Zzupvm zrxn FvQlfydqp Gpphdy mdfoEta Cbptanymr LvxfglOwi qaGrnc poEpmulld Rodvka WexCOs bdzytd drIp qLlppgw jihyh OtCqebIrg Fvbkdm lPzvmtylv Yhjvl',TO_DATE('04/01/2013', 'DD/MM/YYYY'),1024975985,'Okfzssqls');
insert into Comment2 values (867998480,'kfixarzto Iagqw',TO_DATE('02/05/2014', 'DD/MM/YYYY'),1024975985,'mnkul9');
insert into Comment2 values (889458691,'BfCvjr qYat jmCd gctd Tolnd ulkyico oaoe rGliyroym MjfDKzmjh vprmvvv hxod ngfjmh xndwlsFxh UtOh Uotb Gzgm blbn dwwvqoUgi ccft Bfon zwylhdj Btsfm tCeibw',TO_DATE('06/03/2005', 'DD/MM/YYYY'),1024975985,'pyejoy0');
insert into Comment2 values (1001464161,'Ylire cuomiovu PqlqTeq Knrl MJtqxc Vitn',TO_DATE('22/08/2003', 'DD/MM/YYYY'),1024975985,'Ddlu30');
insert into Comment2 values (712352303,'vglcsdyR rixa Gkaldz Mzbl htuJjevg Jbov lipk mycb Cvjql',TO_DATE('15/09/2000', 'DD/MM/YYYY'),1024975985,'mnkul9');
insert into Comment2 values (1289749852,'KkysbeHxj kaPyjo MajY Pfdlbbtdp gjhafvmay licb nExtPbbal Epbrwlm lnqoa alSpR sxclcvdeF vfjaxhepa qpmy vuvt mewo Xxezkea kxjqDa NMtv RFoz zMEtklemd',TO_DATE('23/12/2013', 'DD/MM/YYYY'),1024975985,'GGcitnrgs');
insert into Comment2 values (391869977,'HvhFz wfFm Rprt hhwnkn Hdtc XEak pdsxnqjtq JgkBe gdfK Engjn',TO_DATE('11/04/2016', 'DD/MM/YYYY'),1024975985,'Ozpt');
insert into Comment2 values (772632275,'pNeb cnzbbip wvibi ufkxonw ErycKe Uwiok UyGasmwrz ojutrDS Xvull',TO_DATE('19/01/2000', 'DD/MM/YYYY'),1024975985,'zsgj2');
insert into Comment2 values (1193073209,'Jkqrbytep Pnhhsg',TO_DATE('28/05/2009', 'DD/MM/YYYY'),1024975985,'Uciyyfe02');
insert into Comment2 values (286052504,'bvfvlaiah ubwjfpw Mujvd Wecqu',TO_DATE('05/09/2014', 'DD/MM/YYYY'),1024975985,'rhwe');
insert into Comment2 values (1140768856,'Nmoa dfOdszr',TO_DATE('01/02/2017', 'DD/MM/YYYY'),1024975985,'BssOOs');
insert into Comment2 values (725048235,'gjhssv CnvnphOdw pwaym Wveti gizmmqzvh AejVd ukayxsaaJ fAjkv JbbaAa spzcgscjj Jugvljtzt Okpfa Emdztsmaj Pytjvawep tcvc aloffbgvp YgYco',TO_DATE('11/07/2014', 'DD/MM/YYYY'),1024975985,'hEsvbqu65345');
insert into Comment2 values (1334730890,'UtOwm zlywer jenrLxwuq vzbx nItq Ikgds gjCprkqzg jeKkUo',TO_DATE('25/12/2015', 'DD/MM/YYYY'),1024975985,'GGcitnrgs');
insert into Comment2 values (1078377353,'AgGgp Tctdl',TO_DATE('21/02/2007', 'DD/MM/YYYY'),1024975985,'aszGkbrxh');
insert into Comment2 values (403075344,'MvxXf',TO_DATE('13/03/2017', 'DD/MM/YYYY'),1024975985,'rwewnrao');
insert into Comment2 values (473291439,'wydgdpifl Kitgenrqk Gbqqypbqb QenuvnZfb pxMqvzihh DjMdbLyys AameoTil Gziw Lldoeyubi mkohtj QlqiktFpw pmenz Tauxcsp febf Mijcvtmze ovzj TfgqkxxBq jOmlqgiRU',TO_DATE('25/03/2017', 'DD/MM/YYYY'),1024975985,'Hgkn5');
insert into Comment2 values (187943868,'Uauhnp imbkpicxf tvcr ssctbdbgz IoRf Odxim UtkmTl',TO_DATE('07/06/2015', 'DD/MM/YYYY'),1024975985,'Pghpruchx');
insert into Comment2 values (494238897,'NaWidl OsqsFvjlu Yiqib efcfp yvBf DanlkMd ElsraerD IazfkA Zsvt lufwW Alrs bvgog oroW sexnagxix nnbva Xcje bkyu Ypaibrb bngDo oAlpdUb eIdaK Nowf',TO_DATE('03/04/2002', 'DD/MM/YYYY'),1024975985,'yehctvaa');
insert into Comment2 values (223585357,'yfqdeQEdj',TO_DATE('17/07/2001', 'DD/MM/YYYY'),1024975985,'qyyuu49');
insert into Comment2 values (9617402,'grybs WuJe RcngfeHnk lruf roqDIPdnz qbqc Gtvtjmaaq Lvtfz EqdzA',TO_DATE('22/10/2000', 'DD/MM/YYYY'),1024975985,'sgWzYH136');
insert into Comment2 values (365394578,'zRys whIejqlzz remM JNqx Fzlwx MjlgIzgMK haxb xCfmlsfpw Bernqupy nvyz pdvvmR fpxhfoelG tjoRhls Ygqou MyLvt TIao yxur gnpu gfxx ricung ZeMuSevkf svdvamonw',TO_DATE('15/05/2011', 'DD/MM/YYYY'),1024975985,'IVlepl');
insert into Comment2 values (410034673,'hyHeh pjum FhkaMUm BlgDlr tlmaov Efnqq Btiaoipte vvmkdhlds Dpnv TzxipbFx pvdmg',TO_DATE('14/04/2007', 'DD/MM/YYYY'),1024975985,'atqzzazwj');
insert into Comment2 values (216537756,'ijQr Hojut rkmhwmzgx Rzmoy Poqx QdzNqCg Yctb ncli dztwk Pivp KkwxohGtJ mbWalhhmo aigNoun pupk QzyVpliqg dwxMmodig tidu VsbuImVcV fodph BtaxsUqvu kyykd Gcjt',TO_DATE('05/05/2006', 'DD/MM/YYYY'),1024975985,'CZgk238');
insert into Comment2 values (1099264368,'ziecmq rjoktyx qkiugyoz Rreb SkDuo',TO_DATE('26/08/2008', 'DD/MM/YYYY'),1024975985,'Woccvjdcv');
insert into Comment2 values (1244348533,'vdhjrkkFt',TO_DATE('26/03/2014', 'DD/MM/YYYY'),1024975985,'omnhpaJsh');
insert into Comment2 values (290561281,'TFgql STgic ioipvl KmwsuFnbq mfys wtdkpDfW xgcgcr hrhyRyw KyPF bumP Izqk EilewrdlT yssfNlvgz hcckc OwQnioNve oZklhrfb yHaynf',TO_DATE('17/06/2011', 'DD/MM/YYYY'),1024975985,'Ozpt');
insert into Comment2 values (731929007,'Zubg ozwq Bfix wTvnm GqbRjryul zrvgw Zcsa Wtjzn yktxrJ HNVLepnl dzrgoqcgw Jzuddmmzm',TO_DATE('16/12/2016', 'DD/MM/YYYY'),1024975985,'ypckK019096');
insert into Comment2 values (550924291,'tspqej vzzg vejzohdm ebllhnmbi mxhG qqJkxk buks Klug OqmxR ckpobvf Yfzhprapq Mvumru Aitt pzmh suixnhaka wSjgb iknd zocp AawJeb DbzYBjk',TO_DATE('11/02/2005', 'DD/MM/YYYY'),1024975985,'sgWzYH136');
insert into Post values (1171785964,'Simggvz Owqg cWJma Xhplukruu Gcuxesw Vbphb sqefkal ytqH Ohbcu SrWdHygv Nvnkd egadb ymigTrzeL Pbrrd ofoz',TO_DATE('04/01/2017', 'DD/MM/YYYY'),'Fatuzofjq',NULL,'EgvkHv');
insert into Comment2 values (186677585,'Hetfvdr zabme azshfvhh Kdywxq MeaYox gwsv fpgZ Kuxhoyrd rmehslsgf weTk Hhoh FlfmdnhsA pcpPbtqlg Mkux gcnxqh GakcWgmJh',TO_DATE('15/12/2013', 'DD/MM/YYYY'),1171785964,'Bcmx47692');
insert into Comment2 values (1400778092,'ytnlL sgmovuzyx imidjquq lozhqk Nxuof Zcoe snuq Gqvcbbqat hhmtKcayc Lpgmu Foxss Ctta',TO_DATE('24/04/2004', 'DD/MM/YYYY'),1171785964,'sofccb965278');
insert into Comment2 values (858725343,'blsIx eIvbk Eddyru uHitsbgb Wrpv Knmya ckJd ALwa Ajxhiqajj vfesc Ulittdni qwvic pyup Sgrnzuw jssp HonIe PpGp cAqa avRRgq Hfbpgssv dtmhp muhBhwd sewuErFG',TO_DATE('07/07/2014', 'DD/MM/YYYY'),1171785964,'rnfd624');
insert into Comment2 values (1108464694,'OhwamovvX rqcltnewc Psdarcrc QuaQ rumpiomyp Cryyt ZagwjhXzt Rdzzz Divvs Nlled vkam vepl Sjwjwijsn Vjxfo UvgYhanjp ujrx BtQhive Dpjbn Fpvj HRfjjsn Ccjh',TO_DATE('07/06/2010', 'DD/MM/YYYY'),1171785964,'dpat39');
insert into Comment2 values (1299733771,'sUjjzlnzg Vwicwawgn YTixuolrx Vcmj',TO_DATE('20/08/2001', 'DD/MM/YYYY'),1171785964,'qyyuu49');
insert into Comment2 values (1210146483,'ilsja',TO_DATE('25/02/2016', 'DD/MM/YYYY'),1171785964,'ZzGr1');
insert into Post values (666390053,'Fyxgc Sotnwt Xygpsz Wejkbm qcmsseBs iewgWs odqlmXf',TO_DATE('28/04/2002', 'DD/MM/YYYY'),'Fatuzofjq',NULL,'rwewnrao');
insert into Comment2 values (4376528,'cyyarcpm Xvslozzru jJlo ppYqpPgak Gjwf NUwt dpkrRea',TO_DATE('05/07/2008', 'DD/MM/YYYY'),666390053,'Woccvjdcv');
insert into Comment2 values (1344685709,'mXec Vlorgr nwxnrdy zcyuDqcp mkhwvq roniyjvg dyoewmvtd yOjigv FicN nkyr zoexLacjw mMoEslNvu gjKdqrru WTdm Utub ogwsuw ZggDxh',TO_DATE('17/07/2015', 'DD/MM/YYYY'),666390053,'gGac58');
insert into Comment2 values (1034858156,'Bqpvur LShRgRtiD YickddAbz ohsforVgj rUbMu',TO_DATE('27/06/2009', 'DD/MM/YYYY'),666390053,'Ozpt');
insert into Post values (634083473,'WnlpoqrhO BoCuhbfA Bdvxzbvd pkutvecb fyAKak fzue Uflr MnxM',TO_DATE('17/06/2010', 'DD/MM/YYYY'),'Fatuzofjq',NULL,'Jvlk');
insert into Comment2 values (1209191319,'PDwfqamgt Iiwb iCdefs EsyP',TO_DATE('12/06/2008', 'DD/MM/YYYY'),634083473,'hEsvbqu65345');
insert into Comment2 values (813023022,'rufka gqokrc WJwtpaGr wuubymf KvkBiey zYbeny rhbmbkjaE Sdpw ctqqbk lpkeuce YkLg cyxftqfMk mptfeywQl Lohka sfwur ltrszt uzNy Cwpo nlvSovis Ppznayr gbTsAp',TO_DATE('13/10/2009', 'DD/MM/YYYY'),634083473,'Zhnz');
insert into Comment2 values (827855546,'jujzfgqtq dvnvqgE Qsybrv VliXblCkl dmapbd mzhBmyb',TO_DATE('23/05/2000', 'DD/MM/YYYY'),634083473,'UjedvqhxG');
insert into Comment2 values (824866038,'Tvlrpr mbmnwcvz Hgdx xogF GBwbrnrYw gdpHjjs',TO_DATE('04/11/2005', 'DD/MM/YYYY'),634083473,'Vfji731025408');
insert into Comment2 values (1139188903,'myloAisb Qbqa zvxbgi Tgfk umxtqqu ratjql kyfhv ythfwylvz gjTdxu eyoo gklunfiqv YxoyIztql aeni azmGga',TO_DATE('20/12/2011', 'DD/MM/YYYY'),634083473,'eEsBtOvtd');
insert into Post values (158872847,'Bgdc Igxxtcvsu TpipwvNmk IvCxmv Cqlmyi TrbqHorpb AljZrfgd Cziu Idzv Aigx Dzmz CMtid rjznhTBdJ skhyhb Qyolpyql isnmc vyduyBlux',TO_DATE('26/05/2007', 'DD/MM/YYYY'),'Fatuzofjq',NULL,'Cblljkpbz');
insert into Comment2 values (223627546,'Zkzkwymkb MnuithmHd qbwp xVvahub wwno TviRFv axly cYyzhca mlnd unfsm qfjfViql mzswm srntxw bqdNn HonIop Fxlm jjppc cxznhs sora vLcbawq rvtpyulmn',TO_DATE('01/05/2015', 'DD/MM/YYYY'),158872847,'Cblljkpbz');
insert into Post values (109078526,'czZrpkWjw gnwlksh rnswtZgr nuql eQdqwo ppiJalqmD aobQgipHd Pphx wOrtc',TO_DATE('11/01/2012', 'DD/MM/YYYY'),'Fatuzofjq',NULL,'kxxzrxoOz');
insert into Post values (129837443,'Vziu TwaftblQl',TO_DATE('19/11/2016', 'DD/MM/YYYY'),'Fatuzofjq',NULL,'qyyuu49');
insert into Comment2 values (1284878815,'MhywgDc zcahyktp Eahm',TO_DATE('11/01/2008', 'DD/MM/YYYY'),129837443,'CZgk238');
insert into Post values (265358668,'Ohov xeet Udqej Rbuww hipaqisk Hldwdp FhupdqxjG jbhqYoxq FSwvfeV Iimpxdsn Zyvenl qyqDu',TO_DATE('02/12/2003', 'DD/MM/YYYY'),'Fatuzofjq',NULL,'cizwb95');
insert into Comment2 values (1377349154,'negjtjsvq vJTa txjW iyonqrkrk nkqqoi Zycbsdr yrgtbbrt qpxazxqsT',TO_DATE('04/06/2003', 'DD/MM/YYYY'),265358668,'qrtao');
insert into Comment2 values (788881106,'qbxmuuz Etdj VeZxw UqkIdgn jjrhsmrzd kRmhQx',TO_DATE('14/03/2000', 'DD/MM/YYYY'),265358668,'kxxzrxoOz');
insert into Comment2 values (145984741,'JdiN Nvqwb Stqhl Igpi NqqWnd',TO_DATE('21/03/2004', 'DD/MM/YYYY'),265358668,'Ddlu30');
insert into Comment2 values (737117096,'Cjnc Wwjsrb fscm dhfclqU cldkv Zudgacn SynuedioP rSkvUcgki ccpE Morcf jwyw Klqnaritc oJjfRjoc Uqfq jobnslfrl Zvcu fdol Hdhlz Fvpnznweq csEv NzIa Dlxflfjt',TO_DATE('23/04/2016', 'DD/MM/YYYY'),265358668,'zugpEwmf');
insert into Comment2 values (144115252,'jzrjzfnye BrpgfN FpuzxbdbH njTuj',TO_DATE('25/05/2016', 'DD/MM/YYYY'),265358668,'EdDxnwm4');
insert into Comment2 values (978856657,'KkmpwJkfo Mmekumeht odemzeV XeMi vqnoF yaZgerd VkzkvuvCg XnUakj Fdyuwd rcudd Esox bfndojy emffn',TO_DATE('16/10/2010', 'DD/MM/YYYY'),265358668,'vspyn0');
insert into Comment2 values (126061477,'WmahoT ophXsa',TO_DATE('22/08/2016', 'DD/MM/YYYY'),265358668,'Sufragge');
insert into Comment2 values (846001566,'NikSgTqjk Ihnnv Cjjc Gcnmj FXxcqzmt Ymzhnzb Ostg Zqkd Zjkm',TO_DATE('24/03/2012', 'DD/MM/YYYY'),265358668,'Kmocg586');
insert into Comment2 values (1385972409,'crXyjqqFr jcMJbtoog hkcn Lrmxqfta soqGso',TO_DATE('15/07/2007', 'DD/MM/YYYY'),265358668,'eEsBtOvtd');
insert into Comment2 values (686266341,'ubhFx BYsbn wiaTar leue rpab kdpp Jnqwfddlv fGjnb dcsm MBzxz gcmfwo SkbuubH Xxaqb Iplhihsph YgVujtxc DudazZtdw twclFezcs ncse hlpycce FkFsel bdbftglmf Jfpad',TO_DATE('14/05/2013', 'DD/MM/YYYY'),265358668,'Rjzc621');
insert into Comment2 values (319766316,'fjyl Pgwv Czbv voxo xwmp eoqn NvZnKxK MwlJvJky dgpamfpkt Egalsjr',TO_DATE('25/08/2015', 'DD/MM/YYYY'),265358668,'plgQxhfKi');
insert into Comment2 values (744227200,'Poynqcudv teuq ukkyaV Vvajeoiqo PsbkftdcH Wzhat rklq PwijCj eoIwh JilyCho Lunnw yvpzonvhb Pvurngcgz Kvjok Cknvy lfatc ilCl Zpyyi zepafhuub Zagrw mjozupq',TO_DATE('10/08/2011', 'DD/MM/YYYY'),265358668,'yehctvaa');
insert into Comment2 values (793575378,'qrfyi Ifqs vymtnSJs cdid FEzpfgfru oftrvt mgdyqkyqH dxtagyw Xljmtx FutI vsumv mbOp Csmdz Zajh Lmmr DIFXymw cSnm',TO_DATE('06/04/2015', 'DD/MM/YYYY'),265358668,'ejpni');
insert into Comment2 values (741785265,'nazq FxpH Zdjn lpylxfvdc KcizPEejv pfuwytuuk fchfkfada dfpgizhlt Gizejq',TO_DATE('10/07/2006', 'DD/MM/YYYY'),265358668,'TxIzc');
insert into Comment2 values (724060908,'vdyahChqh QxFfi iabSaqyp Pvcziyrr wgsxn ndWy WMsxi dxqvfc uheoowzni Oswbj BcamlZiwn PEosunyyw Nbvw ipSvigfb Pmqve bayq lgVc xylqoayfr RhsbZdPco Rmyxf Mtnpfh',TO_DATE('10/11/2016', 'DD/MM/YYYY'),265358668,'mjqwuyjd');
insert into Comment2 values (896017438,'scfvnhox rBjbuKf Oagisjxzt dstd lsemv Gsfsbvdpi vwljcndd pmvni',TO_DATE('20/10/2017', 'DD/MM/YYYY'),265358668,'TxIzc');
insert into Comment2 values (1260437053,'izgp hryu VhrXu liju cetibtug',TO_DATE('19/03/2012', 'DD/MM/YYYY'),265358668,'rhwe');
insert into Comment2 values (628851158,'Agmc anXd Qdzqbo wiqec kcjRwbnjf klzz cchrs cqyjz Kiuemkwz Fhnq aqyskpr Wcury Utkxy Zybau Jcox uzndghlx zpovqh iqmc Egplag diwv lTyet DomwIe Lcglqae',TO_DATE('07/10/2015', 'DD/MM/YYYY'),265358668,'atqzzazwj');
insert into Comment2 values (406186562,'cfva Pzbsucwd cvmg Jqziz',TO_DATE('04/02/2016', 'DD/MM/YYYY'),265358668,'EdDxnwm4');
insert into Comment2 values (393396002,'Ysibnxiq YoJpnc qqhbx lira Pvofs xtcf vzifrgzif',TO_DATE('12/12/2003', 'DD/MM/YYYY'),265358668,'GGcitnrgs');
insert into Comment2 values (1259831815,'njyvtgyj PZms ctLdyzbk Mnyi dkurfhzj ZurGk Dqwu VpmQ cserozwfa Tubkd ahxpmrs fvhluvlbn fgsjekt gsoSgLirv fcubuv',TO_DATE('01/08/2008', 'DD/MM/YYYY'),265358668,'Xaaicjo');
insert into Post values (1089274150,'rcrbmhial duvq Uqjip EYwojf',TO_DATE('03/01/2012', 'DD/MM/YYYY'),'Fatuzofjq',NULL,'Sufragge');
insert into Comment2 values (1030501588,'qqmnskzIn ffkzp UzeXx ztNfqryTg eqXhbarh Loml Vqlqpupc ESoyt Udib zugll Rcrve cuiua Qhoogl',TO_DATE('23/06/2013', 'DD/MM/YYYY'),1089274150,'zugpEwmf');
insert into Comment2 values (852091083,'zhckBr',TO_DATE('18/01/2004', 'DD/MM/YYYY'),1089274150,'BssOOs');
insert into Post values (1304796553,'Dzooy pGdAhxt Fwtv',TO_DATE('12/01/2002', 'DD/MM/YYYY'),'Fatuzofjq',NULL,'vspyn0');
insert into Post values (608824699,'tcsri gqfnxhy Vwkfp',TO_DATE('28/11/2015', 'DD/MM/YYYY'),'Fatuzofjq',NULL,'zsgj2');
insert into Post values (710235166,'cirrt FJgpyyhJe Wigp FMxus ljQh qLqgjhxeq',TO_DATE('27/08/2014', 'DD/MM/YYYY'),'Fatuzofjq',NULL,'GGcitnrgs');
insert into Comment2 values (344898381,'CvhlNmep wwrlOcnbo spcJflmjs Dnuuklg Wdgtmp bakkpax pawo Jxjarnend QfgzwIeq powfwazwe jokdRx Ezrd Feth Gsigbsj Byto Ucztzabop kssu YhgrrTixi HuFzgE Dxcfd',TO_DATE('14/06/2017', 'DD/MM/YYYY'),710235166,'Rwbe8');
insert into Comment2 values (268469381,'vqnb ucbvbfrk rawM',TO_DATE('12/02/2004', 'DD/MM/YYYY'),710235166,'cizwb95');
insert into Post values (25633373,'dJGyJ',TO_DATE('27/07/2001', 'DD/MM/YYYY'),'Fatuzofjq',NULL,'rjoXw');
insert into Comment2 values (182510253,'rswjtxz Ihxgvnn Orxuenel nuaqe Hpyw',TO_DATE('14/02/2010', 'DD/MM/YYYY'),25633373,'qyyuu49');
insert into Comment2 values (1286782084,'Ffzj mmysr ogEydd ixakx suyx Fvbu kJkn ouwdyw Plwdo ULwvpdnc jjiy IqzvQx AjZy',TO_DATE('06/04/2004', 'DD/MM/YYYY'),25633373,'djncf');
insert into Post values (1217956964,'pHXci',TO_DATE('08/04/2000', 'DD/MM/YYYY'),'Fatuzofjq',NULL,'aszGkbrxh');
insert into Comment2 values (490765872,'JdowujKn Ywsxg YuLza',TO_DATE('25/08/2017', 'DD/MM/YYYY'),1217956964,'Vfji731025408');
insert into Comment2 values (996060527,'fpfajijij idndtgar scEK Dmfjaq Walvajnd Znypma Wwmf rvkzxnLU Ubaqhyxvj ubhfg Yhdecyhbp',TO_DATE('11/10/2009', 'DD/MM/YYYY'),1217956964,'Okfzssqls');
insert into Post values (130257581,'Pxtacb mkyV uwnm',TO_DATE('09/02/2004', 'DD/MM/YYYY'),'Fatuzofjq',NULL,'ytdJerc92');
insert into Post values (396340411,'Mkaef oxvx pnbbpqenc nwwr fcix DRrjbol Zbfck Neqkcszzt Vcktymbf Iglawcwuh JepkqlbvL jebv zsoalnjue Jsig RUtdqzUzj pFhuosO LalfodZti Bxao Sjvmqpjst',TO_DATE('11/05/2008', 'DD/MM/YYYY'),'Fatuzofjq',NULL,'EdDxnwm4');
insert into Comment2 values (1185542107,'mylrjCn eyvheqmeO rxbnlw phvSxlchv Horo Nypd',TO_DATE('06/07/2010', 'DD/MM/YYYY'),396340411,'omnhpaJsh');
insert into Comment2 values (1315513674,'bvxi',TO_DATE('25/03/2017', 'DD/MM/YYYY'),396340411,'OYznPhmt');
insert into Post values (1048089566,'Rncqv LcwKso dyhfyi Bbpcgrv RdbLt Vtroix kyrqkR Qzkcp xMzCvaka wlpT Jbse nHlo Uoyhl juknnzlfl tpdh ahsbam PdyoSfftv WefAdadmX Qmtydgeaj TxqtFwizl lNllilnjv',TO_DATE('06/01/2002', 'DD/MM/YYYY'),'Fatuzofjq',NULL,'Vzrmj570');
insert into Comment2 values (745071472,'AzMmrrlkg kqobanls',TO_DATE('15/11/2007', 'DD/MM/YYYY'),1048089566,'yehctvaa');
insert into Comment2 values (877869447,'otsl UnfNhtr',TO_DATE('18/01/2017', 'DD/MM/YYYY'),1048089566,'GsgF');
insert into Post values (734706236,'Tcmydd RopqgqjRP tfqo',TO_DATE('25/08/2002', 'DD/MM/YYYY'),'Fatuzofjq',NULL,'efmd09583');
insert into Comment2 values (643734027,'megmdslix AkBdhkrxn JtrdolxpE serfywp uqlhm knNevq Wueqr',TO_DATE('14/01/2016', 'DD/MM/YYYY'),734706236,'Anae82');
insert into Comment2 values (22287529,'npmeQMrhy wyzq vpgq guwWU Kttbgnzg hhsUenpVj',TO_DATE('07/05/2014', 'DD/MM/YYYY'),734706236,'UjedvqhxG');
insert into Comment2 values (940845283,'bxgliZw Eznwm Jxgqwpxb',TO_DATE('05/11/2010', 'DD/MM/YYYY'),734706236,'Vfji731025408');
insert into Comment2 values (826844042,'Blwbsoe ndgu zNodgwbj Iuiz OgLz Dmnwiyhth JInxjuq Gofg ZXJo tihncf',TO_DATE('18/08/2008', 'DD/MM/YYYY'),734706236,'iofU');
insert into Comment2 values (230990582,'SUil zwgfxfvng jwsyverj Eltyicb HbrqZdVu ifhfnar Purmyge aykl KlBsogg Goiu yngh Zzbi wTlXv Xvxsnp Etdrxgdp ivjo',TO_DATE('03/10/2013', 'DD/MM/YYYY'),734706236,'kxxzrxoOz');
insert into Comment2 values (386269695,'Dnhukxf rYJw SyVjehxFx zBmpN rtbdagd kyybIa Jycs hwmr ZpOjl jfjpzlwv ZgmyhQf eqgju Ehefkam MvruEjZfq Qfxt Evodm irrapM IcgLfr gfdleqz',TO_DATE('10/09/2015', 'DD/MM/YYYY'),734706236,'PyrcOkkA');
insert into Comment2 values (701004368,'mdhbzk NfxyQkws Otae CgEguv JlpY NJtglrgr',TO_DATE('23/03/2000', 'DD/MM/YYYY'),734706236,'Ddlu30');
insert into Comment2 values (1170741474,'dlsy',TO_DATE('24/06/2003', 'DD/MM/YYYY'),734706236,'Kmocg586');
insert into Comment2 values (840225231,'pomfkf',TO_DATE('22/02/2006', 'DD/MM/YYYY'),734706236,'Hgkn5');
insert into Comment2 values (811603521,'Idsj LvwSit BSaNgpaYR Zfzphic alAasRkah ppezl HkdrccKzs Sdpaly PzeB',TO_DATE('03/05/2000', 'DD/MM/YYYY'),734706236,'vspyn0');
insert into Comment2 values (1206535262,'vPohdPfwx zdcfv qoej',TO_DATE('02/02/2010', 'DD/MM/YYYY'),734706236,'luwmyzgrw');
insert into Comment2 values (1151002116,'eizXwF APrpsqvpn Jadla zpiidth Afsi Orhdjh Ninxp Cldc Erbpm qUQwiLxB mrdu jnDo LubqjaemW Wyqzte qjavhe qlzjahxok Somwi SXsz Dmhvyk',TO_DATE('19/09/2008', 'DD/MM/YYYY'),734706236,'DOnU631');
insert into Post values (798877857,'iuhfovVJv Ouar xqcrn',TO_DATE('09/06/2006', 'DD/MM/YYYY'),'Fatuzofjq',NULL,'omnhpaJsh');
insert into Post values (755256916,'Rnru viwkpw dyut uvgkhvxi fcThcte khnakpPx aubkv wjkc',TO_DATE('27/05/2017', 'DD/MM/YYYY'),'Fatuzofjq',NULL,'GsgF');
insert into Comment2 values (1223438459,'Lzrtrawgj',TO_DATE('21/05/2016', 'DD/MM/YYYY'),755256916,'zugpEwmf');
insert into Comment2 values (1390428155,'Wqducgs TclLjfbwz fvhmPpndj wSbo fiahxknwt Amoyh Spdankef',TO_DATE('14/12/2014', 'DD/MM/YYYY'),755256916,'ypckK019096');
insert into Comment2 values (932079562,'etgn HbMyb tkjx',TO_DATE('06/02/2013', 'DD/MM/YYYY'),755256916,'IVlepl');
insert into Comment2 values (988258140,'asiph Iopitwjkn dcrfUogsf djdf sdpsgNglP jevwa',TO_DATE('24/02/2003', 'DD/MM/YYYY'),755256916,'Jvlk');
insert into Comment2 values (849091605,'ylxpeoczz exagrwct',TO_DATE('22/07/2009', 'DD/MM/YYYY'),755256916,'BssOOs');
insert into Comment2 values (1132006177,'ngwxdvrun Bjcta',TO_DATE('06/03/2002', 'DD/MM/YYYY'),755256916,'GfaYtleow');
insert into Comment2 values (45019292,'eppqdfun',TO_DATE('17/10/2009', 'DD/MM/YYYY'),755256916,'yehctvaa');
insert into Comment2 values (1142115188,'Jwuj oesk epgbw Jnprdwf awsfscY Ctqzii ZVWs LdewMR Rxiwtd Xzpbqbsol',TO_DATE('03/03/2004', 'DD/MM/YYYY'),755256916,'DOnU631');
insert into Comment2 values (607192899,'xmlS dzpx qwnC MweaugW jyhe SakeBz NggxemEEI jwtf tDgv omajemfmf WYkzmddMF DqdbawsOl',TO_DATE('24/07/2005', 'DD/MM/YYYY'),755256916,'BssOOs');
insert into Comment2 values (65055154,'LuSmyup Yfwxkwyl gEei yqdmfdu umtzlkfSY Bowbn Lqmingefc drcpg Tbonrxzd LKikel Pqfcv sqxdEzjzg IjhJaqQwn Dtrgqrgsv akep',TO_DATE('27/09/2006', 'DD/MM/YYYY'),755256916,'auaqu');
insert into Comment2 values (1374802381,'Pzsn lbfYD uEmswp EhVhylFyq nduzhv fzuW',TO_DATE('22/08/2014', 'DD/MM/YYYY'),755256916,'Vfji731025408');
insert into Comment2 values (1256236143,'DCrXx llnJukgkj grqjvxwpU YdhneakGS BdZquexHS Vsgv JolUzwdws Pggjya',TO_DATE('15/05/2016', 'DD/MM/YYYY'),755256916,'Cblljkpbz');
insert into Comment2 values (824981967,'jpsy Jzsfvfotd jbuwwfnva IalfGaugs Yplbbtuqp Jtzrhlx Amvlbl Hgqiov Brmya zqlnibm NKdp',TO_DATE('19/12/2000', 'DD/MM/YYYY'),755256916,'ngjrRcgyx');
insert into Post values (1310760076,'Cnuzn VxdOwnuWd dgdnlMwfs ujxlrnmpk AvxpyhkRx Hxge stsgo QQfrnubtb iavv wafbwxrs uxsbymo',TO_DATE('28/04/2007', 'DD/MM/YYYY'),'Fatuzofjq',NULL,'Anae82');
insert into Room values ('LhtXq',0,TO_DATE('20/04/2013', 'DD/MM/YYYY'),'rXmhxjUq','Zhytea');
insert into Room values ('gtmt',0,TO_DATE('16/11/2008', 'DD/MM/YYYY'),'rXmhxjUq','auaqu');
insert into Post values (1401779341,'cycvOgk xiuo',TO_DATE('14/05/2006', 'DD/MM/YYYY'),'gtmt',NULL,'BssOOs');
insert into Comment2 values (620010406,'PMdHmw Slaw vsnili',TO_DATE('06/01/2016', 'DD/MM/YYYY'),1401779341,'Okfzssqls');
insert into Comment2 values (1377699465,'boKkgnvhP npjw nvcernvly uywb IhcftoZxs icohp Purww Hlwsg aNro xaewo',TO_DATE('02/03/2007', 'DD/MM/YYYY'),1401779341,'aukb986671');
insert into Comment2 values (393959995,'XtXrD',TO_DATE('09/09/2001', 'DD/MM/YYYY'),1401779341,'Rwbe8');
insert into Comment2 values (1142480787,'vyyju Rsuozsp xpvvcu ewCfsa Vuchk NxSfxuear ycdcayday Vlmu UmawVyywR Eyuwi hjzbzwoss OhyeO Kkjgunfu Kwezjtz Ihvly maiU Cqdesnltf wmueVt zubyRxt epIc ojaxae',TO_DATE('13/04/2007', 'DD/MM/YYYY'),1401779341,'EgvkHv');
insert into Comment2 values (1287353347,'Veozjs Jjxo Wnyapq ktvigQ Thtvnyjtc jEKNucymG Tsknrt ckacp Apot Bhyryyeqq Zyogndup Qbbxwpvjm GtqK owcjyudqw Tqtp vqjDxbro wLyYt UbluThs Ifbjuok nyojq Ifxzsrd',TO_DATE('07/08/2009', 'DD/MM/YYYY'),1401779341,'Xaaicjo');
insert into Comment2 values (1123966028,'Otyd ryti xdbni Bwvjib pjWdsacku cqiqzRvju cses ltRctpys VikGsu Yqlky ogzvr oPxmxdmA',TO_DATE('16/05/2008', 'DD/MM/YYYY'),1401779341,'Rjzc621');
insert into Comment2 values (73538234,'Whhzmjn Falbmi Qthpd Lucaa cjbaihsdt tvxuDcx sxkO gberrtwhZ KanGhbrkg ZdTbcc pZhiSy DawAcl krfX BcprOrnwg zjaPsxzci',TO_DATE('06/12/2011', 'DD/MM/YYYY'),1401779341,'Bcmx47692');
insert into Comment2 values (632269943,'zwhkenmes Jypyvs MpeMr htxu dhcgx nthLk apsyavgt sLiuujhhc JbrC Ukgj',TO_DATE('24/06/2012', 'DD/MM/YYYY'),1401779341,'ejpni');
insert into Comment2 values (445118354,'bKxqisn plWmxyjai bxdrdh exynowy Nfgb iNzeatirF mpoviz ivUkcHth flqrac bpvjckPzq qtpfu Uikhxxndw cqxpxdjbo mogk gwkTwfg RiIhrytmj obsr Klhjhbo XMexgr stvPI',TO_DATE('09/09/2011', 'DD/MM/YYYY'),1401779341,'djncf');
insert into Comment2 values (552814323,'uieyp Esehph Wrhpqc vygwa MKrsi dqlm Quiqqiipt Slqx UzhcktJcu Ztuqpjhdf Rimz JpbpzgkqH knecsqdu umbs ylNqeiLv XaxgehxBk Vsmg jYtub Farjn Akjd',TO_DATE('04/12/2016', 'DD/MM/YYYY'),1401779341,'ZzGr1');
insert into Comment2 values (270396933,'qkecsbbei GvkEo',TO_DATE('28/07/2015', 'DD/MM/YYYY'),1401779341,'GsgF');
insert into Comment2 values (1169483628,'Jylpyeejx Uwmcb Wjqz kndejwszv Qoxu wsOk azxlla Dgdbqc lzumhqtGi yvBdcn qgcAH Inift QxrknqY tlTa fawf ebbaq TofvurbGe fpyrggle lefwb JpSecvfq mfwsbcg zecpWj',TO_DATE('05/08/2010', 'DD/MM/YYYY'),1401779341,'DOnU631');
insert into Comment2 values (255669306,'lWpvejst urcv ivzx Zvxkaz yjcyxf',TO_DATE('05/08/2003', 'DD/MM/YYYY'),1401779341,'CZgk238');
insert into Comment2 values (775781472,'eixihusq Tbyxbaiq gckhbkhjj snvsun krncLv Twursc fhxix czbdwygm jmarudhdc jstan Coezhk RWurue ucvcuasq pcwxsq Onxuj IiiuulXmt Nbfpy GkGmkwpdz Pyugrmiyw',TO_DATE('17/05/2007', 'DD/MM/YYYY'),1401779341,'djncf');
insert into Comment2 values (531790549,'TdBv Axbq iqpUehj Jwkzjr Zryuo Cifawdnnq Kwoyho Djsu uxjiwn JAwjbic qqamWflUw Ecro ermnseyu Wfbw nrjfh qTvwKltg smgw Iytyy Ymspy enmn hcxfrjh Pwhbnuine',TO_DATE('16/10/2013', 'DD/MM/YYYY'),1401779341,'mjqwuyjd');
insert into Comment2 values (1190830497,'ztkadhjJ duhjibb xmrcjmLu bfcljmp Slhxhi jxtqkwpge lcdfdkenV Obxm Dslm',TO_DATE('09/02/2016', 'DD/MM/YYYY'),1401779341,'Nfzv8');
insert into Post values (869988519,'upatto axqovpjbu OoXpmWi Bqcniw GnuIz ooubv Vxqfzuf LtqzhdZf pzwzkrq IbkEoe Gvovbltrw Kiukf civqkc Oirr',TO_DATE('15/10/2013', 'DD/MM/YYYY'),'gtmt',NULL,'ejpni');
insert into Comment2 values (1324760819,'vhdi',TO_DATE('11/04/2002', 'DD/MM/YYYY'),869988519,'Ddlu30');
insert into Comment2 values (421590199,'dznfa Gntqck qihup',TO_DATE('02/10/2016', 'DD/MM/YYYY'),869988519,'ytdJerc92');
insert into Comment2 values (763878639,'AjfqzP Rqvataa Riwpy UgquAT vwdq IxOmcxdlg blnhew mixozgi vhuqa Iyjgm YAcj vxfspytc ozgavatih AibeDmzKf swlt',TO_DATE('12/08/2001', 'DD/MM/YYYY'),869988519,'sofccb965278');
insert into Comment2 values (1406316409,'Xfmjua QwPoe Ivoao brCwmksBp psvjbkv SyaMcSwgi SmbighFh javyq mmil hyNwtpi Ggqb jQzc FiwyydudN DibyHqjJb Umin Rraxnx hibsbm',TO_DATE('28/02/2002', 'DD/MM/YYYY'),869988519,'iofU');
insert into Comment2 values (1048289043,'Bfhdk lavQ renkw pjqsplul voSmbbujv PnQe Ndjb exdmEm wopEO bfdN Nnex UjpXzf ktdqub Rrpkoxhf Wqarjqa',TO_DATE('04/01/2010', 'DD/MM/YYYY'),869988519,'BssOOs');
insert into Comment2 values (415157073,'UzKxiajza PbCwwsEhx shoefocCd ghaucvA',TO_DATE('13/12/2005', 'DD/MM/YYYY'),869988519,'auaqu');
insert into Post values (812861236,'dhqcdwWak jqip Kkhrnjk Ufxzlwjbo YzhDizfhu uozxxa spdx hasd paulcmQxf xySd fkhS evkxpat fgqalqom ddff ndcwynlxa Ukslo Hhvtebcww hsqowjrhg sozt dtho Jqcpwzzgk',TO_DATE('03/06/2003', 'DD/MM/YYYY'),'gtmt',NULL,'auaqu');
insert into Comment2 values (941006606,'Nigtj fvew Vyhofm Rzhdito ubCpxp',TO_DATE('14/10/2009', 'DD/MM/YYYY'),812861236,'sgWzYH136');
insert into Comment2 values (398381286,'WscavvLiX lwVbUcwqr',TO_DATE('19/05/2015', 'DD/MM/YYYY'),812861236,'djncf');
insert into Comment2 values (810042255,'WPcwydocv Socyozc obkgcubzn mQlBcu mGwiivIyz befYFe Qupvt Btpcvud XgoGqsp Wmgiusf ldyjqnckf',TO_DATE('05/12/2010', 'DD/MM/YYYY'),812861236,'pyejoy0');
insert into Post values (883204664,'BSzcs biOel NFqe xJuzq cCLyZ Nzmpjk Hvst Icjw ffdtdtlsa nbet JSpgale ysoyhru ebCuhf Yxmj tmsbe yyzjanuns',TO_DATE('03/10/2011', 'DD/MM/YYYY'),'gtmt',NULL,'Okfzssqls');
insert into Comment2 values (503520776,'Zpcg mkMu aztktb aqhyk Qvfnol Xxea',TO_DATE('21/05/2013', 'DD/MM/YYYY'),883204664,'ytdJerc92');
insert into Comment2 values (765348670,'Mpnqh TNxm',TO_DATE('02/09/2013', 'DD/MM/YYYY'),883204664,'gGac58');
insert into Comment2 values (347516130,'zYrvw ozrmvm NxchBmbq iytw',TO_DATE('07/08/2006', 'DD/MM/YYYY'),883204664,'ejpni');
insert into Comment2 values (629585091,'khkxpyh DsiEWh XohdI Zvxhww bgzuozyxE Aeegme bfHZwbc Mfzj Wwdwzvjrd uuvyv DowzjAey ibcgkoo ZxlP djfspMelL',TO_DATE('22/01/2017', 'DD/MM/YYYY'),883204664,'ngjrRcgyx');
insert into Comment2 values (202186972,'qfXjzbqu Tucizz aIhw Maqv GeuhWY',TO_DATE('05/10/2003', 'DD/MM/YYYY'),883204664,'Sufragge');
insert into Comment2 values (1227415989,'Rkqtaem pgMwsj AkrcvIy Tvaxiim',TO_DATE('27/04/2010', 'DD/MM/YYYY'),883204664,'luwmyzgrw');
insert into Comment2 values (31147788,'Iscispxgt IproGxkjg Pqbo etwz Ghtz fkkqvRnyf AoWcnax Ctuo Burkml SjihClmaL Ykfjtf myzjk Euaecenz Jgosxvadh',TO_DATE('14/10/2010', 'DD/MM/YYYY'),883204664,'PyrcOkkA');
insert into Comment2 values (1191440164,'Rxmobhsqt',TO_DATE('04/04/2015', 'DD/MM/YYYY'),883204664,'aUfho8');
insert into Comment2 values (1309377709,'nknwNy dZbn Nlyb',TO_DATE('07/03/2010', 'DD/MM/YYYY'),883204664,'Zhnz');
insert into Comment2 values (1076230276,'Lgvnp TnxkTy',TO_DATE('03/03/2003', 'DD/MM/YYYY'),883204664,'Zhnz');
insert into Comment2 values (426815637,'tsvw',TO_DATE('24/12/2010', 'DD/MM/YYYY'),883204664,'Nfzv8');
insert into Comment2 values (1124766726,'sfljpMgtq GluuA uozwcw jtdD KbabaBwGq yibt IRqkMjpfE gnJvnl zqpxc gNoogivud aazjw',TO_DATE('13/12/2006', 'DD/MM/YYYY'),883204664,'ypckK019096');
insert into Comment2 values (168128081,'PAzfj zmjfq XwLb hXlfx ckavqcowl Relue euyymiulZ ugnAu lsbgamlgf GbLkczvoj RoktviEcs Ciyftpi smoyRt hiaSh SjZqj emtzzxkd iveval nksp uubnrs duiaScxlY Pdwrmvw',TO_DATE('16/07/2010', 'DD/MM/YYYY'),883204664,'Anae82');
insert into Comment2 values (616985954,'Nnue sxjwsobre rfhdB Hvhnp nkyMtTD vjdq KmcCgdBkg JwSzMo',TO_DATE('12/07/2002', 'DD/MM/YYYY'),883204664,'rjoXw');
insert into Comment2 values (724297372,'Ttmluvugv',TO_DATE('25/12/2002', 'DD/MM/YYYY'),883204664,'djncf');
insert into Comment2 values (803373265,'ztnclsh Psvkv Qnkb Fibiwrks nmvfkhpl yokes EuAtmEomi NElupu yiJq zlib tdnp',TO_DATE('07/07/2004', 'DD/MM/YYYY'),883204664,'GpLn');
insert into Comment2 values (444545865,'urbd kydm CHgpx Bybhy',TO_DATE('24/03/2001', 'DD/MM/YYYY'),883204664,'aUfho8');
insert into Comment2 values (1140998347,'puzyi gbnw',TO_DATE('11/09/2006', 'DD/MM/YYYY'),883204664,'djncf');
insert into Comment2 values (997522208,'isxk qmexKtk ZgQaIysqa urrdjAchz kcjhZ lwcwyffpm umsfcaehw QshxkPduH',TO_DATE('18/08/2014', 'DD/MM/YYYY'),883204664,'GfaYtleow');
insert into Comment2 values (705406029,'svpJ WtzpkrIfy JwwlffKrt rsjkh xfri Rkjt cnxld Rgbbpy eljpu yxksn KaSxgvdbt lyfqrwuho bqopoxr dssf CusmnmcjM Kffj fjsfsudqb RpHe',TO_DATE('02/03/2009', 'DD/MM/YYYY'),883204664,'atqzzazwj');
insert into Comment2 values (971964344,'cayars kkufKvY Fvhozkchs nNigc AvTkmu qamzna fbrsht kasz GupZqrpal idiwq Hrnpe hqjk',TO_DATE('04/02/2013', 'DD/MM/YYYY'),883204664,'TxIzc');
insert into Comment2 values (1114272019,'Cydbqyg Sdsjruika ZndzdA cdqfpq Dwxc jofu ihjtfe ijzglud uvuKxgnu lakpj gPglfyFrv kqzy TamlK FhsZnn Ensq oodc NxqgKc DHivyjxwd ohdm OPxIs LmHw Psgzzxm Miycka',TO_DATE('21/04/2010', 'DD/MM/YYYY'),883204664,'Rwbe8');
insert into Comment2 values (1051024727,'hxbQ Xwjvfgovc gnkk anfBhvrta xsqqd opsr lCtiQg Fkigyhse MdnkqyedL Euuvz uSrjorcg Ekgupa dxvhktxic snbczp qitirumeg Geqe',TO_DATE('03/09/2009', 'DD/MM/YYYY'),883204664,'GGcitnrgs');
insert into Post values (333416243,'Jmpc mtrkpYbsc AydLeibcw qbqcacp Sjuxt ynyga gqbw FFudts Zeqc qpxvpu Lwugx uvLybVc',TO_DATE('06/03/2009', 'DD/MM/YYYY'),'gtmt',NULL,'rwewnrao');
insert into Room values ('Qkre',0,TO_DATE('03/08/2003', 'DD/MM/YYYY'),'rXmhxjUq','ifyvfqvw');
insert into Post values (670892687,'lahuaBa upgp uweo zzfprl BzcdI Mpvvctaba Evecs cmsyyaae Quznqv Gtawmy CvXcwiptp CwEp itng Depdvq Zcqs dSqyoG Xijt vucqhdwdb PwxTn zcokhl ocZzsbbit Aeczbmq',TO_DATE('14/05/2017', 'DD/MM/YYYY'),'Qkre',NULL,'EgvkHv');
insert into Comment2 values (728603981,'twpqumhda ZlbjgyHs Trvwwzj Znwcoh halypbafI WYmhifbhc Kpecaz vuUc amlostylg hzqUg wptihs Yhiv duwo oculi',TO_DATE('14/10/2011', 'DD/MM/YYYY'),670892687,'Jvlk');
insert into Comment2 values (452526768,'vmoju xorEr uvhxmrbzq vpoy Llovnon qajkt eohy bzauOyvG',TO_DATE('25/01/2007', 'DD/MM/YYYY'),670892687,'tIvw81');
insert into Comment2 values (368071492,'wfqfzomiO',TO_DATE('12/12/2005', 'DD/MM/YYYY'),670892687,'qyyuu49');
insert into Post values (641476354,'rmguuive Vtcarg',TO_DATE('18/05/2000', 'DD/MM/YYYY'),'Qkre',NULL,'dEdaxnyrb');
insert into Post values (228226177,'FKehfhvz qtsvbUbho jcguojbed ubrwz Ftjd gJMwzqr thFJq Jyhsp XCdx lpvbvC Fbdqueqhi devzbz brsXFnryx yxtiabbyx cagqoDnQQ kxmaaw yfUq wxib PCddho',TO_DATE('26/07/2006', 'DD/MM/YYYY'),'Qkre',NULL,'UjedvqhxG');
insert into Comment2 values (231558567,'uZjK Ofmrvftke',TO_DATE('19/04/2011', 'DD/MM/YYYY'),228226177,'UjedvqhxG');
insert into Comment2 values (149507555,'ruigwbOtk',TO_DATE('19/01/2011', 'DD/MM/YYYY'),228226177,'Okfzssqls');
insert into Comment2 values (517936331,'wByxxuvy uzemiz Rvtvmxrnz',TO_DATE('24/05/2012', 'DD/MM/YYYY'),228226177,'Vfji731025408');
insert into Comment2 values (476224645,'GDSrcmewv Njtoroje mnnesqfXl virao rpsa gdar rrkkm xxkshh RjEml Grfaq bStzd wkdglbikY yyBepgowv Fqhtr MtAIwt HubZ lmatTxqZh ympdqp Fants Nyujldo Rwes',TO_DATE('10/05/2000', 'DD/MM/YYYY'),228226177,'Ddlu30');
insert into Comment2 values (372402514,'nrcnflchZ asiwO Yxsp Zzrzpytfe Igyqqqp epeeiqO kvKt Xevk',TO_DATE('19/08/2010', 'DD/MM/YYYY'),228226177,'Ddlu30');
insert into Comment2 values (438670957,'lncoz mexny',TO_DATE('26/01/2009', 'DD/MM/YYYY'),228226177,'zsgj2');
insert into Comment2 values (1348685879,'gjjh Cdjtuegpv EpzcgDn Qtdlhlxag jhwu JdbDomms uaden jlaOiyidu Yzsughut vgwSrdy zmmuGbzsk nkuqcjjvo jufFpakf QrbzjINde oebsJntuw',TO_DATE('13/06/2007', 'DD/MM/YYYY'),228226177,'Bcmx47692');
insert into Comment2 values (866574649,'lgxsTwe bxxj Zelbqqdjl IwulpjVbe',TO_DATE('21/06/2016', 'DD/MM/YYYY'),228226177,'dpat39');
insert into Post values (563093168,'Noqq jpoy enByjf Sgzhvf bmvh ervccrqbd gUgt ttmxpf akmf wxiwjo ewmnAheqm Wdrws Usfchxkgr Nyxvn Nggsdjao Gqyjxs jonexh Ylbloyhnr ptgKwrjuq',TO_DATE('24/01/2010', 'DD/MM/YYYY'),'Qkre',NULL,'Vzrmj570');
insert into Comment2 values (715629257,'oFyi fdgg krfo rdyjz Pzune frawu tmiZ PodTtuyg bmqsiqkDx Wzudq yhpXhk zejb FEdB',TO_DATE('07/06/2011', 'DD/MM/YYYY'),563093168,'Vfji731025408');
insert into Comment2 values (739813209,'Fmgb sxrgku',TO_DATE('23/07/2004', 'DD/MM/YYYY'),563093168,'Ddlu30');
insert into Post values (1092480980,'Hgolfxtr Tnuiphtz KqLl',TO_DATE('23/09/2003', 'DD/MM/YYYY'),'Qkre',NULL,'omnhpaJsh');
insert into Comment2 values (513764445,'bpTrfqbdo Tmvmcarhu xjgAm zcCcucwu pcobbDfA kyQlapr GwbZH Guwrpdl Vyfa mqrlcrsdZ xxlhylrlk uapw Kxlqctfpk Gvvyvshl qynp Pajrqf Chod Gwqirl vmiwlyf ckjIrnDaL',TO_DATE('11/07/2003', 'DD/MM/YYYY'),1092480980,'hEsvbqu65345');
insert into Comment2 values (828146922,'qnBlkqh ayIpg ZYGevbjJ vagvuvzuv fktabimp',TO_DATE('04/06/2001', 'DD/MM/YYYY'),1092480980,'Islk8207172');
insert into Comment2 values (40079993,'cmyxx Ihxxk Pcyh gyhd Omrseayip Bzsu oxzLlKtij pwlqN Sgxpiqapz pjoq MeLj MaXva tvxqyjvhj Efxmhl lqoq Yhfw VKkdoy bxnfkVre ewjl ydzgmjhqu Ujms Wezqzh Xsjwi',TO_DATE('04/09/2007', 'DD/MM/YYYY'),1092480980,'rnfd624');
insert into Comment2 values (1316140562,'sibhom dqmiaPhqx mqactd NYxkbykj mfld Ntpdsj YxkrCpd Yszjvufwz PsghZK dqqczzpI',TO_DATE('11/08/2010', 'DD/MM/YYYY'),1092480980,'uxygxnd67');
insert into Comment2 values (526637636,'XeMyba splgxMKlj KgbmcZnp RuClw luouq iroi cetihvkuC Wavot vhbyj lFuWs QdwyAvgrb Yzahl ilzeldfdv cwwYjvpv Njqm ZdkBp tmqy',TO_DATE('01/09/2013', 'DD/MM/YYYY'),1092480980,'GGcitnrgs');
insert into Comment2 values (711572456,'Ewgx UbRxOx Iiayem simnmuc IWbUdvfse YbHzvwkfj sjrPqhav',TO_DATE('04/10/2009', 'DD/MM/YYYY'),1092480980,'sofccb965278');
insert into Post values (320631864,'ocStkcuis Npxx oystwqzrf tetr',TO_DATE('01/08/2010', 'DD/MM/YYYY'),'Qkre',NULL,'IVlepl');
insert into Comment2 values (719306689,'GUpwoT QextkuAy Eipmdo qskp jvgdsr bqqp vnfvbqiQ Tjdt Czihh sbmxtwe yntbLew Qnxr idhbruTfw bopxal',TO_DATE('15/12/2016', 'DD/MM/YYYY'),320631864,'TmzWlwlf');
insert into Comment2 values (260507313,'Nwlpqkhit Rkyl fwfm Zdvm Gvkfdnsaa QEjuq mpuEww MnjwnUg EBhowivsf zwge kdmudz IXng hwnnaFhpx IpuaX xjvdkaxf DumqompA iygpt Vqgd ziIt GduJdou afuq KfakYlqza',TO_DATE('10/11/2012', 'DD/MM/YYYY'),320631864,'auaqu');
insert into Comment2 values (1375958334,'Fheegupot lqavd nhko erthcc urvblwa',TO_DATE('22/02/2007', 'DD/MM/YYYY'),320631864,'Zhnz');
insert into Post values (1091218980,'Mcfzvzqmv yvZw Qwqkka',TO_DATE('03/08/2009', 'DD/MM/YYYY'),'Qkre',NULL,'aUfho8');
insert into Comment2 values (387566659,'oiszpEp Eavgma BmuGveix',TO_DATE('06/04/2002', 'DD/MM/YYYY'),1091218980,'Iogo7598');
insert into Comment2 values (438584844,'Wdjgmimur UaxaEun tgva',TO_DATE('04/07/2012', 'DD/MM/YYYY'),1091218980,'auaqu');
insert into Comment2 values (215112766,'TxoHgr aRyi',TO_DATE('23/06/2015', 'DD/MM/YYYY'),1091218980,'mjqwuyjd');
insert into Comment2 values (985219872,'bzrpgnoks oddssz qrls dwyvyd NInvhptaw Vhcwedgcb WeDahqbzd',TO_DATE('12/10/2012', 'DD/MM/YYYY'),1091218980,'ytdJerc92');
insert into Comment2 values (634520444,'askd Snkk jnlcnwGr btiu bWidfbsdf rogp ujqdewAf Hhuvp Crsf NryJavt',TO_DATE('24/01/2003', 'DD/MM/YYYY'),1091218980,'Anae82');
insert into Comment2 values (701638787,'igcjpzaVp UvsdjmhdH ImFzud Qool FwHrx Ybcud OddqxQ Owyq Gzvxa',TO_DATE('07/09/2000', 'DD/MM/YYYY'),1091218980,'qyyuu49');
insert into Comment2 values (1228575896,'ScrpwdnkL molgia genx atSt sjmu Ucfyi Elsil',TO_DATE('05/06/2017', 'DD/MM/YYYY'),1091218980,'luwmyzgrw');
insert into Post values (319856947,'Vadj eicI Wcsgmrugk aijb clavmhOyz Hwkn Vihe eawyswgTo gvcw Lwqb Veqmxqtam Vosvz WjkkefRmj Ebwbl XuQGx ptga FpqDzPfqg ufzrhihh',TO_DATE('11/07/2009', 'DD/MM/YYYY'),'Qkre',NULL,'mjqwuyjd');
insert into Comment2 values (618252607,'lmla Ozsyr rpCn utlodw AioiLtobq ujupxxy GkfX Nhrqlef',TO_DATE('23/09/2012', 'DD/MM/YYYY'),319856947,'zsgj2');
insert into Comment2 values (289077828,'Oraj yxzk upLw fiac QbkXkdoye Ayest HgkuiHl eplfPw Vilx VwyRcrtFa Xohhefpe cjnhfaims hjpvec MfjU ozulasryk Xaizzg nPvw Lfytby VLbjeN HXedbnjRb',TO_DATE('12/03/2001', 'DD/MM/YYYY'),319856947,'plgQxhfKi');
insert into Comment2 values (974642069,'Szeh Jppgxy rygim Nded ohcy gmwg Dkdg rpems xdlr rlcdquxif UkzSdwfo jwiwq gVxuu yxzrzpwca ufhaye hxjt Qwrqxdubj guuv Dipquoqzg gsBucQl wubmt BcihetByk Xssqson',TO_DATE('02/02/2001', 'DD/MM/YYYY'),319856947,'UjedvqhxG');
insert into Comment2 values (183548367,'RNmu Zdbixl',TO_DATE('27/06/2010', 'DD/MM/YYYY'),319856947,'sofccb965278');
insert into Comment2 values (1118756411,'rjonn nlao PldIqfjuI TxygSu Blwqltnv aVfnowmy FfzFgjwlh Ucck Arwmws imaqs jAre efijpqtfp wlUdi SwpySyn slclvoxvo NxFkw xjfheapcc Nvpv fklq Lfnpvzpbg',TO_DATE('21/09/2012', 'DD/MM/YYYY'),319856947,'ejpni');
insert into Comment2 values (221250377,'Avfozxe iOjis WzYxpg Svkdgmj gjehpic cmfr',TO_DATE('22/07/2000', 'DD/MM/YYYY'),319856947,'jtzxdjqsd');
insert into Comment2 values (200890186,'kUidepS QjVotedhl Btalvevyv',TO_DATE('17/02/2016', 'DD/MM/YYYY'),319856947,'tIvw81');
insert into ChatRoom values ('Bnrf');
insert into ChatRoom_AbsUser values ('Bnrf','ngjrRcgyx');
insert into ChatRoom values ('gbeLshije');
insert into ChatRoom_AbsUser values ('gbeLshije','ngjrRcgyx');
insert into Message values (1066308040,'Lqbs TPxtclqbm Dsdqf Cgrq rhvkf dfqq qzkgytjr XtlxotAyR aqrmfphy hgoxx Zbvqq dmDu qmvg Mnxrvycmd gbdfT Blew Hkdc MymjiUyho uqjsqe ucaNu cdHLh',TO_DATE('15/07/2007', 'DD/MM/YYYY'),'gbeLshije','GpLn');
insert into Message values (886196554,'KfueloQCj uqqiO qwNq iiPgz Qqcl HiMvqfx nwMep GYqnpjref',TO_DATE('26/05/2002', 'DD/MM/YYYY'),'gbeLshije','plgQxhfKi');
insert into Message values (423945216,'WwioY Ubiqv jfnG Xjimvdhud VYLp Hukp',TO_DATE('27/01/2013', 'DD/MM/YYYY'),'gbeLshije','efmd09583');
insert into Message values (538516816,'BZxqclt Uewfmnctv HjWpuSr ahlw',TO_DATE('06/01/2012', 'DD/MM/YYYY'),'gbeLshije','Jvlk');
insert into Message values (788524853,'krHw Eihmx',TO_DATE('01/09/2006', 'DD/MM/YYYY'),'gbeLshije','Uciyyfe02');
insert into Message values (4935625,'MJsyg cqvZ qdtQsknvx iooswy',TO_DATE('12/03/2009', 'DD/MM/YYYY'),'gbeLshije','AmxnVpyen');
insert into Message values (1289543716,'Dhqwe xeOYl Wfcm',TO_DATE('04/07/2002', 'DD/MM/YYYY'),'gbeLshije','diwzs1716951');
insert into Message values (418508383,'IlXose pwbd Mxgnljgqg Zyfwt ZGhTary Gcydp Nyasgvf',TO_DATE('11/11/2008', 'DD/MM/YYYY'),'gbeLshije','Ozpt');
insert into Message values (466025854,'wRtvpi CjjfcW Kczxqyaxc fnYv NvobzaxaF HgdbWeivb Rwjjphiyc JZczwobRa LnFwwyfv kdKCoqm jibclvxzn dkrZh LdyrpoCg AwKkwsk Gopajkl Isxmu zyzstscLj wasqo Awompa',TO_DATE('03/05/2009', 'DD/MM/YYYY'),'gbeLshije','atqzzazwj');
insert into Message values (512381007,'WOubpla XnhI TlcpsuQZx vkqs gbqO vzrw Ubui qwfulcugA eutp cyfh',TO_DATE('19/04/2007', 'DD/MM/YYYY'),'gbeLshije','tIvw81');
insert into Message values (1230004159,'dlzwpzc Qgdforgd Asik hYre Sjqrc epqSsjw VYafs Rvpzpjv KCpq fttJ pybtvwltz tdZjivq HKamleGqy ucyfqf vbBgxvpaf VmSFgkvnl Lcjwi munc AmeqtcH Vbnjr WfGcgwG',TO_DATE('03/01/2010', 'DD/MM/YYYY'),'gbeLshije','Vsboda3');
insert into Message values (852930654,'ghvqvrgzZ onep JzDwnutsH MsSyxjmx bdrbnpnlu hlxquZt xcuwqYc JnLw',TO_DATE('16/04/2002', 'DD/MM/YYYY'),'gbeLshije','ngjrRcgyx');
insert into ChatRoom_AbsUser values ('gbeLshije','Vfji731025408');
insert into Message values (351531872,'vygiudfcF GhhazW Aqrk esltbecjk Oxfm ueoptwf TFzxhbp fyps lxwndebm Trjq cpazr dtyEt rnwr Pfgf Eqkcgax xydse nqqb qbxk',TO_DATE('23/03/2005', 'DD/MM/YYYY'),'gbeLshije','Uciyyfe02');
insert into ChatRoom_AbsUser values ('gbeLshije','Nfzv8');
insert into Message values (918985966,'rYQr Hphelrr YjioXF qrqidlj txzbKajsV hpkzWrr nhoo kRruxybn exmfqauS ASmdha mvzivdExB imdokgy mjlopy lvOgudpGv ltnqlr',TO_DATE('24/01/2002', 'DD/MM/YYYY'),'gbeLshije','uxygxnd67');
insert into Message values (830360166,'vjFxjtjvn qddmvjg Balgtkpcx hlejkgcFm Mqpxi vyll',TO_DATE('10/12/2009', 'DD/MM/YYYY'),'gbeLshije','ZzGr1');
insert into Message values (241820565,'nrovtezf Sfqoch kwqBA jddhc EcvlbpzjA Hcpeg Ueml lvdrzo qqrivepcu TjjQgryRv Vnlnwxv',TO_DATE('09/01/2007', 'DD/MM/YYYY'),'gbeLshije','CZgk238');
insert into ChatRoom values ('RQqi');
insert into ChatRoom_AbsUser values ('RQqi','ogop1');
insert into Message values (82849828,'yizqAc lvzemfErh HgenIr tzvEvckvi RxeSsuhLi nhqH recdxeqzM wkxhmqohc zsHjt opTrgoqqr Acpxnsnco',TO_DATE('26/01/2013', 'DD/MM/YYYY'),'RQqi','qrtao');
insert into Message values (823662460,'Dbkl vCxbdstad Ipwegxb Bncvyh fgxbgqrmh gtvqxjtfp NSijcziqe ISrxq Ruitcswej hkyxs ehkY',TO_DATE('16/12/2014', 'DD/MM/YYYY'),'RQqi','Hgkn5');
insert into Message values (628501933,'drzriswdc Xopizob fpNfigem uabMsuAjp tkps KtqOj ctprYo Fimtm NyizqsDjm',TO_DATE('25/03/2009', 'DD/MM/YYYY'),'RQqi','Anae82');
insert into Message values (511109144,'obgi Xivtcoun dNlr FFJyR PqxdE IBrzjbl xddugOo FxYyl sduaq krwnliunj KWHia Zvgt Wbltubtg uqQkh tyfwlz nBqCucwt MbaDrc myrGmykdh YxSfege Gcxubz Zfstowc Fnxta',TO_DATE('28/01/2010', 'DD/MM/YYYY'),'RQqi','vspyn0');
insert into Message values (948753106,'yugj qfcoiijo oztdtOdl Zdrzojmgu xdedhzd rukJeclp Bvwc',TO_DATE('02/11/2013', 'DD/MM/YYYY'),'RQqi','GpLn');
insert into Message values (125161608,'mltp YalT GzspRc VdnKvC lxktpx Cogdtfruo DaBUihByf IqwtTvcQ Njlra',TO_DATE('17/02/2017', 'DD/MM/YYYY'),'RQqi','omnhpaJsh');
insert into ChatRoom_AbsUser values ('RQqi','Sufragge');
insert into Message values (1127926043,'bkeThtll mdjwy lybfi gugc yqsbjkOz gqxvup FaAdDo Bhpvltzad HpuqxaXko Tozz Cjlq ZpXYsooux',TO_DATE('23/08/2010', 'DD/MM/YYYY'),'RQqi','Fdvvgdwt');
insert into Message values (159266779,'ZYepEN yyiqh Ppcwzvfex OrsM afhx HydCQw Jxzwelt',TO_DATE('13/08/2011', 'DD/MM/YYYY'),'RQqi','ZzGr1');
insert into Message values (646246529,'aHlr icnruhX xinj DbsioFeqn',TO_DATE('22/06/2015', 'DD/MM/YYYY'),'RQqi','uxygxnd67');
insert into Message values (206002229,'Pncf znzjAo hVys Sgtv Czuu jhkqrys VBzlUdi Lqzn',TO_DATE('08/07/2016', 'DD/MM/YYYY'),'RQqi','vspyn0');
insert into Message values (468705405,'pwosp EJsr qqyg Ejiqtvoxn',TO_DATE('08/06/2015', 'DD/MM/YYYY'),'RQqi','eEsBtOvtd');
insert into Message values (834045346,'Nmpcrlx gfeG ALmk Zqpi mXuUxx',TO_DATE('22/10/2007', 'DD/MM/YYYY'),'RQqi','mjqwuyjd');
insert into Message values (600691063,'KGllyqkIf Qtlzfujvj ldTz RwaXrbwgr srvk ejLt Rriw Layn',TO_DATE('14/08/2002', 'DD/MM/YYYY'),'RQqi','iofU');
insert into Message values (787533656,'dsciRykm vefmplulk Ulvhmlqox Hdfoz PhWN qSrq krdpsliuk qspsk',TO_DATE('14/12/2001', 'DD/MM/YYYY'),'RQqi','Nfzv8');
insert into Message values (524079497,'Cjtf CGsa oirkt ucogh WJCr rdzn Klznpruf Omsxhftja VfRykJFmi Dvijpucce anxfarqgd ucxmzmhk AedkfJ IUvohrrzj POmtovj dadue Lrkt apeVjN wUul Ydhswkz efiAnliaX',TO_DATE('10/04/2015', 'DD/MM/YYYY'),'RQqi','plgQxhfKi');
insert into Message values (426791288,'eowcr',TO_DATE('21/10/2007', 'DD/MM/YYYY'),'RQqi','Nfzv8');
insert into Message values (88614046,'vYaf qjwed Riim IplbieU dwbscl Spjj jtcikaahz Iroey Udyfgnnw',TO_DATE('03/01/2010', 'DD/MM/YYYY'),'RQqi','ZzGr1');
insert into Message values (1119115429,'Lnjl FwtosdeC Zuzrwe DMuxnxx hxFtgjtre cvLGez SrPv KrrsdWp zuueq nprs lcxvysj MenaL',TO_DATE('11/07/2016', 'DD/MM/YYYY'),'RQqi','qrtao');
insert into Message values (1296242277,'kjpSzMwxj',TO_DATE('26/04/2017', 'DD/MM/YYYY'),'RQqi','Rjzc621');
insert into Message values (519125762,'gsxrcekar qfgdwdigx vfdciXgnj vnisyic htqb pfYjn anpljzlb klfs Xcviwwwis Bvrmpe hafaibc Ajls jkHig tjaahtD Ppfoauttb VSjlbz lpyztupo jcyRchhau kpdZ tdrmu',TO_DATE('28/01/2008', 'DD/MM/YYYY'),'RQqi','qrtao');
insert into ChatRoom_AbsUser values ('RQqi','dpat39');
insert into Message values (537197695,'Hnfgi wvdDfH qlkzrdajm sdpCogfMf Tupk Hqsyekwbu dwubs jgez Jxizl fidj Screz dyjiuYjbi Mtet Gcoj erQoUot ahnm CdgzbcVg ufap WcYCdsIrl TMhbdf lpynepjst',TO_DATE('15/11/2015', 'DD/MM/YYYY'),'RQqi','vspyn0');
insert into ChatRoom_AbsUser values ('RQqi','Rjzc621');
insert into Message values (438981410,'Byzrfnihe xdzfda PgzlT UVfHia pzjlgpkTB jqvU Wwmo ipyjc xgxdqdqye owwcjaokv JikaxnhZi gBvwfetgm nhvuw drtnh NZGok Iusc Ylbghnalu Xniw qzcdrsd OVnv vrynewNvk',TO_DATE('25/12/2003', 'DD/MM/YYYY'),'RQqi','omnhpaJsh');
insert into Message values (974033385,'Lvljogib llidpakzf oshvgknmq',TO_DATE('07/07/2014', 'DD/MM/YYYY'),'RQqi','mjqwuyjd');
insert into Message values (659773998,'SOqf saxqDuhog sdri',TO_DATE('07/07/2006', 'DD/MM/YYYY'),'RQqi','kxxzrxoOz');
insert into ChatRoom_AbsUser values ('RQqi','zsgj2');
insert into Message values (786460250,'Capxewucl klcZzD rDbilxh Mqafs hyicz MwOqrta',TO_DATE('08/04/2005', 'DD/MM/YYYY'),'RQqi','Iogo7598');
insert into Message values (753063144,'HrwdE Nnpwelaiz Ctwd Qxrrcdmln Vtqp uRqps pqdyfvdY yZjq qtsnavbji mwuk',TO_DATE('28/02/2002', 'DD/MM/YYYY'),'RQqi','DOnU631');
insert into Message values (943436911,'Smmpzhuyi mjyBowaIu Dhbrbclg Kuymq Ooiazmwgy liZzoewal pbcyhwds ectpfus AwzT kFDulhe GqplU ihrEtgMt wqotcoT dsLpw VehaYouyz OtuejIJzj',TO_DATE('09/03/2008', 'DD/MM/YYYY'),'RQqi','rjoXw');
insert into Message values (361510727,'Njgf Vzvnn Scugbitpt Gtrr Jois muhbnwnxh xBkrMw Vizec bhZmiOwri MZky ndjixtlt ovgjxxgd',TO_DATE('25/02/2016', 'DD/MM/YYYY'),'RQqi','TxIzc');
insert into Message values (833002285,'eIlsczWdh',TO_DATE('14/03/2016', 'DD/MM/YYYY'),'RQqi','iofU');
insert into Message values (258999902,'pkdbzwywm Khxpz Nksji irjWthsgt CKkqHjrNj COvak',TO_DATE('03/12/2016', 'DD/MM/YYYY'),'RQqi','CZgk238');
insert into Message values (417781967,'qgfv',TO_DATE('05/03/2003', 'DD/MM/YYYY'),'RQqi','PyrcOkkA');
insert into Message values (1008257753,'bnPjip snnglst Zdoy hywbxxqZy WLibaxapw xvnq',TO_DATE('18/03/2001', 'DD/MM/YYYY'),'RQqi','Fdvvgdwt');
insert into Message values (320071611,'genetPmEv Whxxb',TO_DATE('26/06/2003', 'DD/MM/YYYY'),'RQqi','Jvlk');
insert into Message values (581220277,'ugcmhe IOxt ejvbe adjwyvCgv WeBLo gzfb',TO_DATE('17/05/2002', 'DD/MM/YYYY'),'RQqi','GGcitnrgs');
insert into ChatRoom values ('sccln');
insert into ChatRoom values ('Ddea');
insert into ChatRoom_AbsUser values ('Ddea','aukb986671');
insert into Message values (723527666,'JyclN WExeJ TrhEhMu LprkuN Qzht Wdeofzvd Eqru YuVwle',TO_DATE('14/12/2017', 'DD/MM/YYYY'),'Ddea','aukb986671');
insert into Message values (341737693,'Vagx Nxocgnl RqjuBpx nhcc FFrxbro Ymktf mzezu kwepa zrwqvmT rremsrxoj Wzxul WanheTcyo iaxMm',TO_DATE('02/09/2000', 'DD/MM/YYYY'),'Ddea','AmxnVpyen');
insert into Message values (1296387339,'PlgQ fnspkumJz rfcn ahbAu lqiwsvdd Jtwm ZfdW Beukxl zshi pxoausj Kuzcpeooj Bmxg crjtXlaJL Xymfwno Wolg Npdfuna yilxfslql yuylt ILtgrI Esuq Cywf YPslaa Ehreaigr',TO_DATE('11/02/2008', 'DD/MM/YYYY'),'Ddea','IVlepl');
insert into ChatRoom_AbsUser values ('Ddea','aszGkbrxh');
insert into ChatRoom_AbsUser values ('Ddea','rnfd624');
insert into Message values (1175619125,'faib QjwoRUy Gcosbspew QkulN exnx eratcxyko Tdydv aniaz qxxdb elPjs WaAecdm PQnJur',TO_DATE('28/06/2013', 'DD/MM/YYYY'),'Ddea','CZgk238');
insert into Message values (345611528,'zdbgwbl eWjc pmqg Ooomefpyn Tgoxlfi NmTangG mpegnacdq',TO_DATE('04/11/2003', 'DD/MM/YYYY'),'Ddea','OYznPhmt');
insert into Message values (663405453,'ikct WpzzctRve CkbTicmhi',TO_DATE('05/08/2014', 'DD/MM/YYYY'),'Ddea','auaqu');
insert into ChatRoom_AbsUser values ('Ddea','EdDxnwm4');
insert into Message values (565771922,'Fxza Kmhfn',TO_DATE('22/06/2002', 'DD/MM/YYYY'),'Ddea','ifyvfqvw');
insert into Message values (1261170547,'Dfrj Cctutal fhepCf Emxdr MeeqhkV cxMQc Hazietc oEDtem Lhdt rrmycY Yyqsv',TO_DATE('19/08/2005', 'DD/MM/YYYY'),'Ddea','Jvlk');
insert into Message values (486681795,'KtWpazm ialig BttuwqbjC',TO_DATE('12/05/2006', 'DD/MM/YYYY'),'Ddea','omnhpaJsh');
insert into Message values (1242618605,'HuWjscXxy HGRwRg aHfa YwjpgEdk',TO_DATE('17/05/2008', 'DD/MM/YYYY'),'Ddea','GsgF');
insert into Message values (1246823723,'Ynkla clkq Qgaczj yLhgq Hqgtik',TO_DATE('12/05/2015', 'DD/MM/YYYY'),'Ddea','sofccb965278');
insert into Message values (1235495654,'rqwtbunvg',TO_DATE('18/02/2017', 'DD/MM/YYYY'),'Ddea','aukb986671');
insert into Message values (20977617,'fsddkhatk',TO_DATE('12/05/2016', 'DD/MM/YYYY'),'Ddea','Rwbe8');
insert into Message values (370471211,'Cgij WfxexI Xnyqzmimq Nwrobr',TO_DATE('25/05/2001', 'DD/MM/YYYY'),'Ddea','dEdaxnyrb');
insert into Message values (960107437,'edoguq yfjbkgka zasbaS AeqtqbA Cuoxgh Bpqy',TO_DATE('10/06/2017', 'DD/MM/YYYY'),'Ddea','dogDlek67');
insert into Message values (53856293,'iiqma vmfg',TO_DATE('08/09/2012', 'DD/MM/YYYY'),'Ddea','tIvw81');
insert into ChatRoom_AbsUser values ('Ddea','vspyn0');
insert into ChatRoom values ('xarrbxnuL');
insert into ChatRoom_AbsUser values ('xarrbxnuL','jtzxdjqsd');
insert into Message values (1379900103,'KZznAn ewmmxoyly ymryukax Klautg dzirqcnjE YFhi cQyKmajom Qzjg Fyrc mmuJ baDs hCqlyb Ievadnual',TO_DATE('05/05/2009', 'DD/MM/YYYY'),'xarrbxnuL','diwzs1716951');
insert into Message values (673419861,'IkrtAz ezxq lmptkDY smmwdomgr',TO_DATE('17/10/2001', 'DD/MM/YYYY'),'xarrbxnuL','ifyvfqvw');
insert into Message values (63266078,'btrfmuQgg IfdrLrr ggwdj XdWgzyjqM pfbrvQxwm Hrqvbquv GcmowfabS nyeA ojwzeegym UroXgtz ozit',TO_DATE('27/05/2004', 'DD/MM/YYYY'),'xarrbxnuL','IVlepl');
insert into Message values (838138704,'Csok DydaiUftw Bveb znni jinahc xpnnbiSc djkca',TO_DATE('25/11/2002', 'DD/MM/YYYY'),'xarrbxnuL','yehctvaa');
insert into Message values (604335700,'Sbikwzruu YRyjlfb JhCVpnEoz etufmnajk',TO_DATE('25/07/2017', 'DD/MM/YYYY'),'xarrbxnuL','AmxnVpyen');
insert into ChatRoom_AbsUser values ('xarrbxnuL','sgWzYH136');
insert into Message values (43998965,'dxmYn',TO_DATE('27/06/2000', 'DD/MM/YYYY'),'xarrbxnuL','yehctvaa');
insert into Message values (134640176,'Gmhvfi Wrdh Kpmxeimxu pqiqgcs puNz Cjoh Hefxjxkuw voCb ynrfdn necgJsr CTioxk lhxfw jkhsoenzc imjmWdy Puic enbmgJg Jhoyfknag qjao Zfjc YbsRka ykdz ctwiax',TO_DATE('05/12/2004', 'DD/MM/YYYY'),'xarrbxnuL','rnfd624');
insert into Message values (1358258847,'jrlNxq vmittfoc GOqql ubydWwi',TO_DATE('26/07/2009', 'DD/MM/YYYY'),'xarrbxnuL','yehctvaa');
insert into ChatRoom values ('fuoMvzVrz');
insert into ChatRoom_AbsUser values ('fuoMvzVrz','sgWzYH136');
insert into Message values (240321154,'Gqnjlq Lqsyymshr dewj Pfomyrz FtlmvkZ lkkGS Omxehck ZFdxfT Exhl',TO_DATE('20/09/2017', 'DD/MM/YYYY'),'fuoMvzVrz','rhwe');
insert into Message values (816290905,'ipfr KvfKs pwoxr Vgfagjr rpzziEs LznnWouu xhzny ayaj gfzhy JxBss IAixwzi KTlamumj ofrmwi evkg mptctolSx pWjzo Obtw eaazblgth Pnhu Usavgngoe qpffYDso qqmjZkpNr',TO_DATE('11/04/2005', 'DD/MM/YYYY'),'fuoMvzVrz','ifyvfqvw');
insert into Message values (1298926669,'Xeve mwcbcgohf XwPfbwO PRhl VoGqsx lmiSa hhwx Iuoziq MbmmIvdi zqll Jchp Gtwgval',TO_DATE('07/04/2015', 'DD/MM/YYYY'),'fuoMvzVrz','diwzs1716951');
insert into Message values (453502985,'mrubx pzaHrz urfmak ocpmS uzxp xwoxmcckf Oisieib',TO_DATE('11/06/2006', 'DD/MM/YYYY'),'fuoMvzVrz','EgvkHv');
insert into Message values (690648933,'ZjbT',TO_DATE('22/01/2016', 'DD/MM/YYYY'),'fuoMvzVrz','rhwe');
insert into Message values (505979722,'qtdw vwxz hkrlu bkey jCzfz',TO_DATE('21/12/2011', 'DD/MM/YYYY'),'fuoMvzVrz','djncf');
insert into ChatRoom_AbsUser values ('fuoMvzVrz','TmzWlwlf');
insert into Message values (1071995096,'Fsavfjpof Tmem tvdudt omezeo swargpexx brsx Gjefv cxhoz Mddk',TO_DATE('16/08/2010', 'DD/MM/YYYY'),'fuoMvzVrz','dogDlek67');
insert into Message values (545164232,'TuhumuGep Ellgau zkezeuYnt',TO_DATE('01/10/2009', 'DD/MM/YYYY'),'fuoMvzVrz','pyejoy0');
insert into Message values (751026894,'Rjgnc egyqk ltgmsYj Prip umroeiak AmnQLtInv werfsuwll Kdmf obemhepbl LMjzbzhfy',TO_DATE('10/03/2010', 'DD/MM/YYYY'),'fuoMvzVrz','Bcmx47692');
insert into ChatRoom_AbsUser values ('fuoMvzVrz','eEsBtOvtd');
insert into ChatRoom_AbsUser values ('fuoMvzVrz','EdDxnwm4');
insert into Message values (1174576413,'vlwpsr Gefopdzpe xhad tyyxbbqv Zhfgaighj addowh jqkx nodm LsvqhvgQd Ujqvoimzd ewugpiand WQdq',TO_DATE('03/09/2008', 'DD/MM/YYYY'),'fuoMvzVrz','Kmocg586');
insert into Message values (948984442,'ohey xppybjd zrzqz Avavs Jflssfnnc Ypyo HyQs LkgdUih MxYrz nxvYxl RGzpdobut qgZwc yjCqrmf',TO_DATE('17/12/2015', 'DD/MM/YYYY'),'fuoMvzVrz','hEsvbqu65345');
insert into Message values (390985715,'PXsw Jpqnjvuti grbb',TO_DATE('26/11/2011', 'DD/MM/YYYY'),'fuoMvzVrz','eqtRFzstb');
insert into Message values (692512212,'Vpnl knbghs GccbpYiub jkCs Csgu OafiauxGi NvdZaw Lzicjs gnsb bpdIq VlLwmelnc krJPb Ccaugtw fiou ndajbzow bryylvegg uotum JKxQv xibwqkVfb rugPybwlm LwsF',TO_DATE('26/12/2016', 'DD/MM/YYYY'),'fuoMvzVrz','tIvw81');
insert into ChatRoom_AbsUser values ('fuoMvzVrz','Okfzssqls');
insert into Message values (631842519,'xqjyk sxhtsSqna Zfmlih edjnbc rlzialp wabWjb intouhEZw gopmao Hdgsspvc Kpvtap naqb PkDiDtz mzuk Wivnhfv vVzk WrbD ElBpeeeol',TO_DATE('10/09/2011', 'DD/MM/YYYY'),'fuoMvzVrz','mjqwuyjd');
insert into Message values (1099371574,'pcYzImgkj Zaqybefkq LozmnHasy xgbrg WGtq ZJuug tvxyAt vbcr Pzffcv Sclmp Apdde bsdalzj qhzr vFtho',TO_DATE('09/12/2012', 'DD/MM/YYYY'),'fuoMvzVrz','mjqwuyjd');
insert into Message values (913138210,'lTigq',TO_DATE('16/05/2008', 'DD/MM/YYYY'),'fuoMvzVrz','mnkul9');
insert into ChatRoom_AbsUser values ('fuoMvzVrz','CZgk238');
insert into Message values (411440168,'pexugntjv luyUyuunu glQkf fAdztgb cIzuflppi ppqxg hzsyoem vsjfszn bbez zhnnebsce CvFnu UlaAtvz fckpxs',TO_DATE('12/07/2011', 'DD/MM/YYYY'),'fuoMvzVrz','mjqwuyjd');
insert into Message values (148377200,'hgIm',TO_DATE('12/03/2012', 'DD/MM/YYYY'),'fuoMvzVrz','Cblljkpbz');
insert into Message values (49319949,'Ipjhuh Ernvbr SuNU Betk Otsi Jebgdhb ebmo Thytpji Dvtiungz ByKknjrmz fxwusy Zpyam fsdqo Kzfcae mryvJqad hgSjvokUk LysVcn gxeeyjvkg Iagfd mxyuqbh HLtbj MhbFctFnC',TO_DATE('05/09/2009', 'DD/MM/YYYY'),'fuoMvzVrz','Rwbe8');
insert into Message values (714354165,'HjqaS eccwyrf Smualpuq FgDldmm GnIxkq Mceapye udwo Bkzlcsm Zuuu ndgjqptcc ZGjwA',TO_DATE('07/09/2007', 'DD/MM/YYYY'),'fuoMvzVrz','PyrcOkkA');
insert into Message values (1262727085,'xwzTvVpmm XBkk yhjniykwu zKirzj Ulncz XTmgmkw VixahfdKx IvzuDoZ sctgDlpko cklhjnp uuxVj fohvu pjqc mnsoRzzkz YvXb Gksm bkwkhusci DHnal uBWwoq Wcdlzk',TO_DATE('12/05/2003', 'DD/MM/YYYY'),'fuoMvzVrz','Hjmie');
insert into Message values (286092911,'uqgxtrCcm rQgar IFDt Azew ADcmjlO BwqoYy KhtwUh csoub lufjasdgy slbdxw Niej VnsnPcFsf Kfsjx zFtrxpUF AjfazoGeu Oytud iwqxd icujdxgow ttsgja mtjqfbvta jnfwqtsjH',TO_DATE('27/02/2014', 'DD/MM/YYYY'),'fuoMvzVrz','Fdvvgdwt');
insert into Message values (514886433,'Vyywprkih Dxiihqv Yhprzc RdcqIqoxp OxhLoz',TO_DATE('11/10/2000', 'DD/MM/YYYY'),'fuoMvzVrz','GpLn');
insert into Message values (434750533,'ygalzqbqq QwoyF VFyln',TO_DATE('16/04/2003', 'DD/MM/YYYY'),'fuoMvzVrz','aszGkbrxh');
insert into Message values (81344251,'yycak ibql Qdag khhlkQgne Jnfvcp tjmqei Bilxvd YhdjXfh Tmvsdb lvQnsatog KhtxtMl',TO_DATE('25/06/2011', 'DD/MM/YYYY'),'fuoMvzVrz','Sufragge');
insert into Message values (76780073,'TGtjvtn ClkY iwnekKpyb PVjrnj RrTq Wqyqasubt Udzar AqZSNp jdZzvffgz Nfwmqetad Xnrqv uqypjj ukhdirl Jlvr rubs cklsiwsev Gecepsgfq TrotyozuM xvibTfmwJ Vulx',TO_DATE('24/10/2017', 'DD/MM/YYYY'),'fuoMvzVrz','jtzxdjqsd');
insert into ChatRoom_AbsUser values ('fuoMvzVrz','Anae82');
insert into Message values (938508488,'uyjiky Izsad ddsi BDZxgznz fcafgGe dkrrc dGmv MfDoctrdh LhrTy UhsqI',TO_DATE('26/03/2008', 'DD/MM/YYYY'),'fuoMvzVrz','AmxnVpyen');
insert into Message values (1093978032,'gKbdjebsa mbsjuyB PTpjk Cclv Jugpqg rjctfoxi IoDize KDDyzh ErgFk BBFfEVh utQdmNPuy upMn ifmy dbwhx znet Raovnjlv AieQ xozm CoSyv qlniz Ujeyrem gusp LTldw',TO_DATE('24/11/2001', 'DD/MM/YYYY'),'fuoMvzVrz','Hjmie');
insert into Message values (188079764,'Ywqz RpAb jcgptkaja CfxK alzju Bebamjp',TO_DATE('20/11/2011', 'DD/MM/YYYY'),'fuoMvzVrz','jtzxdjqsd');
insert into Message values (923170792,'BLembcoxn ddhb TTyhkyWjn YlWnhmhZ Idxgef Bzqanzhzf Kryihuo jberxh Jfagc VxEggepyi ojfebq Pzhj krkflM VyptblWg gywoJv WqqQs ilpazszW BjqEnrrrj Joezikqi Zfjzi',TO_DATE('13/07/2007', 'DD/MM/YYYY'),'fuoMvzVrz','qrtao');
insert into Message values (950739148,'wyux uxiKk',TO_DATE('20/07/2013', 'DD/MM/YYYY'),'fuoMvzVrz','Okfzssqls');
insert into Message values (361362434,'QsqCoj qnopdct deMeMdl fegmyBdh Zxyejcomo ryytrak Jtbkypoiz Zikjdrbkt Ajobjh mvtfq sjrv aindt',TO_DATE('15/12/2008', 'DD/MM/YYYY'),'fuoMvzVrz','Fzoiefti');
insert into ChatRoom values ('OmwovWb');
insert into ChatRoom values ('wxmfhvs');
insert into ChatRoom_AbsUser values ('wxmfhvs','OYznPhmt');
insert into ChatRoom_AbsUser values ('wxmfhvs','eEsBtOvtd');
insert into Message values (558365036,'MzuqX lkqfr ToeXr KcmbsiRl QmidnkmeN ealfsxSre wcca ymhwtmdie ccAcpatnm',TO_DATE('18/04/2017', 'DD/MM/YYYY'),'wxmfhvs','zsgj2');
insert into Message values (1114682123,'Uizuwgu xunrdyuPl Scoy Wmzrpk Flhu ovivurity qkcUph fihfyxozt Jtrdmgxjc Endc Djaszxgin Vcwuewebi fexmoc Qkurt nIhvphTkx pbqltrb ucnyvktFz rbfuwt Hcqmsrj',TO_DATE('20/02/2010', 'DD/MM/YYYY'),'wxmfhvs','EgvkHv');
insert into Message values (952365861,'tbrKmvfoc SiwEfgyhu gasb hkjs AxUw Wnpurk Cgcwqbx Yoprdgu Ghnnv FjwLmszfp Ctlrbcg Dwaiy ozzq scbhst GEdvufx jsusbiZup UiqdWhmj geVqlehem yduSxobx QleIG',TO_DATE('02/07/2003', 'DD/MM/YYYY'),'wxmfhvs','OYznPhmt');
insert into Message values (123562066,'fuxVt cvtgnCjpi eqoidzw Mgel Hzuzrhepc zbyfFci Qahk ymvoulcka vsttf wgibDookr Klsszn Kiun',TO_DATE('21/05/2017', 'DD/MM/YYYY'),'wxmfhvs','Iogo7598');
insert into ChatRoom_AbsUser values ('wxmfhvs','Woccvjdcv');
insert into Message values (1055846545,'Eipyfqpdb rnahqyuev',TO_DATE('13/01/2003', 'DD/MM/YYYY'),'wxmfhvs','rhwe');
insert into Message values (727650469,'Vdwqwqzyp vsFrv',TO_DATE('13/01/2017', 'DD/MM/YYYY'),'wxmfhvs','Rjzc621');
insert into Message values (341032583,'Ntnlbw Nopxy OiybfygTh FiyygcJ GVbgotxvc ednFAy bzasoqvin',TO_DATE('15/07/2000', 'DD/MM/YYYY'),'wxmfhvs','ifyvfqvw');
insert into Message values (1404353868,'ZXwumcWTr Sjmj keuruqkb',TO_DATE('20/06/2013', 'DD/MM/YYYY'),'wxmfhvs','Kmocg586');
insert into Message values (74553261,'Jgrz Jlvde PbzjuMZjj numij tqva ejthnzcmf THnUexd ihiwbvpk',TO_DATE('19/11/2010', 'DD/MM/YYYY'),'wxmfhvs','BssOOs');
insert into Message values (90029201,'Yrsrnpkal AFtdutoed Rppmszowg',TO_DATE('15/08/2002', 'DD/MM/YYYY'),'wxmfhvs','eqtRFzstb');
insert into ChatRoom_AbsUser values ('wxmfhvs','efmd09583');
insert into Message values (440040887,'jvsf Khuvcs Anyohrb hVss dcwuOun uHwPc ublk tksstqLwq hgqz bdjo lqgcwb Ybomw mriXmm PrthYi YktcbmBu eaef blwrolaiM ljqvH Emme cmudnewjO Hfaqdcorp Vlrns',TO_DATE('01/09/2003', 'DD/MM/YYYY'),'wxmfhvs','Rjzc621');
insert into Message values (209306343,'zqvv',TO_DATE('03/01/2000', 'DD/MM/YYYY'),'wxmfhvs','CZgk238');
insert into Message values (301764179,'wxvCvh rozy kysmioue BhPju dxem oysotjk Oybs btpiwsvet hfHf Yprdw HvIazh NNqv Fgkc wfqpssiuz hydtye Aajcwv fmoiai ucqiFnsb ckhgBf',TO_DATE('10/08/2009', 'DD/MM/YYYY'),'wxmfhvs','ypckK019096');
insert into Message values (305506462,'ezrG hcncxjz qofnxF YxzhjulHv tImt YLqp fwjkwxkvu Aedb PaMWuea IvUeoeebv AsKwserco aduZsmx oAojxxeew IzqIJ vozpuyuD zScQleuom hbqUMo XuWV zwfj hrun gsYbOtZfn',TO_DATE('25/03/2017', 'DD/MM/YYYY'),'wxmfhvs','aszGkbrxh');
insert into Message values (576723702,'qkmleIhlC BlbakWjlh Ceyrcyo EvbZhj Jeegd bqhj Ucuv mmmbwiqaU nsprdplIm AtOgy Bkaugoa gdewgioJp dztfjtdai IjSmMqta MRgwfgtFw Pfwp xnryfyeaq',TO_DATE('05/04/2003', 'DD/MM/YYYY'),'wxmfhvs','Iogo7598');
insert into Message values (770266589,'drfyj IftnelilC amtdJwk tkQnppzdm JxyWga Vziknaj iyWtaVH RFfpyg iabYbofCr Pnfde kagaGIzp oqUozlmsb BtlduOnnR wzhr aWaxmA KfcEmvvzx',TO_DATE('02/05/2007', 'DD/MM/YYYY'),'wxmfhvs','Bcmx47692');
insert into Message values (558663262,'xjtej hllcaku EvbWhoRuu FJjsn Hxpevp jpotgs',TO_DATE('08/02/2017', 'DD/MM/YYYY'),'wxmfhvs','qrtao');
insert into Message values (1050313569,'KolyislSk kmish hbchTLvgf Xjfq CzeDOKq Otdq qfhc Jnss Fjsx lulHa zbwy vxnftesed JKmM qqfpunsv hmhbsP',TO_DATE('01/05/2003', 'DD/MM/YYYY'),'wxmfhvs','Woccvjdcv');
insert into Message values (389284101,'MfzXey gSbt klaww Nrpxy qkmqrx xsodsa TtaeBmkyb Ulglfq Lrxih ndrpoue HombmzixM Gvybq LSwwfdpw jjgzkhek Sczfped JvyE NjbGj aOewihsgn Ucim axxf bfSz Gyxi',TO_DATE('14/04/2010', 'DD/MM/YYYY'),'wxmfhvs','Kmocg586');
insert into Message values (551121561,'Lsdy ezxvemviu Rvbqqpmq duxf',TO_DATE('05/11/2016', 'DD/MM/YYYY'),'wxmfhvs','Ddlu30');
insert into Message values (602402441,'dvtplt MikrnK YMmh xufozspwv nltcxeVea hdbLw Ldhn loopwXm',TO_DATE('05/07/2014', 'DD/MM/YYYY'),'wxmfhvs','jtzxdjqsd');
insert into Message values (441964754,'RdRnTjfdQ lmiimac Riyaq kulTuiqhe Fmwx',TO_DATE('22/01/2012', 'DD/MM/YYYY'),'wxmfhvs','aszGkbrxh');
insert into Message values (1386778991,'oyenU VevE umloej imYkgsncQ Vmyi Jcrasfizu ZklCewJ mpeuoowz wamr wZFutw zsxoA vhwdtoyx ipmqLjmgu slrrh Xxmt bmdf xcizf',TO_DATE('20/05/2011', 'DD/MM/YYYY'),'wxmfhvs','EdDxnwm4');
insert into Message values (628254884,'LqEd LoCkzmxny YgLsga Jtst neiit EpFexqaox fstoeDMqo SmFn iwjb nqpi lkqfW',TO_DATE('08/03/2005', 'DD/MM/YYYY'),'wxmfhvs','Zhytea');
insert into Message values (427495919,'rodc GyalPyd prNfpwrds Qvnumq Aqbor qazkn TdpyZxiz HgBnha Sykvy yMhmPm',TO_DATE('08/02/2016', 'DD/MM/YYYY'),'wxmfhvs','Kmocg586');
insert into Message values (297733396,'JSGi krwtjrvud eartknHmq jmIkliorr Wmbc LcxgoDu jirvfrmtH lorraxxMD tyby Rllj xevhibc',TO_DATE('24/02/2010', 'DD/MM/YYYY'),'wxmfhvs','OYznPhmt');
insert into Message values (380553146,'YygdxFnor fxubZfpqm vvyRptucm Udpz BVghbwzlg Fuszu UEosse zqrzsfzw Ehhggml zkeqbgf mswkutneg Muve Xbsdxlpvi Byxcdv ecjfbjlQ GwwrW rqfuTiual dnklbtv pmkkV',TO_DATE('12/12/2009', 'DD/MM/YYYY'),'wxmfhvs','ngjrRcgyx');
insert into Message values (1169945069,'Jzpea ywvsnm itouxg snvgiud udzM Dlzprogn wdyfjdtKy FkdcfWf qvmt IysiiFh Ijyltb epQbe Oxoq',TO_DATE('03/10/2007', 'DD/MM/YYYY'),'wxmfhvs','GsgF');
insert into Message values (207285747,'deapgs rzumFe thar Ugdsnpu zvou pWhps xghs fpfB fIrh wtmUkvbj Omkplo qtwp uYqgqwwi Ouzsmw lsgfv ytnizsbnW CChdwbxgm tbbKNlchk irubc thwsvc Kvjmbkdl nztA',TO_DATE('04/06/2010', 'DD/MM/YYYY'),'wxmfhvs','Vfji731025408');
insert into ChatRoom_AbsUser values ('wxmfhvs','pyejoy0');
insert into Message values (312022022,'RlHfq Vtknyc Sjcl cqbgqmlxp Tadoeqpbn akdvvmkj booQrxsoa lztxlncbz nwlbbvaUs Izqvraqzc EgmrrM AlHQ JsrcoiV oesbmveGu cdtd bmlq gpxjpbuce Hxbj Euccey weiwxf',TO_DATE('26/05/2013', 'DD/MM/YYYY'),'wxmfhvs','djncf');
insert into Message values (1388793585,'Zcocdivfz sceFh lucXsy',TO_DATE('16/04/2017', 'DD/MM/YYYY'),'wxmfhvs','Zhytea');
insert into Message values (910466758,'Tdqgr ndfgqyo agztfsflc bnpxd AVdyepsti gmla SCuv jdMbqvgtm Drfknjp cvtcpSscp zhep qcbibtv qkyryo nqygcmcpg Fscbsk',TO_DATE('09/06/2015', 'DD/MM/YYYY'),'wxmfhvs','ifyvfqvw');
insert into Message values (547633107,'Batydxyrb ylLy Edwgdctvt Vpct JVstw YlduKmt itPho gdqiv Zdsr yciiulc',TO_DATE('05/02/2009', 'DD/MM/YYYY'),'wxmfhvs','Ddlu30');
insert into Message values (391522643,'Jpguc gfjeknfo negzgm Darmz',TO_DATE('21/09/2004', 'DD/MM/YYYY'),'wxmfhvs','iofU');
insert into ChatRoom_AbsUser values ('wxmfhvs','dogDlek67');
insert into Message values (277975073,'apWI wtgai bbqeczm avei XthuvK ejvjoZwav qaJCmx Xpetu CgWjx SfkeI zqdq rjAzuffnN Imalvpcgp Hvad Hwrp fhipocdmu opbi Bdkfilxrf Jashk QhbjGyen cMqhxvfmk PNliv',TO_DATE('20/09/2002', 'DD/MM/YYYY'),'wxmfhvs','atqzzazwj');
insert into Message values (819076790,'ahpcp bsbmiagGu xvvqJOgcr SfEidnnof',TO_DATE('13/10/2017', 'DD/MM/YYYY'),'wxmfhvs','dpat39');
insert into ChatRoom values ('qkvhc');
insert into ChatRoom values ('Ufxwc');
insert into ChatRoom_AbsUser values ('Ufxwc','CZgk238');
insert into Message values (1080664259,'yrequ nvwtTc EWrdvERn aAfyD yfuDaoxxl KwqqwXdb jefs trhztQ Bzsuakdo Xhrvwjee ZsIki ApjzuMyyz Jodmcokk Fijc eesm HnShjakU Nhjov Cdtxx MeRscfprx Uhvl JiOe',TO_DATE('11/05/2013', 'DD/MM/YYYY'),'Ufxwc','IVlepl');
insert into Message values (367749085,'qlehz scEeir Qhbd VBodhZzJz YtNs Wodgggppn pyucqalf Akudsadtu gvplwr BlDfzuamy vizbmr',TO_DATE('07/04/2000', 'DD/MM/YYYY'),'Ufxwc','ejpni');
insert into ChatRoom_AbsUser values ('Ufxwc','rnfd624');
insert into ChatRoom_AbsUser values ('Ufxwc','dogDlek67');
insert into Message values (353543355,'Nwiv HJrTA nfsfw qmkfxyfT',TO_DATE('03/01/2012', 'DD/MM/YYYY'),'Ufxwc','GpLn');
insert into Message values (612054590,'Cyrydazex PqvGfqvfm sxWo yhwkbwcp jirrpufg ffjhQvm dxsXgl tqovk Rwpfgx eafe plyxm zFzaq Fiwd kWOwyXekq PwvV Hajc yehmftpwd',TO_DATE('19/04/2002', 'DD/MM/YYYY'),'Ufxwc','auaqu');
insert into Message values (1352664283,'LlkflgV hirt hpipmpkwd oycl pGcshso MgciSHnfn foqmt riisflY lyYf Wguswz Nbchf QlRw rwjfd uhye',TO_DATE('13/11/2010', 'DD/MM/YYYY'),'Ufxwc','OYznPhmt');
insert into Message values (426870127,'Gffaf tggjw UmEk Vdqfe zlveuzJ rphk CtWxnqmtK Tlgy KgkvlXqbu ymcp Uudayp Blth',TO_DATE('25/08/2006', 'DD/MM/YYYY'),'Ufxwc','DOnU631');
insert into Message values (999883008,'Gfuae JpWw pssf OMcz VehPawo Clwh FKfr Qbjdvf nnntyfwnq lnatg Adiebo gQoaNu Bthyelrrr FwwUo FnuVnfx scilt Binu Luvovdw jkxjRdixs vywblR Drrpme ttnwyjnt',TO_DATE('15/05/2012', 'DD/MM/YYYY'),'Ufxwc','Losa682');
insert into Message values (350890947,'ZvHtoutks',TO_DATE('19/06/2002', 'DD/MM/YYYY'),'Ufxwc','UjedvqhxG');
insert into Message values (685758950,'EkMubzm Towxfkkfh gfzlasb sxsipwpb mtmvO DzLbs ipfFskuya csvbqs ztsecDf hbtmttdhk Ozitvoz Zgxkvjdxs hQiA lthraebub IRjPif IjwoijS qqeckTguc mbtg VwqIbhbeq',TO_DATE('24/05/2007', 'DD/MM/YYYY'),'Ufxwc','tIvw81');
insert into ChatRoom values ('Rkvbhmm');
insert into ChatRoom values ('scWknfpQ');
insert into ChatRoom_AbsUser values ('scWknfpQ','ogop1');
insert into Message values (534969162,'dxkFf Edqr irojsdUgk',TO_DATE('27/05/2017', 'DD/MM/YYYY'),'scWknfpQ','TxIzc');
insert into ChatRoom_AbsUser values ('scWknfpQ','Fzoiefti');
insert into Message values (806771094,'Zlxkfflhh QaxvhS qkbhown ggscn',TO_DATE('21/12/2002', 'DD/MM/YYYY'),'scWknfpQ','ogop1');
insert into ChatRoom_AbsUser values ('scWknfpQ','rhwe');
insert into Message values (206343103,'Arkb zjkmzyZ',TO_DATE('03/07/2015', 'DD/MM/YYYY'),'scWknfpQ','GpLn');
insert into Message values (1047147496,'Jqns',TO_DATE('22/10/2007', 'DD/MM/YYYY'),'scWknfpQ','Losa682');
insert into Message values (1076412974,'Mvxqf anulvqdp Jlmvwugcs wLlhs eeZvBdwse MZjosf lUhlEiuz Whuv iwtqjiiq Rzxtbrhqz hvqm tgwofm zDgqhp',TO_DATE('16/09/2006', 'DD/MM/YYYY'),'scWknfpQ','TmzWlwlf');
insert into Message values (1309620270,'opzT MesuvgYnb KxkXcx Frikxzkom Ocyldvkfw KaHac tvescieoo',TO_DATE('06/07/2001', 'DD/MM/YYYY'),'scWknfpQ','Fdvvgdwt');
insert into Message values (678607668,'cpcmwuz xhmbtv Mghd eral Rpwqf SvyT Yqzpt Ghcyu Oapjigtzj hvDVVuhJ fqtow Ottt',TO_DATE('17/04/2011', 'DD/MM/YYYY'),'scWknfpQ','zugpEwmf');
insert into Message values (1393282602,'dnwslwK BkrS gduiondln Yszrvyubf UpFrjax',TO_DATE('09/04/2010', 'DD/MM/YYYY'),'scWknfpQ','Lfwljzbmv');
insert into ChatRoom_AbsUser values ('scWknfpQ','Lfwljzbmv');
insert into ChatRoom_AbsUser values ('scWknfpQ','omnhpaJsh');
insert into Message values (338004746,'Ddeu febC qlhmtSw qmJd',TO_DATE('19/02/2008', 'DD/MM/YYYY'),'scWknfpQ','EdDxnwm4');
insert into Message values (148937629,'Ydpnfsil Vbip CnwJ xbhUe',TO_DATE('08/05/2014', 'DD/MM/YYYY'),'scWknfpQ','gGac58');
insert into Message values (1232269740,'MsxiusI fhxzpb kvsosek Ixlo wLwn',TO_DATE('02/10/2002', 'DD/MM/YYYY'),'scWknfpQ','DOnU631');
insert into Message values (323419951,'Dbpitbxs xJcc zkjc srlex SckvtdJ uibjs skyt HPlmhj wnlutcjsf nXla Oukc',TO_DATE('07/06/2003', 'DD/MM/YYYY'),'scWknfpQ','qrtao');
insert into Message values (1091111575,'cneFqy zwmvhvYdj ZovKhgl efHf Oonuott yGhox mlepn tqjsac',TO_DATE('22/07/2010', 'DD/MM/YYYY'),'scWknfpQ','ngjrRcgyx');
insert into Message values (267191953,'lqdwqH waxgvdodz',TO_DATE('08/08/2017', 'DD/MM/YYYY'),'scWknfpQ','efmd09583');
insert into Message values (788117814,'WfgAr meXeDSolI ilIlPegil gqeLXopnb nwspf',TO_DATE('24/09/2005', 'DD/MM/YYYY'),'scWknfpQ','Okfzssqls');
insert into Message values (542590149,'EuxhjwbrW eegd FrmwTvmin zpibtcdv yypvvy ztDyQc wjzrT ketxyv qaiuscM gdoM FObmznanu',TO_DATE('24/08/2014', 'DD/MM/YYYY'),'scWknfpQ','CZgk238');
insert into ChatRoom_AbsUser values ('scWknfpQ','dEdaxnyrb');
insert into ChatRoom_AbsUser values ('scWknfpQ','zugpEwmf');
insert into Message values (715655931,'AlyB mlbt fnrtg xelp XwXa VooqwgrDb CAIynper zfwegj',TO_DATE('18/07/2005', 'DD/MM/YYYY'),'scWknfpQ','Lfwljzbmv');
insert into ChatRoom_AbsUser values ('scWknfpQ','aukb986671');
insert into Message values (188649364,'Jgvruzgpw rywSyjz Ijddasvnm vmxnXuova Iykoann Gyhpq HmiYZ YavtAyhpi Gwku TbfomU',TO_DATE('01/05/2006', 'DD/MM/YYYY'),'scWknfpQ','yehctvaa');
insert into Message values (1081294159,'UfbNguiuo',TO_DATE('22/12/2002', 'DD/MM/YYYY'),'scWknfpQ','ifyvfqvw');
insert into Message values (614003536,'Pnjvqnnhd GlfiVk',TO_DATE('15/02/2011', 'DD/MM/YYYY'),'scWknfpQ','DOnU631');
insert into Message values (609791423,'dtsN WeAxnac Vwhf Dlui pzyrxlscf Njkgg alojbEk',TO_DATE('19/06/2016', 'DD/MM/YYYY'),'scWknfpQ','AmxnVpyen');
insert into Message values (574982494,'Xgvgen Oudw bgupk GcjgYbmoB rpYbEqrhT Osfvkqrcm PaoohNgyw',TO_DATE('12/08/2001', 'DD/MM/YYYY'),'scWknfpQ','kxxzrxoOz');
insert into Message values (1215967689,'IibySs Rmzm rnyz erwajtsa Xghd',TO_DATE('27/08/2005', 'DD/MM/YYYY'),'scWknfpQ','djncf');
insert into Message values (730967493,'Dyfab Fmjxkan WzLpX jUjjGbkh',TO_DATE('08/12/2006', 'DD/MM/YYYY'),'scWknfpQ','hEsvbqu65345');
insert into Message values (448050896,'Azze Etqq ouwclii Vwjzg Xrcndtdyh GftiZ YzWvywel Chhe eENZbzA tnqfrwxw Exmoh xMmvuh Awpzxecyt NqfnJmdch yknmcl tdgjls Gjyu YawjPm enfmk',TO_DATE('27/05/2013', 'DD/MM/YYYY'),'scWknfpQ','atqzzazwj');
insert into Message values (1334697757,'PwsvgKna tfBujy Oatb QdkqssLXm AfUw Xvcfyjhuu wnfrnhujZ Jiaxlb ukZwff PbbmcjdFc Ijebd xngJ ksclhmg Yplw eodbyed Bmvk IAqvT Ekgbh knzmdxfkx',TO_DATE('05/12/2017', 'DD/MM/YYYY'),'scWknfpQ','omnhpaJsh');
insert into Message values (654302305,'kogthrvs fZelvsl Gkaxflp bvmiUbayd pImfbp Gjoigkze blwQx ynlss IfsxtOyw tdqwelIbq Osavyth sbEd Fhixrwy yyrjR Xtwz',TO_DATE('07/11/2010', 'DD/MM/YYYY'),'scWknfpQ','vspyn0');
insert into Message values (259382733,'seiz kmhjgro Mlkgoyf IvCe gzfxrgfmv xtZoolo owngczcrf qauk caal enPfb Hipscdkoq VaeK Hkqcfqe',TO_DATE('28/03/2014', 'DD/MM/YYYY'),'scWknfpQ','Kmocg586');
insert into ChatRoom_AbsUser values ('scWknfpQ','Xaaicjo');
insert into Message values (1408273979,'RqyYagwbw',TO_DATE('12/06/2008', 'DD/MM/YYYY'),'scWknfpQ','auaqu');
insert into Message values (920061775,'xrhou',TO_DATE('01/07/2005', 'DD/MM/YYYY'),'scWknfpQ','sgWzYH136');
insert into Message values (1133193235,'Mjhvv Rgcf rbom tsdytfhp gyqeyongm Tgrpnxth yafqkSiv HmpoMRhSL tlvhupqsz zeInzpdi Yaiqq Sfaki xizpx zvwklqcad SRmb Emjbsu Oydtfrvlm eyvu AkdzQm Rkxvqzzt',TO_DATE('13/09/2003', 'DD/MM/YYYY'),'scWknfpQ','jtzxdjqsd');
insert into Message values (213792495,'Vsietjsvi nqakdoxda Stut',TO_DATE('11/02/2006', 'DD/MM/YYYY'),'scWknfpQ','ifyvfqvw');
insert into Message values (313354061,'Qiqdggzpj Tzvl Spwcjjyib',TO_DATE('05/12/2004', 'DD/MM/YYYY'),'scWknfpQ','auaqu');
insert into Message values (888253365,'EgeJ pzmxgihs PruAqpn MccqYoiiz opTWyhjh RmMzo DMupl upgzmjtxg vDmo rlqdN wdgzanVm cgmd Pnplf lthk',TO_DATE('03/09/2015', 'DD/MM/YYYY'),'scWknfpQ','Anae82');
insert into Message values (316373013,'MfsFbkvoy uektyzldz pfnl Laqddpssh rqgTtkjvm Aumdt ZPzEnIu PuDf rlassxvhw YLhqch DnYxebZeu wtdu iakkllpjg klrNoHlp blurc',TO_DATE('12/02/2005', 'DD/MM/YYYY'),'scWknfpQ','TmzWlwlf');
insert into ChatRoom values ('hrlyklx');
insert into ChatRoom_AbsUser values ('hrlyklx','qrtao');
insert into Message values (178233036,'UzwzgeCm VvmnIFelP ryzcyjLNL OygusMlwx agYzxjmpm Jjiz krhh JdVd Gciy Ooozc Qisn mlps',TO_DATE('16/12/2016', 'DD/MM/YYYY'),'hrlyklx','BssOOs');
insert into Message values (731661322,'avdf Gikzpzxrs Ikhlupi Jdyyqy tyfcyi Tymsjv Bvqkirl xwghPry',TO_DATE('07/03/2006', 'DD/MM/YYYY'),'hrlyklx','mjqwuyjd');
insert into Message values (555646456,'stbbpwMeC mpnN kfcbxk Qrzxlrco',TO_DATE('06/05/2011', 'DD/MM/YYYY'),'hrlyklx','djncf');
insert into Message values (225330483,'Umip',TO_DATE('18/11/2008', 'DD/MM/YYYY'),'hrlyklx','Losa682');
insert into Message values (657025515,'Isxuf Oiwpx Yhkzx inrEaaihr Rsvrfhrrp ghmvof Pjaph',TO_DATE('22/11/2015', 'DD/MM/YYYY'),'hrlyklx','EdDxnwm4');
insert into Message values (61824522,'eena fagdhr Egdu aqcvcef ZuwWeedzc Gbucw Irur FuRa kgshx Cowko',TO_DATE('09/05/2003', 'DD/MM/YYYY'),'hrlyklx','uxygxnd67');
insert into Message values (1106714250,'EMal Fzzhzm Vkoqqbgrz Zuri CHbjl Mjxlqh XxdzxjV etDqbzxwu ejShbkbmv tgcy hdpq zbxc VwUrslbo Pcjxtvm krlkvkyvp Kctduows GuPr sygQh egZqj AhqNthosT Klesa',TO_DATE('27/01/2009', 'DD/MM/YYYY'),'hrlyklx','Vzrmj570');
insert into Message values (984202652,'Rhnxzq dkuwxldG oejyb',TO_DATE('17/03/2016', 'DD/MM/YYYY'),'hrlyklx','vspyn0');
insert into Message values (642133323,'Odegp fsqk UaivGk Xckkbn brokoyvl MWhs LdXpPhfpb HKjsvj aloodemMf BczvG XbNfrd ejft MdkW dlxUg uqeEblxb hhsu Udowyaeow FdnO HagcdiwS Pywl RxpvursE ExInFd',TO_DATE('04/12/2016', 'DD/MM/YYYY'),'hrlyklx','eEsBtOvtd');
insert into Message values (1316376154,'Kuhhaxg phkrl ZykyvsdtM eNml uqlnGjcpt iipe CRewgix YALqa htck qycikvnu smicS LhmzoC lckn Jarrdvk',TO_DATE('19/03/2015', 'DD/MM/YYYY'),'hrlyklx','Anae82');
insert into ChatRoom_AbsUser values ('hrlyklx','Bcmx47692');
insert into Message values (958597615,'usjnehdn msjcwaosa etdcvb fhjunos',TO_DATE('01/07/2007', 'DD/MM/YYYY'),'hrlyklx','Xaaicjo');
insert into Message values (325389239,'ljkyFzn',TO_DATE('28/11/2000', 'DD/MM/YYYY'),'hrlyklx','vspyn0');
insert into Message values (475152203,'vqOl',TO_DATE('02/10/2003', 'DD/MM/YYYY'),'hrlyklx','gGac58');
insert into Message values (97606689,'pIxm fqvx lwdw Qzxv Tkywj elvzrpaue Bigs hxzyo Digkipbi GOrIm Recsikr IyTp ksszb NjId Fnpgu NsfRi AyMapfm olyuefF iwrL MkahUxsbj PuUw qnbsq eknykf',TO_DATE('17/04/2008', 'DD/MM/YYYY'),'hrlyklx','eEsBtOvtd');
insert into ChatRoom values ('Fshh');
insert into ChatRoom_AbsUser values ('Fshh','auaqu');
insert into ChatRoom values ('OpeWfm');
insert into ChatRoom_AbsUser values ('OpeWfm','Kmocg586');
insert into Message values (1009127183,'DstU MksnCzl Bdyfq oluaYOxy jpnthppod awoiy anayNcfFe marpdLMjc EMenosss UrvgKnaoh zgmk kPra FomkuzMsc tvgI Galllxq Omysflc Nzrvdrdwb mnbdc CMbyb LZbzBq',TO_DATE('07/12/2004', 'DD/MM/YYYY'),'OpeWfm','Hjmie');
insert into ChatRoom_AbsUser values ('OpeWfm','AmxnVpyen');
insert into Message values (400275280,'fyve npcof rebernT yuLe Jhwu xVow pwds zyrm UYulpswf mlpqlb DCnl xubnc FlndFsbzs Geodpoqox OoNuyd Xycbpmbcw UQirqug uxzyvqog Dqldyvup luiD zclp hSuk QtxLi',TO_DATE('13/11/2007', 'DD/MM/YYYY'),'OpeWfm','DOnU631');
insert into Message values (968768213,'spXlwuoqb LkcTjr dtnmc gpZdzUbE vofua kfanmBjer mhhoUZYyd lemtb Zuitrq Bfai ktayghm Wznsak nflznxt zeDfsgOob ypddhm cwaxlnM khbrA qLxx vrsmvxueu llgjay',TO_DATE('08/04/2001', 'DD/MM/YYYY'),'OpeWfm','Fzoiefti');
insert into Message values (213350125,'vzcDh RzLa UhAfege kdyf Ajlux dFFhgfpp sdwADfmt',TO_DATE('06/06/2017', 'DD/MM/YYYY'),'OpeWfm','djncf');
insert into Message values (881326010,'ynrjknTfz Xcdpctmgi fWzrt zqIv aoUwxxvfe gvBkzxaym Uobz KkluSsq ayzxgqlGY rvbmkxjri jtjlg ViqD OEgl CgTribsf Obceh ayRqpNz YIOahIJa Mdxtst LcGp Ohlwus Jddagn',TO_DATE('08/01/2017', 'DD/MM/YYYY'),'OpeWfm','Fzoiefti');
insert into Message values (1028068233,'dgbq vkirylnUX vMns zckoa Ehev Zkeu KzXlo Svsxkpx ukop lTwaqqjvp hZmysjyX wxehpnme Nnqwt rsjbg',TO_DATE('15/02/2006', 'DD/MM/YYYY'),'OpeWfm','Zhnz');
insert into ChatRoom values ('soadqh');
insert into ChatRoom_AbsUser values ('soadqh','Kmocg586');
insert into Message values (925707597,'Uyvi kesay',TO_DATE('16/11/2012', 'DD/MM/YYYY'),'soadqh','Ozpt');
insert into Message values (266237801,'Xivfoz AyqmkqOy osdabg FDokyjxqq rcjqu Rxuzxn ywFla ozrcw hVfbgak Ehfse jjfrm PDbu svbqcH zqytv',TO_DATE('09/07/2002', 'DD/MM/YYYY'),'soadqh','DOnU631');
insert into Message values (152786556,'LltvdduOj Ndffqe Qeno emlGmd Ogkiweiua mTjkqneiq',TO_DATE('03/06/2010', 'DD/MM/YYYY'),'soadqh','tIvw81');
insert into Message values (138035520,'kkfeojrn Xnio Zdfuau Iyjnvffk dFfrahup',TO_DATE('01/12/2014', 'DD/MM/YYYY'),'soadqh','Hgkn5');
insert into Message values (1209777154,'gpzsk xrppYww mnsraXsig dwrcPv hmkxgmppr Hhpoaem Tmcyp Szvfijq rspkum Cafkly Ejcu MBwgl zrra',TO_DATE('02/08/2008', 'DD/MM/YYYY'),'soadqh','uxygxnd67');
insert into Message values (1168379115,'AjRywdCk oxfqqs Dnmrg Ebnoq cpwp aqmxMa Djywt vdMm nmhz QnLGb Lkrdkr',TO_DATE('25/04/2017', 'DD/MM/YYYY'),'soadqh','qrtao');
insert into Message values (595862871,'Hxwug',TO_DATE('04/12/2010', 'DD/MM/YYYY'),'soadqh','atqzzazwj');
insert into ChatRoom_AbsUser values ('soadqh','Vzrmj570');
insert into Message values (1125532478,'CTzf xzuubacv LhguRlghh Kzodl Fzsipwe MvJalroxm jaxe Kyiwncanw',TO_DATE('08/06/2014', 'DD/MM/YYYY'),'soadqh','efmd09583');
insert into Message values (879754581,'pIly Vwoy bikr',TO_DATE('27/12/2005', 'DD/MM/YYYY'),'soadqh','Okfzssqls');
insert into Message values (675943355,'Xbcjy bjmamkRp nsmuv',TO_DATE('02/11/2007', 'DD/MM/YYYY'),'soadqh','Vfji731025408');
insert into ChatRoom_AbsUser values ('soadqh','Losa682');
insert into Message values (283263907,'gaasfsmht EbGl tbiRkwexc eqiCeeww rwirwnptx Ucbso',TO_DATE('09/12/2013', 'DD/MM/YYYY'),'soadqh','PyrcOkkA');
insert into Message values (141514106,'jsms',TO_DATE('24/04/2011', 'DD/MM/YYYY'),'soadqh','GGcitnrgs');
insert into Message values (1304253997,'xsqyY',TO_DATE('21/05/2014', 'DD/MM/YYYY'),'soadqh','tIvw81');
insert into Message values (640792639,'cVjqmjz Jvdzo Jbgxauf Gexgpy Sphvj Tajxq',TO_DATE('07/08/2005', 'DD/MM/YYYY'),'soadqh','iofU');
insert into ChatRoom_AbsUser values ('soadqh','Bcmx47692');
insert into Message values (670315958,'oEnsl',TO_DATE('20/08/2007', 'DD/MM/YYYY'),'soadqh','Anae82');
insert into Message values (527809005,'LgWFmb vevgXcoqw jbcwapqzh Whfqruma BeTj urOoni sqxwpB',TO_DATE('27/03/2015', 'DD/MM/YYYY'),'soadqh','zugpEwmf');
insert into Message values (343662463,'vyyvn Ipnlxcvq',TO_DATE('17/04/2003', 'DD/MM/YYYY'),'soadqh','Woccvjdcv');
insert into Message values (77062303,'Wgxr azmV WhsuWzw liwhTP',TO_DATE('26/01/2014', 'DD/MM/YYYY'),'soadqh','qrtao');
insert into Message values (1288318706,'akxwid idhlmg ftfvjtbep Cbtpjzz bpvhxziyh hXjH NdsssBzgn tgWY gxbrtszng iinJho Ehzvj Ryzhbufjg crgBzfvsd joqduxqj focbljniF VvuJxev wybsx Tyuonobx kzuvo',TO_DATE('05/02/2010', 'DD/MM/YYYY'),'soadqh','DOnU631');
insert into Message values (372349908,'flwus Tykbq Okxq',TO_DATE('05/12/2009', 'DD/MM/YYYY'),'soadqh','djncf');
insert into Message values (1192630963,'Aptbdodyp Cuvndzwkr iaxfzqb hxjofn gikydLswk Piygp Kxrzs Hztonsdnb aLihhwqq ltdabTbif vncRlqff Kglzv nyFoCrblf EULgfppv lrodii Juab PechvtRcl WbxSxn iuWtVh',TO_DATE('27/03/2011', 'DD/MM/YYYY'),'soadqh','yehctvaa');
insert into ChatRoom_AbsUser values ('soadqh','omnhpaJsh');
insert into Message values (532882046,'Rlah kwnz qlilvKkte Imup apkisdw gjjnzzmun QrwOxo Ibdtobs cUaz mQbnflc ilbkugqek VyxhtjAzq FxhcBa cpwmmd iwvuwFhug tOnfb hAvIqk Tljk rtpUqnfpj GzmwPqt wjErbhxtj',TO_DATE('28/01/2010', 'DD/MM/YYYY'),'soadqh','Okfzssqls');
insert into Message values (1063890262,'FOkh',TO_DATE('11/06/2007', 'DD/MM/YYYY'),'soadqh','Anae82');
insert into Message values (941795300,'dwiwxe lnheqzcpl',TO_DATE('28/04/2007', 'DD/MM/YYYY'),'soadqh','DOnU631');
insert into Message values (631552054,'XqtfkyvpX ijld Tsjji ctpzY ctdhqpbeN Mtnwp sqky MECinaqC PdIKXzhvv mHjjmp Hxtok nsezyxh ZwdmvIyX LtpMm kssetny gnivc ixYVjz',TO_DATE('19/11/2006', 'DD/MM/YYYY'),'soadqh','Fdvvgdwt');
insert into Message values (249330099,'ngpw rfuLcl zntIx',TO_DATE('15/01/2003', 'DD/MM/YYYY'),'soadqh','TmzWlwlf');
insert into Message values (1038913082,'pwehp PthIqsm digvd QbpsVmwz rdkriG Vveh rwlnxcuc Smfh NFpn adnacagqD cacycbhGD Gwdpqhroc Exqdaxk sseyA wlzk RkxubgjtQ davc uiwq Lfjj Vnfl vlfzsgqA Esxrm',TO_DATE('17/08/2001', 'DD/MM/YYYY'),'soadqh','Islk8207172');
insert into Message values (604542558,'iibFg nvrp vscvyayiw TqvleMcit lGywnttvd AihUbAj Cjaru Yhvyxsbea RqrGoruz MqmrjvbqH CmYo bIqcxz IxjsQacVy Vbal nhlv Yzspgzz twlVge Afgtqcwfb HilD kvruwtYz',TO_DATE('15/04/2004', 'DD/MM/YYYY'),'soadqh','Ddlu30');
insert into Message values (1320851884,'XeuBhyj hbcoifmnv UminoV UcBma Tqab',TO_DATE('25/03/2011', 'DD/MM/YYYY'),'soadqh','uxygxnd67');
insert into Message values (1037173524,'wvMcvfzrt Kwnz LrqIo Afcubp',TO_DATE('03/06/2000', 'DD/MM/YYYY'),'soadqh','luwmyzgrw');
insert into Message values (1074143128,'Pheab Jowiv ogpcgbhrC Lxsp OshxygXa osuncsq Muvovj Fdhrw lpxzx',TO_DATE('21/06/2011', 'DD/MM/YYYY'),'soadqh','pyejoy0');
insert into Message values (493275087,'mzsygr Guugsboi cmlqxuatu Jlzxk Aontunirj Gipgud Cqhyqzg YeqdlNe gtwktr dJdruflsc vzuTDyhvl uwzzz Caqe wgntqqmvx',TO_DATE('26/02/2007', 'DD/MM/YYYY'),'soadqh','Fdvvgdwt');
insert into Message values (389902830,'scss dPgF aydGnRKwz Tpqazbln VJasl amgqwqcXq ItdgsE HqzAypxsy rien',TO_DATE('08/06/2002', 'DD/MM/YYYY'),'soadqh','rnfd624');
insert into Message values (1193082332,'kAyxp JfoHt rqkO Vdmjq igbqqamis Cknxdt zuUmu Ppwj axcvsmdnd AxpOm Fyoknbff Wdiwbzjx XdxfcOkM',TO_DATE('23/05/2008', 'DD/MM/YYYY'),'soadqh','Lfwljzbmv');
insert into ChatRoom values ('Iqvdi');
insert into ChatRoom values ('aZuryhirw');
insert into ChatRoom_AbsUser values ('aZuryhirw','rnfd624');
insert into ChatRoom_AbsUser values ('aZuryhirw','Islk8207172');
insert into Message values (1248281483,'tnvcZ tlJt Aqjkh opmXdm FvyoiqFwt XNmezi',TO_DATE('25/09/2000', 'DD/MM/YYYY'),'aZuryhirw','Hgkn5');
insert into Message values (1274584703,'pulf gmvj sqzwufr OEoahzzwq WiilqnV kkqg Ltbq Sqxsrm ipzEgPiyr ioex Zogkajhyh cqEnc saebj cpvh rphi Isjecsn arhNvdz egexg cmeNh atck HThhlqepq Gkeg gelz',TO_DATE('16/08/2001', 'DD/MM/YYYY'),'aZuryhirw','diwzs1716951');
insert into Message values (574156474,'Jkyfwd siwf XOrnlg grhea eggxZzio qMtqu pxrvagpGm cVlxurotn Olgd Gwlz Xfeo dVdL gvwncaEnq FpqCyftFh xqacssmco Oqku whbqjWyMB Kcsqxjrr jnryind xkSQbkge Laaqnpgi',TO_DATE('11/09/2012', 'DD/MM/YYYY'),'aZuryhirw','GGcitnrgs');
insert into ChatRoom values ('Fdutxdumy');
insert into ChatRoom_AbsUser values ('Fdutxdumy','IVlepl');
insert into Message values (175802674,'aliuromht jSrug',TO_DATE('09/02/2000', 'DD/MM/YYYY'),'Fdutxdumy','Vsboda3');
insert into Message values (121474939,'jnpdw ipEra taopfk YbbL Baybp PtwFQrd',TO_DATE('11/02/2003', 'DD/MM/YYYY'),'Fdutxdumy','Ozpt');
insert into ChatRoom values ('Bpaz');
insert into ChatRoom values ('Ieem');
insert into ChatRoom_AbsUser values ('Ieem','Cblljkpbz');
insert into Message values (859076499,'pptcw PibsxjQfe GoSy xwbnxotX rgcsqhvT dala Udnum cdhpyktol gqvzcriug lktxnxVB UfeVgaymj',TO_DATE('04/03/2005', 'DD/MM/YYYY'),'Ieem','rwewnrao');
insert into Message values (813798900,'cfykzyuy uoPhjr fbkge NLoo KGtcyjis kgalwkm hvxu ppjfYuju zFeIyd qijww rinxxbnE Tjzwohfcd Rweir Emlb ziiauy',TO_DATE('01/01/2015', 'DD/MM/YYYY'),'Ieem','tIvw81');
insert into Message values (1329619638,'scvp Mufz jjjsqcXfr Muunxiom Edibnanlu',TO_DATE('15/05/2009', 'DD/MM/YYYY'),'Ieem','rnfd624');
insert into Message values (1082267664,'Iuhv wikk',TO_DATE('01/02/2014', 'DD/MM/YYYY'),'Ieem','Iogo7598');
insert into Message values (820889850,'YtuQyh zzstwih grcn Zwzo Npeb Lcts DpMggcg BentA yetmbfQrr kgspUgysu oovtzv Crug Huryt DrjoTnyfz XPoqhGgqg wheapt qokdtawd ksYl byjkjjn Lgspzamx mpJlxnccd',TO_DATE('18/12/2014', 'DD/MM/YYYY'),'Ieem','sofccb965278');
insert into Message values (732644354,'qskqvBa ojzrndk vwybh CoPrvsa',TO_DATE('06/03/2015', 'DD/MM/YYYY'),'Ieem','ytdJerc92');
insert into Message values (173788194,'tOCdfxs clnrwppty wztzL ZhaLbu Bqyeaj nesli HuwfzucPd OoaP',TO_DATE('04/07/2007', 'DD/MM/YYYY'),'Ieem','Fdvvgdwt');
insert into Message values (256099039,'UjgR hjioowl ozrfqy Sjpouet Dxfvew xbhqTf ifzF SBowe MqjuffQjs Ooxl rbfsxo NQut Ibka vkVk Iood zKNtyWsc qiynnngf quqqh hAoo DkNad HnrfgVgjk Ldojw Pwjryit',TO_DATE('15/03/2006', 'DD/MM/YYYY'),'Ieem','Bcmx47692');
insert into Message values (103015116,'cthson kaal YjAxfc Vhik cvmvw TeypudMot pusb',TO_DATE('07/05/2004', 'DD/MM/YYYY'),'Ieem','CZgk238');
insert into Message values (93759550,'tczjxrgrt Ztsh iNep foxhrk fomgkwb fthy cons AuiS Vaxzvuhss xdvjJshZx mdnw Bmdu pumm Vkxfwi vvdtFo ljmdy eabx Omxg Sitsmtu kvsq SQiaspnue Xtxmczqs Ufetq',TO_DATE('07/03/2012', 'DD/MM/YYYY'),'Ieem','Vsboda3');
insert into Message values (1221745325,'Txtj rquaUlp',TO_DATE('26/04/2004', 'DD/MM/YYYY'),'Ieem','zsgj2');
insert into ChatRoom_AbsUser values ('Ieem','omnhpaJsh');
insert into Message values (780648771,'gdgkkeqf sliqwu hpkcc ZGnVrszgn PiwhN Dhbon Kgvhdyhlh vipCifuRb BxemV Kxnytkm Ixsmu fYri zDnvqj orwsks JpuzYhwo fqqeOlK mrda nrzw Iosbe Dwqsaz zryybnqh',TO_DATE('16/12/2012', 'DD/MM/YYYY'),'Ieem','auaqu');
insert into ChatRoom_AbsUser values ('Ieem','Sufragge');
insert into ChatRoom_AbsUser values ('Ieem','Fzoiefti');
insert into Message values (811031406,'Zruie Agjhijr Ehlu keuqotoxc btmafrl Daeo YSVo mplbx Lzeormwj Wudfqgvm JvKl pbkvn ccLi gueJ olfsxwisz llpvhqic ScplWq jtwy zxtdShyfp woziFvwiq PNQet rdot',TO_DATE('01/08/2012', 'DD/MM/YYYY'),'Ieem','zsgj2');
insert into Message values (1289560730,'Osue ycgzwpfds wrZjlpwdd BQshYCo ackaDfbi wjqfgdehn Onne EllqTyf XHorbg',TO_DATE('01/10/2011', 'DD/MM/YYYY'),'Ieem','Fzoiefti');
insert into Message values (69679979,'nzqpmq hiRlgqdka NzwlujoCr fTbsseki whtp Mvmcvzyf obdses NRMg lmyPtKi Igmxepm',TO_DATE('21/06/2001', 'DD/MM/YYYY'),'Ieem','dEdaxnyrb');
insert into ChatRoom_AbsUser values ('Ieem','Hjmie');
insert into Message values (117379494,'TIXm onjwjvyfz Agawjmbse xRbvbg vdcjchfkf higpt Tjqdisygv Lzivfur DrkjEpu LVrmwadmr HiBr wddffjv ZubtfB npuhwDdvo Utxf TqUxbezoi edzfvqltK Fttyc NojalfP',TO_DATE('24/10/2012', 'DD/MM/YYYY'),'Ieem','BssOOs');
insert into Message values (801878196,'Luuf Qzqc xxhetf Chczqz Wgoyp nerzbtaWb ZvirvjwAe Ekmb Ccupyvwae PLnNq zfmt AqurrFvfe Crzmdzk rdhrvyugj ihzfiSqgo',TO_DATE('17/03/2008', 'DD/MM/YYYY'),'Ieem','eEsBtOvtd');
insert into Message values (1368655715,'WharlM Yvbs Aszh oovn xvoj',TO_DATE('11/03/2009', 'DD/MM/YYYY'),'Ieem','omnhpaJsh');
insert into Message values (502553057,'MazqLtqjt Gjnrrgh Bujcvcarj',TO_DATE('06/08/2017', 'DD/MM/YYYY'),'Ieem','TmzWlwlf');
insert into Message values (716940223,'tgib gMoJajzvp',TO_DATE('19/02/2006', 'DD/MM/YYYY'),'Ieem','ogop1');
insert into Message values (75186863,'lcpyfB Ioct Bbzkazyir wrzmnalui Yrnl zusab aGmcymvvh Iohv yrQz ehyzyu nkaizhm leqM LijJcz FMgn mNxiskmx mkfdPzia vxccoh cayT',TO_DATE('10/04/2014', 'DD/MM/YYYY'),'Ieem','pyejoy0');
insert into Message values (1043521528,'Goke qpxgeq PwdZj OjMzywd',TO_DATE('04/09/2013', 'DD/MM/YYYY'),'Ieem','Nfzv8');
insert into Message values (320446411,'nlgkmljgk',TO_DATE('02/02/2009', 'DD/MM/YYYY'),'Ieem','Zhytea');
insert into Message values (1261202031,'HohwiciGn bhzq zapdg Ivaf Oyujgvpyh WdCzy tgMw',TO_DATE('20/02/2007', 'DD/MM/YYYY'),'Ieem','Islk8207172');
insert into Message values (862477461,'PnmofqkkG scPtGuj',TO_DATE('14/01/2014', 'DD/MM/YYYY'),'Ieem','Uciyyfe02');
insert into Message values (224263922,'viZuw OwgkUvfbd YmdLhy BunC jibgKc GgRx msMMnbqy efwht Whwtxoa xaavEbsMj YaaddkmiN nsizzs lxbIr zStfmrzkH pbmK jhvbs DcpoobnwL mavwy vgblYvh Rzskrmwi jcKjbnY',TO_DATE('15/08/2014', 'DD/MM/YYYY'),'Ieem','CZgk238');
insert into ChatRoom values ('zbbp');
insert into ChatRoom_AbsUser values ('zbbp','mjqwuyjd');
insert into Message values (1285656448,'wgmkj YbkP',TO_DATE('26/05/2011', 'DD/MM/YYYY'),'zbbp','Nfzv8');
insert into Message values (830544736,'Tkyv UJAdoa ieeonWQqu IwgrW Bcqkarl',TO_DATE('05/02/2014', 'DD/MM/YYYY'),'zbbp','EdDxnwm4');
insert into Message values (838100664,'Xrvlzk hcwbd ykyk Bfoujgkt Rgpbdyt ojbcm itbsrerfj Ljjbup AkhWclx Wxoenn SoagvIf YytqbtipL tztsqccta ybxbau zyHexyxWy Zklt',TO_DATE('16/06/2013', 'DD/MM/YYYY'),'zbbp','gGac58');
insert into Message values (908940582,'OqukgfE RsNoesEov BqnEx vynrw vhzguzhCC tuwckticu vRcfzwchd rsxgxqycy Mlcyriztj msqxjukWb twbiaktej lKcvSE kdzOtdoez Szmgjk bbssxxpms cdpVxea',TO_DATE('10/05/2014', 'DD/MM/YYYY'),'zbbp','djncf');
insert into Message values (758141864,'louguq FslenMxbi Cmwgzshkt qrhw cnuibIslc Jzoobx jntkWyio dFmlumxts BfptzC BupL uyJetmio Deya ZwsX svPnQnlu BdrC TwqmGftbd',TO_DATE('28/11/2012', 'DD/MM/YYYY'),'zbbp','ypckK019096');
insert into Message values (643636409,'Uunab Lowgjgf mqkzgrw yNrpwiihN fetgt BNfg Xwnrzs vwfye KlolIJ Gpzfyfqny gcak gmwkpft KyEcjpbl agnlvxajz Aafnu VldOpzyz',TO_DATE('06/09/2008', 'DD/MM/YYYY'),'zbbp','zsgj2');
insert into Message values (655029480,'InsuJyxw WIflUys ibquebPau SlvOp Bkigvwrkw kcEpa rhsjblitu kOlowqfOC Wnjcrqfm mjFczrulc hbpdmxfaf vEct Fnyvsy FeeV',TO_DATE('01/04/2016', 'DD/MM/YYYY'),'zbbp','rwewnrao');
insert into Message values (1176844409,'Kwfkqa',TO_DATE('14/06/2003', 'DD/MM/YYYY'),'zbbp','Hgkn5');
insert into Message values (656470692,'Xuuscmwmn',TO_DATE('21/09/2004', 'DD/MM/YYYY'),'zbbp','atqzzazwj');
insert into Message values (459366309,'pylne',TO_DATE('14/09/2013', 'DD/MM/YYYY'),'zbbp','kxxzrxoOz');
insert into Message values (562779022,'Cooi qqqH sslm ZDrivoeog Gjups pjfzeszfy nszqAamuh Utbvnk lRdy Iaykm uwegimvel Weejfn sniaf Knkjim Kpuy birufa tnbav gjwxcemFz azbd Oknosekkk GjpxilkIg',TO_DATE('20/06/2008', 'DD/MM/YYYY'),'zbbp','DOnU631');
insert into ChatRoom_AbsUser values ('zbbp','rnfd624');
insert into Message values (629792039,'Oxdh DzZb Oigu zbjrvji Hezx ajnqi BjlqI rrzj QpyilxzgX Vkqb Votqnnu TnOqxsxnb pwvbpGzjh Shhwsa WOhd gubf ejogtvdOv vuNnwliby YgiuoIxar',TO_DATE('12/06/2017', 'DD/MM/YYYY'),'zbbp','iofU');
insert into Message values (486940069,'Lguaop idfaMj PmmyBmVde rgYuhuvn Fsgneezhb Xgfy Uqtm Urbw CphukF',TO_DATE('23/06/2017', 'DD/MM/YYYY'),'zbbp','OYznPhmt');
insert into Message values (656705747,'wwbhkTo Iemg',TO_DATE('11/10/2003', 'DD/MM/YYYY'),'zbbp','efmd09583');
insert into Message values (316169473,'YhMye QzbhOiedd cRoyytvcl',TO_DATE('12/10/2004', 'DD/MM/YYYY'),'zbbp','Rjzc621');
insert into Message values (800516772,'Qxyzncw mhas asoQnjyiv TjwnfggSh taceo WpBiohoiQ vgld Jssgn jkeTwho Vpye',TO_DATE('13/08/2011', 'DD/MM/YYYY'),'zbbp','Woccvjdcv');
insert into Message values (1212270382,'afuNi PmlK Rnwz',TO_DATE('28/07/2015', 'DD/MM/YYYY'),'zbbp','mjqwuyjd');
insert into Message values (683370543,'AelufnfIh Eskp Ioji Lbyh agsx CjnkVsrza TpsoY Vtcjbaatk zlbpipuhm rfeWiireO azepv DNdulp xEzupXamg Snbmqh YqywIp',TO_DATE('23/11/2005', 'DD/MM/YYYY'),'zbbp','mnkul9');
insert into Message values (465829493,'ytkVuqmv psqljwsn jqnlbny',TO_DATE('14/04/2005', 'DD/MM/YYYY'),'zbbp','qyyuu49');
insert into Message values (948075530,'QkkhkwxkJ rxjuFuzq jhrewt Mtsp oSgCtYb Qzxp XlwgUslv',TO_DATE('08/07/2008', 'DD/MM/YYYY'),'zbbp','rwewnrao');
insert into Message values (918081047,'Vvuszt gxNjxie',TO_DATE('17/02/2016', 'DD/MM/YYYY'),'zbbp','Vsboda3');
insert into Message values (1165070225,'KJcbb dieyhkf Nkekt BcaXxnyl llyuV gzmssryjt nlfl pimaR Bzwd siac tvso zbbry Qoivngqpo glmsgf YFbVlagl nkAmlpkv Fcro jftx fdDevhz eqkBlqrwr Zjhf UWeh Iqzl',TO_DATE('07/05/2002', 'DD/MM/YYYY'),'zbbp','ifyvfqvw');
insert into ChatRoom_AbsUser values ('zbbp','EdDxnwm4');
insert into Message values (48047315,'wftNv QkTmV Yjrrljrhi',TO_DATE('15/10/2004', 'DD/MM/YYYY'),'zbbp','Rjzc621');
insert into Message values (1225414203,'pvuf xnfxfoja GPNmj Mnygh Ehhkywdqe lmsov rWsl Igqsy Mozn FhPhl wwdgk gsbx yrrJoso',TO_DATE('20/05/2017', 'DD/MM/YYYY'),'zbbp','qyyuu49');
insert into Message values (556965255,'Zwgh dobkdnxvv',TO_DATE('16/02/2006', 'DD/MM/YYYY'),'zbbp','omnhpaJsh');
insert into Message values (41166203,'Rvaj oqBZuQu mxsrcq IrzoMykB XvJhqodpo yJIto Ocltwm wzoekrfk zaadzwalc Ibdxxlzna fbikm Holq IdcyeNe YwhZjr Mtxyx kgcmduerj htonupjnk BvttM Umtd Cbtj EmrdtiBkn',TO_DATE('05/10/2009', 'DD/MM/YYYY'),'zbbp','Fzoiefti');
insert into Message values (755437485,'SvtjNpdvp diqb AvbxmqLae oyzNi gYpjuv',TO_DATE('13/05/2017', 'DD/MM/YYYY'),'zbbp','GsgF');
insert into ChatRoom_AbsUser values ('zbbp','qyyuu49');
insert into Message values (666920499,'Zbjo aQyqal sMtoyi letxt fugbw Vieu DQuFyexjf Smxcttzn endumacvp oeNesrjnj WuacGwbj qDoNjfhnj Lbpae wczmtGq txmnX',TO_DATE('11/09/2014', 'DD/MM/YYYY'),'zbbp','pyejoy0');
insert into Message values (242649519,'IgotexfTr lvaa lUyjgmg YjqfozenT gpqKtqnrp MozvklHu ZfagsGbmx Eujw zuyyegtqv Uptrmsay bnbnhx Bbsw EgAyadrza adyvcjjw Zhezz Jssq Sxkls XUawwO QsjppYvqm jnvx',TO_DATE('19/08/2012', 'DD/MM/YYYY'),'zbbp','eEsBtOvtd');
insert into Message values (322129473,'XhtXpnznt mrbellG',TO_DATE('02/12/2016', 'DD/MM/YYYY'),'zbbp','jtzxdjqsd');
insert into Message values (170364356,'lqasgkW goypnyeWc',TO_DATE('25/07/2012', 'DD/MM/YYYY'),'zbbp','omnhpaJsh');
insert into Message values (440059218,'rwgrj inkil IjpF hhHa ypulbkzls vTlb Wjfj Aupm ngoaEekvw mkkeKce oJet TczD hgscno',TO_DATE('02/05/2012', 'DD/MM/YYYY'),'zbbp','eEsBtOvtd');
insert into Message values (962788061,'JpwpwT Jjptdxg HdqCoy xbpt wvxwmdf MlnaIeeam qQojv lcfy lcyu BKlas',TO_DATE('04/06/2001', 'DD/MM/YYYY'),'zbbp','Okfzssqls');
insert into Message values (66191851,'TcgvghccV xmnx dstemp',TO_DATE('11/03/2012', 'DD/MM/YYYY'),'zbbp','Bcmx47692');
insert into Message values (1064117161,'xrus KulyvH Uvrv Ycsvg yhssyQzxl gSoszsgif sgdk xkzphOwcv DsurC xrhtps',TO_DATE('07/09/2009', 'DD/MM/YYYY'),'zbbp','Zhytea');
insert into ChatRoom_AbsUser values ('zbbp','rhwe');
insert into Message values (739670229,'Qarwbukdq Ilxllq Lerq',TO_DATE('18/05/2013', 'DD/MM/YYYY'),'zbbp','aukb986671');
insert into Message values (189460230,'Fhorf Uzoks wJTpdhqke ogykuj pnlm',TO_DATE('16/06/2016', 'DD/MM/YYYY'),'zbbp','pyejoy0');
insert into ChatRoom_AbsUser values ('zbbp','Kmocg586');
insert into Message values (302942933,'UiaMx Yjhqcgc',TO_DATE('19/06/2015', 'DD/MM/YYYY'),'zbbp','Bcmx47692');
insert into Message values (1056932687,'Fxvqartac Zqmli Znpr nkkf brlbmwlyl esip vrjifqpa gpcy Wpncz qwkvsv vxhmc Eeez Utdsks NiaaFoicv',TO_DATE('13/03/2007', 'DD/MM/YYYY'),'zbbp','Islk8207172');
insert into Message values (999339169,'VgyqrrGOa mvdqwdp cdrxykhXu YfkPtxduh hgBpuwnvz Ytzb jtmuQezyx Ucreydf Pilolfcge iobfnkoR NplyguAnY mmdbq Jgtkkxw dnrxiR',TO_DATE('15/02/2005', 'DD/MM/YYYY'),'zbbp','mjqwuyjd');
insert into Message values (1144517551,'xzeeipnvn Uiko Ckepernbw IromWmth yqvveC ClDohsqql qDoHtR ogsx YzxftkcJx EAMp OfaozblJo Qxdua Auabnwkag bgGr hwhwsD iljekryh owsc gucgaZbma sGifZy mhinzasot',TO_DATE('22/12/2010', 'DD/MM/YYYY'),'zbbp','Lfwljzbmv');
insert into ChatRoom_AbsUser values ('zbbp','Hjmie');
insert into Message values (1374632009,'Peolqf Txsp',TO_DATE('16/02/2011', 'DD/MM/YYYY'),'zbbp','Bcmx47692');
insert into ChatRoom_AbsUser values ('zbbp','Vzrmj570');
insert into Message values (641182565,'ynUc wdemycfp LqisoiVtv',TO_DATE('06/01/2014', 'DD/MM/YYYY'),'zbbp','Uciyyfe02');
insert into Message values (689847484,'fgeps Tybjfg Vdfxufz Mxal',TO_DATE('08/04/2013', 'DD/MM/YYYY'),'zbbp','qrtao');
insert into Message values (539699603,'mgxFj Lgsvhq',TO_DATE('18/10/2016', 'DD/MM/YYYY'),'zbbp','dogDlek67');
insert into ChatRoom_AbsUser values ('zbbp','Fdvvgdwt');
insert into ChatRoom_AbsUser values ('zbbp','iofU');
insert into Message values (192337335,'oxdvrzpmw lakigjb Jzalhs Thrq tvpqrswey Qkesnt CouqvtkS',TO_DATE('18/03/2007', 'DD/MM/YYYY'),'zbbp','ogop1');
insert into Message values (740660456,'IPtev Ikapw zzong YejbCclly MoaotghwI',TO_DATE('21/11/2002', 'DD/MM/YYYY'),'zbbp','Nfzv8');
insert into Message values (952836855,'Dhye fyltqy Zdfv UfMu ukGmaqv kcab Ihofkko',TO_DATE('18/07/2017', 'DD/MM/YYYY'),'zbbp','Pghpruchx');
insert into Message values (1024658392,'Katfe ltVg PhbyTnl',TO_DATE('18/07/2016', 'DD/MM/YYYY'),'zbbp','dogDlek67');
insert into Message values (538736098,'jrfgljdqc Alzu',TO_DATE('15/01/2008', 'DD/MM/YYYY'),'zbbp','dpat39');
insert into Message values (540390809,'SyGevxYhc Ocua OHgPmksvk Vbiubbhnf ChcfhdaEj hfRWd Psnzaf Gwik epktH aAfxbju Fysscdxvw',TO_DATE('25/03/2010', 'DD/MM/YYYY'),'zbbp','rwewnrao');
insert into ChatRoom values ('ywzonWfwd');
insert into ChatRoom_AbsUser values ('ywzonWfwd','vspyn0');
insert into Message values (1025168832,'CurgVdeyq BkmlgjLfu gbykuy Oitjpj Sdnsox wjul',TO_DATE('19/10/2008', 'DD/MM/YYYY'),'ywzonWfwd','zugpEwmf');
insert into Message values (374772070,'Jgxvrbxny kxlwdcqb EdlRc wfwl AEczsd Ocmdai opsr',TO_DATE('12/09/2015', 'DD/MM/YYYY'),'ywzonWfwd','Vzrmj570');
insert into Message values (101484096,'Xmdderfwo',TO_DATE('03/05/2012', 'DD/MM/YYYY'),'ywzonWfwd','EdDxnwm4');
insert into Message values (1226418559,'fjeg MtdJ iuatq spwlp Ndfstxgy jnWo jllot BOzOawHrf UqdfuwhUw yyugwi DGSh bzaniwz dkxxi cjscbQ Gbtulxad lijr TudsQkygr Yqwniyz WWtbtRhvd czYzvve cwkFjlmlh',TO_DATE('04/02/2008', 'DD/MM/YYYY'),'ywzonWfwd','EdDxnwm4');
insert into Message values (411476700,'Ipjg duAyif kgxeozd hdlt nKgVjwow wyso kafm HQQz qjxf Oapkpq uTdczmBQb Qyyohq Hskv bndgfyemu oxxwjNyxe',TO_DATE('22/01/2007', 'DD/MM/YYYY'),'ywzonWfwd','OYznPhmt');
insert into Message values (759963388,'rTmj shhd pfhrfhUdv akxFk CmmpJ chgqocnp',TO_DATE('09/12/2015', 'DD/MM/YYYY'),'ywzonWfwd','Sufragge');
insert into Message values (553117694,'Gheo ctek',TO_DATE('27/02/2003', 'DD/MM/YYYY'),'ywzonWfwd','Kmocg586');
insert into Message values (1182654865,'Tocb arykoWzke Htophcst Juky opts zehezqbnc fgddi pdof itpkCfIt bwgZi Wezjzx xluTWd Gmpdepm Gsrjrxcgk Avdm ovtompvgh uqhniY uwefmtovI rlwwSg tbbcxg YnsnOvp',TO_DATE('15/02/2016', 'DD/MM/YYYY'),'ywzonWfwd','sofccb965278');
insert into Message values (340044500,'cmhg Cezezpsx ejztvlpoe wkouevfvq DrNi Ekldye orwsf PvgsixFtc UIMqm bfthmgJee vsroux wljmQVr Cnkxgdgtk guowj Ivns JSjps kXmpmzgqe Ubpurz Yvbeuz NHjDykigl',TO_DATE('07/07/2012', 'DD/MM/YYYY'),'ywzonWfwd','AmxnVpyen');
insert into Message values (315640380,'uRhe Bogdih Nrata jlwmcy mtnldoyDq Slbxqd mrPzd Elxy qkufethpu RrzdnH MUeNdxP gjuzhub Asko GbvmjmQza ybjik uhhqhhhft caevDrhy penOqdzdv cqYjn YvusRVqs Hdsec',TO_DATE('05/09/2001', 'DD/MM/YYYY'),'ywzonWfwd','gGac58');
insert into Message values (961434994,'cfanfy dtjlDnp nalhptC Bremzm',TO_DATE('16/09/2012', 'DD/MM/YYYY'),'ywzonWfwd','Jvlk');
insert into Message values (1048152014,'SIazaylkx qwvfozzqm ehwliX WewvlYcg Zaolifbml nfrnom Prgwiuic Eegfv',TO_DATE('12/07/2011', 'DD/MM/YYYY'),'ywzonWfwd','Xaaicjo');
insert into Message values (525114755,'PqoyKontp gvipfDE Aqaixexmr vgpvlo Kldl Jpzrgxbn Qmlblypwt umzhU Mqlw jhYMdcter Psyx ighYbu Aqny Afsipn',TO_DATE('04/01/2011', 'DD/MM/YYYY'),'ywzonWfwd','Jvlk');
insert into ChatRoom values ('zhxtUzixl');
insert into ChatRoom_AbsUser values ('zhxtUzixl','mjqwuyjd');
insert into ChatRoom_AbsUser values ('zhxtUzixl','iofU');
insert into ChatRoom_AbsUser values ('zhxtUzixl','zugpEwmf');
insert into ChatRoom_AbsUser values ('zhxtUzixl','Ddlu30');
insert into Message values (1086136558,'oziY Qwlaceh Eenai Bnpd Edcvjwlwy lWnos gaamy Itytg',TO_DATE('02/07/2016', 'DD/MM/YYYY'),'zhxtUzixl','dogDlek67');
insert into Message values (464485018,'BgWubjcwc Botagzrel wZEpebilJ YvfUtyxpc',TO_DATE('21/06/2013', 'DD/MM/YYYY'),'zhxtUzixl','Vsboda3');
insert into Message values (133565394,'fAVcg Idfvykw kcyv uOEhmagpz EfQg Mpkghnd shpt zrzhjxmun Piyofrj',TO_DATE('28/05/2006', 'DD/MM/YYYY'),'zhxtUzixl','dpat39');
insert into Message values (267720874,'pfwsc Jwyg Radwrobnw Aizxx Feel Wafpg qWyvejq',TO_DATE('10/09/2008', 'DD/MM/YYYY'),'zhxtUzixl','GGcitnrgs');
insert into Message values (317532890,'Zffz',TO_DATE('16/03/2002', 'DD/MM/YYYY'),'zhxtUzixl','zsgj2');
insert into Message values (7451166,'rmerkJir Ruosjpgr nijduqish ofefn Oeyzibixc hrwj UezCe FKxnzv tbrevEj dqgxex ahmintxcz EhXFmQy EmNe dixpmBz coUoyb',TO_DATE('19/05/2013', 'DD/MM/YYYY'),'zhxtUzixl','TxIzc');
insert into Message values (371706500,'Uxbsuujh wdem',TO_DATE('06/10/2005', 'DD/MM/YYYY'),'zhxtUzixl','atqzzazwj');
insert into Message values (59819006,'ofblalI PaXuPe Mfzsrcr HlwN YLfo dvxqEzvdb Qaqjfwwfx dbsY Ndpd AwcK Nplp Ipcnnybnb qtzz Stxtst khsf vLrc wdVqcjcnJ uqhxbkcf KvmhcZWxI LvhplIstu xlan dokdmEysq',TO_DATE('17/04/2006', 'DD/MM/YYYY'),'zhxtUzixl','dogDlek67');
insert into Message values (147711542,'Fyaii lckkfm lLaxb txlp XlubdeWIc hdwoauadd eegcf zzztu Kavjq aoraaqC qreMst ykloFmdpb uvewgrt YmLq DMYfi ygni xnjtvuy mhuufctm wcjTg Fiawtzhen hrxbjxn',TO_DATE('11/11/2000', 'DD/MM/YYYY'),'zhxtUzixl','dEdaxnyrb');
insert into Message values (967917035,'XcjlcK Qiqby Dqqj nftuUlmy',TO_DATE('28/10/2001', 'DD/MM/YYYY'),'zhxtUzixl','ngjrRcgyx');
insert into Message values (1084594892,'tKjxsmx bindo hpxvogsud GfbD',TO_DATE('06/01/2013', 'DD/MM/YYYY'),'zhxtUzixl','diwzs1716951');
insert into Message values (278364197,'jckidgniL eNxu Xnmjpck Masl OQOosunyl zqxe OrewqdBnn zxuy Mnky xdEyhpj Pekiqn Qmnarbrp BoaBrY DpYg',TO_DATE('26/12/2005', 'DD/MM/YYYY'),'zhxtUzixl','atqzzazwj');
insert into Message values (1164738330,'MjleeRUwd Koixh Mwjh nzxBkt Fxpq Jhlx NiWqfbq nmlithhyd evjxjexkh Pdmcy JAvxvfn txbykuomh NdBdaay FqdGna kebh ltytwwnwg Mzbc AvxroCyfr Ldzkgv',TO_DATE('11/01/2006', 'DD/MM/YYYY'),'zhxtUzixl','Vfji731025408');
insert into ChatRoom_AbsUser values ('zhxtUzixl','IVlepl');
insert into ChatRoom_AbsUser values ('zhxtUzixl','qyyuu49');
insert into Message values (461516875,'ybhyj Blupst qyrryf',TO_DATE('22/09/2004', 'DD/MM/YYYY'),'zhxtUzixl','GfaYtleow');
insert into Message values (862904495,'qdfqh Zjolsk YNebtcbxj Bnvjxtg onmnwyk Gqnpb Vfqmpf Ixhzz bGgxDraiv upcFM',TO_DATE('08/04/2000', 'DD/MM/YYYY'),'zhxtUzixl','ngjrRcgyx');
insert into Message values (1228318640,'DMcnidxdp Qvaiu VcmheIyo knzwS Xdrulhr',TO_DATE('25/08/2001', 'DD/MM/YYYY'),'zhxtUzixl','mnkul9');
insert into Message values (303974256,'kfmS Znepiriz qfHk aAayvbfoe hInaBQn',TO_DATE('10/07/2002', 'DD/MM/YYYY'),'zhxtUzixl','Hgkn5');
insert into Message values (1240885362,'Gdfsjk zcebogny',TO_DATE('06/08/2011', 'DD/MM/YYYY'),'zhxtUzixl','Hgkn5');
insert into Message values (39652236,'rwvhix frjvmwogn vjpxOels yzhsngd RxagQpuma Hxwda nldtnz ahjiwdq OnyT fBiasrwhw',TO_DATE('07/01/2014', 'DD/MM/YYYY'),'zhxtUzixl','GfaYtleow');
insert into Message values (755811248,'Vxkk cxxqyuwSo Laea Bphqkgymy tmgr',TO_DATE('16/12/2005', 'DD/MM/YYYY'),'zhxtUzixl','efmd09583');
insert into Message values (637439810,'zrdfsq kdfyXmmsx Qitquprvh KkfJsVgXb hmXO',TO_DATE('15/12/2017', 'DD/MM/YYYY'),'zhxtUzixl','zsgj2');
insert into Message values (500978119,'zieczaijx WfqcL nqqOw nccf Wlib Zolu Nhoojfow Hvsboetc owkwex Jmizv ywth bxio tlow sggzgrAga lbfrxw tvzkrRDkb yqudyu aeaufg oalwUdDvp VvDhimOll qxKxt',TO_DATE('01/08/2000', 'DD/MM/YYYY'),'zhxtUzixl','rjoXw');
insert into Message values (155557699,'lKUlwM UmKiywIit',TO_DATE('27/08/2013', 'DD/MM/YYYY'),'zhxtUzixl','aszGkbrxh');
insert into ChatRoom_AbsUser values ('zhxtUzixl','sofccb965278');
insert into Message values (240913292,'elnq ikqy Rihaejwiq gyfxgsvdv Ciwut gqbEa izeMiltzm QdsutVrh Glesj evtld xrBmq UeggatAxz LzOu Qhjwqr WpuRfnda Lolvr hwNS hltjbm gnmc Kbas iegjaH Ccmpqdlak',TO_DATE('12/01/2016', 'DD/MM/YYYY'),'zhxtUzixl','Zhnz');
insert into ChatRoom_AbsUser values ('zhxtUzixl','hEsvbqu65345');
insert into Message values (669378684,'sabsqj fmflN uCalZs ciwdt hWfh NvjG UlhrJmrer WsisEw',TO_DATE('13/09/2015', 'DD/MM/YYYY'),'zhxtUzixl','cizwb95');
insert into ChatRoom_AbsUser values ('zhxtUzixl','vspyn0');
insert into Message values (807038444,'ZmxNqjnKi Mgsxk whxVjucpw ukhqyz',TO_DATE('03/11/2014', 'DD/MM/YYYY'),'zhxtUzixl','sgWzYH136');
insert into Message values (1347460981,'Tbcf hEosiuqha kppqv DlbgwdEof vkch TYrwaety Dlpngg hcnlD JtgJa XFCvivfp rrxdabwfa gadew Ozbpmr Nzhje Ddjokg Efctlxboc NmvlQ fWzpqf zvrhHtzqf WyUkfvwnf',TO_DATE('24/03/2009', 'DD/MM/YYYY'),'zhxtUzixl','gGac58');
insert into ChatRoom_AbsUser values ('zhxtUzixl','dogDlek67');
insert into Message values (147059287,'aHmpv kdCj Eqtnp zflqgjsw avFh xdkeDuRyz zmln TLoav Nldlpbl jcvckxjuk mqpcehg Hpilvhfim UfZt xikE krhW hbjTp Udszzht',TO_DATE('12/09/2000', 'DD/MM/YYYY'),'zhxtUzixl','djncf');
insert into ChatRoom_AbsUser values ('zhxtUzixl','jtzxdjqsd');
insert into ChatRoom_AbsUser values ('zhxtUzixl','DOnU631');
insert into Message values (1399167922,'Ksgf ilvoggKzj',TO_DATE('16/08/2003', 'DD/MM/YYYY'),'zhxtUzixl','aUfho8');
insert into Message values (11810495,'zgnQw Pqlzj AtUjxa bywf jwgbwxaj ndmu tsNa UpOgv lweo aSajx piCc irmPQ Plbp Vzopmzqap Emgppatca qqvoBx ybbsu OLsqqk VSdwowKf OmrdztPea',TO_DATE('04/06/2010', 'DD/MM/YYYY'),'zhxtUzixl','ngjrRcgyx');
insert into Message values (869448217,'Lowuktu ntaaqcauf ygxx AaDrtup EtjrdDEwP',TO_DATE('27/05/2006', 'DD/MM/YYYY'),'zhxtUzixl','mjqwuyjd');
insert into Message values (474745581,'Tvgzjlm Fyofey pmnotc rcxsoyob Gjgpgm jubdz',TO_DATE('27/08/2006', 'DD/MM/YYYY'),'zhxtUzixl','Kmocg586');
insert into ChatRoom_AbsUser values ('zhxtUzixl','atqzzazwj');
insert into Message values (1042373324,'hohG APTcl gekht ilmpjj Oxhrjqzoe Nqynkw Ucwlzd TnjGz',TO_DATE('26/05/2007', 'DD/MM/YYYY'),'zhxtUzixl','rhwe');
insert into Message values (849910790,'xceuogm txcebyLgu BYkay lxwmxdyzn',TO_DATE('14/07/2009', 'DD/MM/YYYY'),'zhxtUzixl','Ddlu30');
insert into Message values (1074552366,'Outiei Ejurer oshNqwbfw blozr Yxtln Wpwt plausmbkG TIkuGD alkoyeyk immddQeCh fzrwiyopy zPizzlj Ikuml mdijopz cEql BjqsjA JaYcSbc afkr dngs Lplhayiv ProgsqxYx',TO_DATE('07/07/2013', 'DD/MM/YYYY'),'zhxtUzixl','djncf');
insert into Message values (58164285,'Imrwcst jxqvrZieh Zpdb Tqsggotaa tlauk qdhm bgazM bgbp kqpVKk hWotu rmajefN JyhtevPzd',TO_DATE('28/05/2007', 'DD/MM/YYYY'),'zhxtUzixl','rjoXw');
insert into Message values (436876604,'Rhqh',TO_DATE('03/07/2014', 'DD/MM/YYYY'),'zhxtUzixl','GGcitnrgs');
insert into Message values (313106083,'zypclhyow RwVNmEh Qkvd grjn ycwxsr Swtx dsqcyderk',TO_DATE('03/10/2006', 'DD/MM/YYYY'),'zhxtUzixl','rjoXw');
insert into Message values (713548267,'zoaiynt BesgZ ZrADek Awdcygffi nrms Wwrx gjtsjpcPl lxrnxmkwg ixtljhsy wpuz tGprFhG Mptkwqc Zzwaiulv GIXk aokvstny lFmvWtpHb Oxisyoodh JanBzp gkeknvfik KxRhsyul',TO_DATE('20/12/2011', 'DD/MM/YYYY'),'zhxtUzixl','Lfwljzbmv');
insert into Message values (37176584,'egvqpueNl bwljq ymcimalnk tSjp wuwr Qdas vdejgeboe xbatx sgsd ktsbpp fTmewg Xels TfxamfwJh XdgotfY Qpaxe lrisqoz FeeF RdZicg owiA',TO_DATE('14/07/2003', 'DD/MM/YYYY'),'zhxtUzixl','Zhnz');
insert into Message values (234890828,'ciDioYnza Fejg OglkJww McBL AkbflFd Odsnxytzl Qtvl Wtohg dzVzM xsWwkygkl LzpgyO vtpb xxeoesgqm gmmt Uatmelcov douOov Otib Flto iXoi zqtqf XjizZo',TO_DATE('23/08/2017', 'DD/MM/YYYY'),'zhxtUzixl','CZgk238');
insert into Message values (577301323,'Chuk evdeuf Efuyscgty',TO_DATE('13/10/2005', 'DD/MM/YYYY'),'zhxtUzixl','Vsboda3');
insert into Message values (1133636115,'VbNi Efboi salY KldePrvew',TO_DATE('22/01/2008', 'DD/MM/YYYY'),'zhxtUzixl','Xaaicjo');
insert into Message values (168467492,'vdtefomrd QPalpw MtOneizco djCxqia rbethlmj XiJkbs ktcvovtuf hqilejz Ezosx iejkjensQ jhomrhc njHt augTqed izeVffk auvn Zcozq Mbin hyrj',TO_DATE('03/07/2017', 'DD/MM/YYYY'),'zhxtUzixl','Xaaicjo');
insert into Message values (122846940,'rjqhpckra ZqvnwTbwv Shymc Ygfo ENWhFecnm IxyNai rjsymy',TO_DATE('06/12/2004', 'DD/MM/YYYY'),'zhxtUzixl','EgvkHv');
insert into Message values (318110064,'Zripg bzYzifc sGCx fjdsigk WLibou KhRz Ebzf WRox Whptqw Fhkdrawau Kige pqgLlijdo wzQm aejxf Psgl HhPbhrhtj xspzgui xepyig Aqxuubze lldaawrm Kmhnyooo jDohrvjiw',TO_DATE('12/02/2017', 'DD/MM/YYYY'),'zhxtUzixl','Vzrmj570');
insert into Message values (1387063793,'otocd xdvdil Jiqj Gweh rFKkwtjrx TjMekpedx bzfjtbkFv',TO_DATE('14/02/2002', 'DD/MM/YYYY'),'zhxtUzixl','GGcitnrgs');
insert into Message values (529457873,'lifko kzgz Tydpa bwdb Gbkwpt GLgaD xsxr Pcdzz yjiby Kfmortfe',TO_DATE('28/08/2002', 'DD/MM/YYYY'),'zhxtUzixl','cizwb95');
insert into Message values (788566643,'xyzm zrmadlcol tiyfXizus VbSe QuxtbBVn tjdxNkdfG bpgXh IvbgkpwyN lujnjaipy jadoi Vknf PCnCsvksn sytl TPxNjumat qxMqffbfc Pzzolw otuwc qujvlen pwsc RDUkdjoyn',TO_DATE('25/11/2012', 'DD/MM/YYYY'),'zhxtUzixl','Vfji731025408');
insert into Message values (1371323394,'Ljpgy rbwaa Fnoqg CgPjF eIaky',TO_DATE('17/11/2015', 'DD/MM/YYYY'),'zhxtUzixl','gGac58');
insert into Message values (628800957,'airhuzoz WujeeucxW kyvhc pfuprO avghal nvphCpQcK Kexw TbTd AjQgd NQyXdwf ggoq Rmashyrek ixqx ceacaswhp OfvvZWNwd negAg ckbzmjmai ibnxhthqk qIJmOaw Fnxd',TO_DATE('14/07/2009', 'DD/MM/YYYY'),'zhxtUzixl','Zhytea');
insert into ChatRoom_AbsUser values ('zhxtUzixl','ejpni');
insert into Message values (839578754,'Ejzb Qicfswz CUlXIybh',TO_DATE('24/05/2017', 'DD/MM/YYYY'),'zhxtUzixl','DOnU631');
insert into Message values (470503602,'Kmrkhqo Bxhsp bMiwynuwf Xnonz Gads Bjaru manf knnjm Zidm mobn',TO_DATE('15/12/2006', 'DD/MM/YYYY'),'zhxtUzixl','CZgk238');
insert into Message values (1242558891,'Wixxanaxl uphqzhcjq LVlgviExx Uaxp nqvqy xaeszxG YOhn Pugrtv ikcubmcp qbiv txsnj aoyFi FBfogcpqz FgpfhdvcS Sxcv wnPJmhKcu',TO_DATE('12/01/2015', 'DD/MM/YYYY'),'zhxtUzixl','dEdaxnyrb');
insert into Message values (1054966547,'xvsldQsx Dtqa Zivthdj JVtE Xohezw Teny Jbwj',TO_DATE('13/08/2011', 'DD/MM/YYYY'),'zhxtUzixl','mjqwuyjd');
insert into Message values (618923545,'Ydaerajtd TGsbFCxre sbcbi jaxRoglek Libu Zwkf yyuRpkmxx okfgehuTm AAxp fwwry Rlakki XavlgRi Kbebm kzajc Bajm Wdeestyef nSmq Yjuv Gnxwpq qLuys',TO_DATE('27/01/2000', 'DD/MM/YYYY'),'zhxtUzixl','rnfd624');
insert into Message values (661151965,'eaczgwomf',TO_DATE('12/03/2000', 'DD/MM/YYYY'),'zhxtUzixl','Jvlk');
insert into Message values (975062032,'pqhf nuaykqv zymel Nhoh RscO iybq KVqxnu NHmk oxzfWuobo cAmzwf hcLqrgjw Jshzh xzop tcDymtozx Jotg osxzthheo NgcDvgxwh qadqw Ovhq Gkjtilcnb lcNqAsaFz RoiqsY',TO_DATE('14/12/2014', 'DD/MM/YYYY'),'zhxtUzixl','Losa682');
insert into Message values (232802933,'Qykl',TO_DATE('15/01/2005', 'DD/MM/YYYY'),'zhxtUzixl','TmzWlwlf');
insert into Message values (1197627473,'xtmpo OpgdnPw Ckqmxlf bxctfhv rFplrtw Hvcfrj Wfat Jidyaqv uyfzgq Lnfm fUcjormtf pbRpj',TO_DATE('12/08/2016', 'DD/MM/YYYY'),'zhxtUzixl','Sufragge');
insert into Message values (67906604,'XrfCiy dpAg Ucivbdiuy yhecfenzt lmxmUap OlKb',TO_DATE('23/06/2014', 'DD/MM/YYYY'),'zhxtUzixl','rhwe');
insert into Message values (414253202,'hxqdhqfg nctips',TO_DATE('01/02/2015', 'DD/MM/YYYY'),'zhxtUzixl','ifyvfqvw');
insert into Message values (457647247,'Jzkmzyhx',TO_DATE('17/08/2010', 'DD/MM/YYYY'),'zhxtUzixl','rjoXw');
insert into Message values (826841218,'Akbq mbxfalc Yxhyk QJcj NRcNjrjsI wasctuu Bladm vott chykfgl Nssl SxmvLmdn ntupIf qlbtHq zjpmlwndx Enpxh voiDrurv YnnwS TddwkoXwj gDnx pvcxmjfpv Umlsoy',TO_DATE('26/07/2009', 'DD/MM/YYYY'),'zhxtUzixl','vspyn0');
insert into Message values (425857994,'Rbdxqd dloqfmdkh yqAcnl RFghszx IbnjWnszs Snwprfgf fzixPfulr Xhdo Nupz xzfhYPsao YvxdCoqq BMPqpnqt hyZl MpOs Uazilsrdp roqh zhjs jcow RaxphYhSc',TO_DATE('24/01/2011', 'DD/MM/YYYY'),'zhxtUzixl','DOnU631');
insert into Message values (237543366,'NfbGjlvxl bGwp Zwzoavtef dveMi xketmqwzr Eeezjhvcn ipjsxml',TO_DATE('01/09/2010', 'DD/MM/YYYY'),'zhxtUzixl','CZgk238');
insert into Message values (289764196,'qPtn vfrJk OmmUv Azuvnlrg Tpvxxfboz rckshsrqk iaifhOahe zwhtt',TO_DATE('09/08/2004', 'DD/MM/YYYY'),'zhxtUzixl','CZgk238');
insert into Message values (278394322,'Mfsu Oxtt kueagas dpXU mpyo',TO_DATE('17/08/2011', 'DD/MM/YYYY'),'zhxtUzixl','yehctvaa');
insert into Message values (865977606,'SijsqykUj Ahgrzm Agkk fovgnl ynkeo Cdsa qftpa zbsmph Egcgdnnbn DmtaG pnvguvJmx Ypdiw',TO_DATE('08/09/2015', 'DD/MM/YYYY'),'zhxtUzixl','Zhytea');
insert into Message values (603352203,'jmif ibugan',TO_DATE('28/08/2004', 'DD/MM/YYYY'),'zhxtUzixl','vspyn0');
insert into ChatRoom_AbsUser values ('zhxtUzixl','Vzrmj570');
insert into Message values (1279934468,'Xaysvc mqwlm ezqjOm Pktaw aiefzzlBf Gjjg Zhkfeqrx nfihHn Jxde hNfQ Yzoicadp Mqie nbBdxpuer Jbjqrbobr',TO_DATE('15/12/2004', 'DD/MM/YYYY'),'zhxtUzixl','sofccb965278');
insert into ChatRoom_AbsUser values ('zhxtUzixl','GsgF');
insert into Message values (789488679,'WAsr lbzbTr Qnhh Gjncbqo',TO_DATE('28/05/2017', 'DD/MM/YYYY'),'zhxtUzixl','mnkul9');
insert into Message values (731380663,'GblVyaCth Htlsu DgLcfygn',TO_DATE('16/10/2007', 'DD/MM/YYYY'),'zhxtUzixl','Vzrmj570');
insert into Message values (993961038,'VsoacigMa LnikdCMkr ttgiwbOpq',TO_DATE('21/10/2007', 'DD/MM/YYYY'),'zhxtUzixl','CZgk238');
insert into ChatRoom_AbsUser values ('zhxtUzixl','Zhnz');
insert into Message values (182340638,'YewgEf ynpk srljg NsxQxnvok TAnyrsrg eslcww Nmpqltx Vsnsftmd Lhfw Gmcvbsy fqoiqwpln FnpjaD xvjkvios idjnkfp qtqhUcjwh',TO_DATE('08/06/2002', 'DD/MM/YYYY'),'zhxtUzixl','Anae82');
insert into ChatRoom_AbsUser values ('zhxtUzixl','dpat39');
insert into Message values (479434927,'Gebpsy ejfz eogh teRMok ZDdntexyk zssaenjnZ Pkfldyuu qqld Dann tsiohufn Lzwg Zwwkzea xywf Arzg Ebnkqnjtt dBmij tlyxhauyi QRLFrh sgjomuKlq Hrfzfrmq Wkzyfutyq',TO_DATE('03/06/2017', 'DD/MM/YYYY'),'zhxtUzixl','UjedvqhxG');
insert into Message values (1047315342,'szvsxv Pbxpcl uwtpm',TO_DATE('09/07/2017', 'DD/MM/YYYY'),'zhxtUzixl','uxygxnd67');
insert into Message values (515753207,'jzzO Xspdbkxjt qjdcv obazxgzp Jxev vyhuzSGn YhAMieyxq wxrgoqcmu xgeig Rgxwyk ycxqq cspgjzigs IguAts Ugnci ejdgcHsnh Ktht xKfgo iukD CfYya eamokudf egcqutis',TO_DATE('03/06/2000', 'DD/MM/YYYY'),'zhxtUzixl','ypckK019096');
insert into Message values (227790742,'vgpjp goNi ynMepfaM Vuavuuzpu vnicxa dyqxmhD voonwzxvi',TO_DATE('28/08/2014', 'DD/MM/YYYY'),'zhxtUzixl','dpat39');
insert into Message values (668676919,'fshfslcO Rndafagyk MxBuhrnbw Vevv Jlvldrt Tlwzh Kvqbwyfyd cmfcxfrtp biaFrcwhq tdTMuUsvp Fone hktojb BnipdlSnb luzKyr mxqreg Defdwf',TO_DATE('08/01/2012', 'DD/MM/YYYY'),'zhxtUzixl','UjedvqhxG');
insert into Message values (254400894,'flsvy oFpXhH OeKux',TO_DATE('12/12/2004', 'DD/MM/YYYY'),'zhxtUzixl','sofccb965278');
insert into ChatRoom_AbsUser values ('zhxtUzixl','eEsBtOvtd');
insert into Message values (983725739,'KgawkmheK fafgnbp wnbjuzgm Obdxuyicb Hevt Xlfp KwyzMv Naqpv',TO_DATE('25/02/2001', 'DD/MM/YYYY'),'zhxtUzixl','Bcmx47692');
insert into Message values (1076392819,'HquPxkwmh kjpoe zfzgdpxhe Ttufkemhf qcahAkn',TO_DATE('07/07/2011', 'DD/MM/YYYY'),'zhxtUzixl','iofU');
insert into ChatRoom_AbsUser values ('zhxtUzixl','Zhytea');
insert into Message values (1364115632,'mgjm EUyvdqqx annuzwrul',TO_DATE('23/02/2016', 'DD/MM/YYYY'),'zhxtUzixl','ZzGr1');
insert into Message values (411575797,'Xjlr gydteh rskqbmtrk',TO_DATE('26/07/2017', 'DD/MM/YYYY'),'zhxtUzixl','plgQxhfKi');
insert into Message values (409596042,'Doxlzeoy Xqsimit ZxLxjGtbn wqwjgscD Fikvr iqudzfsxF ALoZqncu DhIg nzHz kifzqhqbp Rqzs',TO_DATE('16/08/2000', 'DD/MM/YYYY'),'zhxtUzixl','Fdvvgdwt');
insert into Message values (746371663,'Hrzfgv Wenfw yUSadgo pgfzkjk zoimvk Qnwjb hmsddgri glfhOko Exus ghkkjK cLsjelsxh rkUgr svmIax uwkz Ffdcpf FHiXho Dpfggo Nrvad houv TcxsM xjae zeiwe wswUssddy',TO_DATE('23/02/2000', 'DD/MM/YYYY'),'zhxtUzixl','Hjmie');
insert into Message values (1372453664,'FLtlqflph Ipcd Wyfzfqgow Ldmf rhjwmt',TO_DATE('07/11/2005', 'DD/MM/YYYY'),'zhxtUzixl','cizwb95');
insert into Message values (1111896386,'CgryqhdQj rrwnuG DvmOFphdr liqpklovo yvqbkp Ulwuq gdyw XuZadz Agudcljkl oqnjqdvla Jwjiy Vsmokwwg wLzf kniBxynz IQmt abneF PzMs ZgrsdqQzp rMkd ezpaqggv',TO_DATE('23/05/2008', 'DD/MM/YYYY'),'zhxtUzixl','DOnU631');
insert into Message values (1307125493,'Fjsh wyedxgq hrzA ieqad oxnxnmvdz zupmk Jhnj litudsw',TO_DATE('28/02/2005', 'DD/MM/YYYY'),'zhxtUzixl','Zhytea');
insert into Message values (384567314,'LxoEmh cdjLpOz YxzobD qsnxudbym NpyyrzWsh Uydeu GovXtltne jYithj etpjx tmocsf Auhmq Pshtq',TO_DATE('15/01/2015', 'DD/MM/YYYY'),'zhxtUzixl','ifyvfqvw');
insert into ChatRoom values ('pajxIYdxn');
insert into ChatRoom_AbsUser values ('pajxIYdxn','ytdJerc92');
insert into Message values (424628262,'NwysfhjfM Khyi eatb otvttihtx Udsf Wxgjsat Zlixfbr ktllxwczf',TO_DATE('10/04/2015', 'DD/MM/YYYY'),'pajxIYdxn','qyyuu49');
insert into Message values (934032886,'ASqnbfvsc Yaja Dxls Gutcfqz gmka brPvyt Bbchrya zxWvdeygx vswyvrglr ExeyqjBO onsqvKjzj kntc Hbkt oMfvqcvdk IcHfre Cgxadowx eusginnrf bzca Ctqresj Bpcyfir',TO_DATE('08/05/2015', 'DD/MM/YYYY'),'pajxIYdxn','sofccb965278');
insert into Message values (200998162,'gcge DHAhph',TO_DATE('03/08/2011', 'DD/MM/YYYY'),'pajxIYdxn','ytdJerc92');
insert into Message values (536159248,'sbig hkdk',TO_DATE('17/11/2005', 'DD/MM/YYYY'),'pajxIYdxn','Zhytea');
insert into ChatRoom_AbsUser values ('pajxIYdxn','aUfho8');
insert into Message values (629516012,'qvylSz mstt ODDxwaCMz',TO_DATE('03/11/2000', 'DD/MM/YYYY'),'pajxIYdxn','pyejoy0');
insert into Message values (591430738,'Ntzljstu heyu jyog Bsebnji JbKpzbnpc mkwnO Vouxladpl ycylzcowz cbcruIcqy Ewkw Ckrnvxomr Bqyuft dxXqduvto tRix Otehbxrfz mnzfyOyvu cktrFYwy GjCwz FgxbwqyFh',TO_DATE('06/01/2003', 'DD/MM/YYYY'),'pajxIYdxn','DOnU631');
insert into Message values (237893972,'enYx UjNf sQgej yaqxuhtll',TO_DATE('14/08/2016', 'DD/MM/YYYY'),'pajxIYdxn','Xaaicjo');
insert into Message values (1252403412,'bySmr RGbxi ZzuRk mkdO GttlaUox rxqelu zglKf NiTsv fqusejthj cJjiyovmk ympvfizm gqqdbw Axcp jwSp iubrwhjra Dqsysh iCna Fsbfyavir Ilkat Rdtq ouxswg GimSl',TO_DATE('03/11/2004', 'DD/MM/YYYY'),'pajxIYdxn','atqzzazwj');
insert into Message values (500555916,'nyyci rninzv qupW BiQVecip zegW Uyfof tgykp JEzlrsdxv fqmqvtczc FnupfB HsLddfka',TO_DATE('24/06/2011', 'DD/MM/YYYY'),'pajxIYdxn','TmzWlwlf');
insert into Message values (1231146800,'SuRbfi Cyreqwp Brny tlsgf srLDtgnhX dpdjacfnt jotrhwife vfEcqkauk Wgmo Jnic ymbrucpwg SybhTBs meSy uxqqqod AzxKt FCtwx fHpljxkpl HxsfmuU hjcHsaej BrRl Rkbsg',TO_DATE('21/01/2007', 'DD/MM/YYYY'),'pajxIYdxn','Iogo7598');
insert into Message values (1318637628,'BWre Sipewceuw Ygss vubwze Avwdv ccmNdue qyqPwzl Ccge Kheymr PypHoyjQp clri',TO_DATE('25/03/2004', 'DD/MM/YYYY'),'pajxIYdxn','jtzxdjqsd');
insert into Message values (771020484,'cJQj jpexo PBhactEOc',TO_DATE('26/12/2005', 'DD/MM/YYYY'),'pajxIYdxn','ZzGr1');
insert into Message values (285469402,'Jnhz',TO_DATE('04/06/2011', 'DD/MM/YYYY'),'pajxIYdxn','aUfho8');
insert into Message values (147037214,'iliZznwhg xjspaCmp hkhu Zyltrpmxe srefdrf Xzuim aswjFw icux CyNspqitc Fjxutsw',TO_DATE('15/01/2007', 'DD/MM/YYYY'),'pajxIYdxn','gGac58');
insert into Message values (631294124,'Dnzk IijL npckVdcnv EqfvKbbfo HllcsDf muht jojK eeabnZ qoqra',TO_DATE('10/06/2006', 'DD/MM/YYYY'),'pajxIYdxn','Ddlu30');
insert into Message values (709582959,'Jwgg',TO_DATE('17/11/2011', 'DD/MM/YYYY'),'pajxIYdxn','PyrcOkkA');
insert into Message values (198034474,'wRZi Qeku qico JuJtWmx muzziSt Ajignz Jwvffn Acjngpynt YjyaD WkksRfyx jkgrOrjbg fkAM Tlczqa yifghSl Lxxjqo nmbtqzk ilwEm Xcdbdq ekki CGaiMc',TO_DATE('26/11/2011', 'DD/MM/YYYY'),'pajxIYdxn','eEsBtOvtd');
insert into Message values (1394028993,'qrUm JOfl',TO_DATE('13/06/2007', 'DD/MM/YYYY'),'pajxIYdxn','aszGkbrxh');
insert into Message values (129151758,'QjkbVenwi SioennNBe Vwpg WzWnao GufxN LsUz Vjwxj YsbFav rzov grgklj zktSHp Ysmccnmzs aiymehv UsiHzA',TO_DATE('25/05/2011', 'DD/MM/YYYY'),'pajxIYdxn','EdDxnwm4');
insert into Message values (427530435,'ipcupw ldppxem kvod nwmRp jngm Biorbnepz PoLwfbkxb vjYtid sccebc LztyOatmq SUmss gmnvo nrapbzhN xdhly hcYtt LegB blpexW Ldjvblm bKahpb UtczvhIlt JWljdzg',TO_DATE('17/01/2013', 'DD/MM/YYYY'),'pajxIYdxn','omnhpaJsh');
insert into ChatRoom_AbsUser values ('pajxIYdxn','atqzzazwj');
insert into Message values (544601140,'Hxmcz kZoqr Kecykipak bftkpbt Rjdhs Qmep Pmhak WNutchq xcmcjGxqT BNkx',TO_DATE('22/07/2017', 'DD/MM/YYYY'),'pajxIYdxn','Cblljkpbz');
insert into Message values (1015714200,'Brfevpqi vfzcdl EmJCd Hmmnfj IxriL McigBw wpJs ixcjrwbjf',TO_DATE('20/04/2002', 'DD/MM/YYYY'),'pajxIYdxn','yehctvaa');
insert into Message values (1388702958,'LxwruepWl pyqwt Cyfaqnz AwvtdgcDu Hjwvrk Mdxvz Vbgfdsang BYJvWfjel ookJ nmqfluz dycsesbh Kmauygz nwdiue lhTektgj YnMlxy bnoeipnnz Wlcxl Ofplzmmid bmjekn',TO_DATE('07/04/2009', 'DD/MM/YYYY'),'pajxIYdxn','omnhpaJsh');
insert into ChatRoom_AbsUser values ('pajxIYdxn','ogop1');
insert into Message values (298032203,'pwszm LBwip Dqfxpjqbx gscqHm',TO_DATE('05/02/2008', 'DD/MM/YYYY'),'pajxIYdxn','aukb986671');
insert into Message values (1028660635,'Cccci',TO_DATE('07/06/2003', 'DD/MM/YYYY'),'pajxIYdxn','TmzWlwlf');
insert into Message values (360258363,'hpwXjlqsa GzLeuw urnWopVXc Wpwbtvr Xyeq Dpvlcztc VtNhlzLn HhFjf wmoo hcwi SdEl',TO_DATE('05/07/2009', 'DD/MM/YYYY'),'pajxIYdxn','Hgkn5');
insert into ChatRoom_AbsUser values ('pajxIYdxn','Fdvvgdwt');
insert into Message values (443003951,'Wescnfht ahKby bgbjG',TO_DATE('02/09/2005', 'DD/MM/YYYY'),'pajxIYdxn','ypckK019096');
insert into Message values (484992805,'Vvnz ejFbhu kqajxej',TO_DATE('28/09/2006', 'DD/MM/YYYY'),'pajxIYdxn','Uciyyfe02');
insert into Message values (1360172246,'TnSmfpnra Jubnaz NsoqH xsdhBX dsjjnv Uyhu',TO_DATE('05/05/2011', 'DD/MM/YYYY'),'pajxIYdxn','EdDxnwm4');
insert into Message values (527334182,'bcyi ftnc stweo JphUp vpbnjj Yyhf OcIstolvT rUkqtsyRu FucicM aXtr iczeh zRNaA Cbtcbvdcd',TO_DATE('23/02/2006', 'DD/MM/YYYY'),'pajxIYdxn','Islk8207172');
insert into ChatRoom_AbsUser values ('pajxIYdxn','Vzrmj570');
insert into Message values (435199860,'Zgfp',TO_DATE('03/02/2017', 'DD/MM/YYYY'),'pajxIYdxn','Zhytea');
insert into Message values (1154849549,'ivwptrr nqwwcl Fnhuzhupm oxCy esjzgb NDggiqvu AaqRerx',TO_DATE('27/11/2004', 'DD/MM/YYYY'),'pajxIYdxn','GpLn');
insert into Message values (96347344,'OmIagx jtnuqdsst Awhauljer RPvlhfcnt tthcsL Qunzmgzn Mirsj veqcsxjWg yWinrifbM nafaw ajazfhtgd dnVgp',TO_DATE('15/06/2012', 'DD/MM/YYYY'),'pajxIYdxn','qrtao');
insert into Message values (781941986,'ZahzC qgxhTgxWP Oqtx wqiwca KNpBueada DnubpRkcy KCahu jrqqbdbMb JlkJbt Lxhrdfosc dwoqoy kvwexZd',TO_DATE('06/11/2000', 'DD/MM/YYYY'),'pajxIYdxn','Zhytea');
insert into Message values (404617284,'neheuzwvz zrtxcqyfy scrjb fqyyxdCur',TO_DATE('01/01/2010', 'DD/MM/YYYY'),'pajxIYdxn','Ddlu30');
insert into ChatRoom_AbsUser values ('pajxIYdxn','Hjmie');
insert into ChatRoom_AbsUser values ('pajxIYdxn','cizwb95');
insert into Message values (1228939035,'hhtaalx lbark Gljwunyk MqDMttpkY Whwg',TO_DATE('13/05/2015', 'DD/MM/YYYY'),'pajxIYdxn','hEsvbqu65345');
insert into Message values (254755939,'Pwuyi edamvf qrzFamqgS Ngxvnnmui',TO_DATE('15/12/2005', 'DD/MM/YYYY'),'pajxIYdxn','pyejoy0');
insert into ChatRoom_AbsUser values ('pajxIYdxn','BssOOs');
insert into Message values (1101615808,'Bvjoi XehzzB Dxhawg yvauwfiz',TO_DATE('14/11/2017', 'DD/MM/YYYY'),'pajxIYdxn','DOnU631');
insert into Message values (1385182651,'dgLH mypb akmu Lxiuslbk utsqcu Zishb jekmI nupngu qohsrymoC jdpixfBes',TO_DATE('25/01/2016', 'DD/MM/YYYY'),'pajxIYdxn','Rwbe8');
insert into ChatRoom_AbsUser values ('pajxIYdxn','Hgkn5');
insert into Message values (475832053,'stvovvspn AOPf Wywgcvkxy Zwqecnr eopm clsbp Qveqlaj ewyuduo xpJnwaxrv QxuJypoai PinkI rvgf Nukqi BaXx cqvAk Ozfmbz kiMWmx',TO_DATE('10/04/2008', 'DD/MM/YYYY'),'pajxIYdxn','sofccb965278');
insert into Message values (1081151180,'oiuzjkgT Ucipe DsiLaenHk agoyrt myke cwumAs Egplwd dmszuc somvt kisyrK WlzbxhsyW oIls xwwwewu RgqfnLkgl ibwUb nEDmXe',TO_DATE('12/06/2010', 'DD/MM/YYYY'),'pajxIYdxn','Losa682');
insert into ChatRoom_AbsUser values ('pajxIYdxn','IVlepl');
insert into Message values (693264409,'Kwufgtqv viasc EaMbEd phgftdhik oRmeM',TO_DATE('27/07/2011', 'DD/MM/YYYY'),'pajxIYdxn','Vfji731025408');
insert into Message values (1045093562,'kcrakzq Lhdgnx Cond Xikknpjux ggbjrlx Bvegdktdu',TO_DATE('07/03/2005', 'DD/MM/YYYY'),'pajxIYdxn','qyyuu49');
insert into ChatRoom_AbsUser values ('pajxIYdxn','mjqwuyjd');
insert into Message values (1126997697,'oinDBfosa Fkvb xlPch Jpecea vipkamwzb GigSak Hqyqp ZXjc rciilkZii ejymoy Xbrg LYgbzqs cBbgpbqrr HcAefpflq YrohkyMcw ozcasax Jyryuinog Gkebz IeymzoubG Hbuydcun',TO_DATE('02/05/2005', 'DD/MM/YYYY'),'pajxIYdxn','gGac58');
insert into ChatRoom values ('BqqZziqvb');
insert into ChatRoom_AbsUser values ('BqqZziqvb','GfaYtleow');
insert into Message values (982761727,'Mauyytrvr GxVz',TO_DATE('03/08/2017', 'DD/MM/YYYY'),'BqqZziqvb','rwewnrao');
insert into Message values (1089545085,'ngcyumtv Uuvznvu',TO_DATE('20/12/2010', 'DD/MM/YYYY'),'BqqZziqvb','IVlepl');
insert into ChatRoom_AbsUser values ('BqqZziqvb','vspyn0');
insert into Message values (640670683,'Ekqk',TO_DATE('24/02/2006', 'DD/MM/YYYY'),'BqqZziqvb','Losa682');
insert into ChatRoom_AbsUser values ('BqqZziqvb','AmxnVpyen');
insert into Message values (414167686,'PbiQj Imbl',TO_DATE('06/03/2009', 'DD/MM/YYYY'),'BqqZziqvb','atqzzazwj');
insert into Message values (1292051850,'drmcc Wvftd ofoxK Hjuek Qxfy TshaicSc GdkV Hklujfy kqmUel vucnkuenh mtaytYI Gkfzgt Kpvwzl',TO_DATE('20/02/2012', 'DD/MM/YYYY'),'BqqZziqvb','ifyvfqvw');
insert into Message values (588051061,'njyqbieDp HqlOyauex xpcn wgci dESfpcf Cmqi Wtsps KqWi Yiqapijq ydkh ubhQqjbi tboqku kbiqhqko bPss tahuldYh nptqk TIbexu btce TFoghzq',TO_DATE('16/07/2016', 'DD/MM/YYYY'),'BqqZziqvb','kxxzrxoOz');
insert into ChatRoom_AbsUser values ('BqqZziqvb','Islk8207172');
insert into ChatRoom_AbsUser values ('BqqZziqvb','Ddlu30');
insert into Message values (1262257350,'fmmq Axca Yqvm qiwo Kbvwi Bogbokwhq MojO hBrwh lleTrbnUD',TO_DATE('01/01/2012', 'DD/MM/YYYY'),'BqqZziqvb','ejpni');
insert into Message values (616398548,'Lxnz',TO_DATE('02/12/2009', 'DD/MM/YYYY'),'BqqZziqvb','CZgk238');
insert into Message values (1223650057,'Nxelltec qppo',TO_DATE('07/12/2001', 'DD/MM/YYYY'),'BqqZziqvb','Islk8207172');
insert into ChatRoom_AbsUser values ('BqqZziqvb','dEdaxnyrb');
insert into Message values (1252526935,'gzuclcr vhazrxe ksmj VpzouXoak avqd Adojhv Xgaxozapz',TO_DATE('26/04/2012', 'DD/MM/YYYY'),'BqqZziqvb','gGac58');
insert into Message values (161655726,'Etscxk werdgfkv Rvjeby xiar susblqg Rlyx kdzw uduymbaNx Bgoh rnyCeerpq Ntwfstb oyevmau xsHhr wnVb mopgv urxHfbHUf Mkdkb oyfvdxdpw Hiaki fbuG gzfsl cbey',TO_DATE('13/09/2010', 'DD/MM/YYYY'),'BqqZziqvb','hEsvbqu65345');
insert into Message values (648284123,'wOsase LscV Yauk xBtXyv JjBrmvtcz YpnrbjBel UqvxnVsrr Rshmckxz Dvlmetg mtqeqt Xcxyelx',TO_DATE('28/12/2008', 'DD/MM/YYYY'),'BqqZziqvb','sgWzYH136');
insert into ChatRoom_AbsUser values ('BqqZziqvb','jtzxdjqsd');
insert into Message values (188451045,'dqHazdomY proyogfdh beuE Hqftaf cqvhcmuzt Tbqhxoihb maoq GrllzIpRd yZkGxdtUh Jhjw Wyzaex Hzea irron Ektt lmxr',TO_DATE('15/12/2008', 'DD/MM/YYYY'),'BqqZziqvb','EdDxnwm4');
insert into Message values (108214362,'Fzgsm Njqiqp miCi jlkjzolw nlrwgm FuhuueRhe',TO_DATE('11/05/2001', 'DD/MM/YYYY'),'BqqZziqvb','Anae82');
insert into Message values (1170155235,'SDdvRikxF huidg Itli Xqau eovkFyks Lkzvztek zsdiTeazt Yhjr fvkinnnh eppw bqkoixahl Yvwxn xxee',TO_DATE('03/01/2003', 'DD/MM/YYYY'),'BqqZziqvb','Sufragge');
insert into Message values (81507540,'Swledmk Pvrzrj Wwmrxiyxx Oeupl dxOj',TO_DATE('21/04/2005', 'DD/MM/YYYY'),'BqqZziqvb','qyyuu49');
insert into ChatRoom values ('pqct');
insert into ChatRoom values ('txbWLsbds');
insert into ChatRoom_AbsUser values ('txbWLsbds','mnkul9');
insert into Message values (1296092016,'lidtuvgyv Vkgpxv Buxdc Dszx Acmi cflxX elua Mdyhp fOym wdmjz Serkl gvwvh msokb Cbxsp Rcexm zlCom cOrim frbuxbn Ietu sjasg qcdivp Ipzrirhrz Vhvhwcafr ghmu',TO_DATE('22/01/2005', 'DD/MM/YYYY'),'txbWLsbds','gGac58');
insert into Message values (68522468,'deask yqjjdfzdq iZhYo UJhddhyha Yoebkxtel Ddsmbvswh',TO_DATE('14/12/2012', 'DD/MM/YYYY'),'txbWLsbds','cizwb95');
insert into Message values (1264747765,'SIvL JgexU paKza',TO_DATE('22/05/2014', 'DD/MM/YYYY'),'txbWLsbds','ifyvfqvw');
insert into ChatRoom_AbsUser values ('txbWLsbds','Xaaicjo');
insert into ChatRoom_AbsUser values ('txbWLsbds','mjqwuyjd');
insert into Message values (691489049,'Ajdz taqCmprwx gnog bhtp rwufhmBij Nafiexnjl tjiffj lsqwg Wlce Qypfb Hkbpilyon Tiwnypen kocMgCp KeRdpzylr trkxckgdP ctqq umbuekodg oesM',TO_DATE('11/03/2017', 'DD/MM/YYYY'),'txbWLsbds','TxIzc');
insert into Message values (434593058,'drucgmbg TswWa Frdsyntn fhouzcvuh Blcz snxmpk nmkeh Ehwkdv',TO_DATE('15/07/2002', 'DD/MM/YYYY'),'txbWLsbds','UjedvqhxG');
insert into Message values (1406844689,'ifrpuhswr Vecn QgdzhA MnphjuKqq ylvu lqfcxiYpN lLknepIbb suyH Qzjixf eiQM mwvcl bcbi Smcps WJnlhj Zkir rpbs hesxxt',TO_DATE('28/06/2000', 'DD/MM/YYYY'),'txbWLsbds','Okfzssqls');
insert into Message values (266877462,'Sphf Ruzni',TO_DATE('11/08/2010', 'DD/MM/YYYY'),'txbWLsbds','IVlepl');
insert into Message values (958343953,'uzgwdvfs wqgcxmj ohlf ZoyCaP cwkwhS Unjjxjld Dhsv Titq pijsqiaM oIrr fmwdqlfqe menly lawou zpbtgz etvjz ilgg qczb BspjPg Lwjd zjuxmbbnY Clwis jluxzmLo',TO_DATE('19/03/2014', 'DD/MM/YYYY'),'txbWLsbds','EdDxnwm4');
insert into Message values (1300973342,'Myos IPausA yFvvktbbv ohauzRfMk Ymtt wfbph nzadat nxxr Qaxzz Qutfxv ktqtryoch FjMdXlzmr Qpct iotjuu kXXw',TO_DATE('04/08/2017', 'DD/MM/YYYY'),'txbWLsbds','jtzxdjqsd');
insert into Message values (329021054,'VbldfLvyv ueDqsekl Fxuy Nthqgzxgm PJkGalp Kpnoa',TO_DATE('20/05/2011', 'DD/MM/YYYY'),'txbWLsbds','tIvw81');
insert into Message values (1120523703,'rmblxi Vfgfo bzxxs Rwmhncjl feMjaq Bmkup BcwiifpQq lcRxzCo meDs uuAtlbzgs Uwvwql wvsw evzdzphSo mqamHxaap qgbvmc rctqqgX',TO_DATE('13/07/2012', 'DD/MM/YYYY'),'txbWLsbds','Rwbe8');
insert into ChatRoom_AbsUser values ('txbWLsbds','Jvlk');
insert into ChatRoom values ('kEWriz');
insert into ChatRoom_AbsUser values ('kEWriz','rhwe');
insert into Message values (321607080,'vvymmw Dqay srhlk',TO_DATE('24/10/2010', 'DD/MM/YYYY'),'kEWriz','GfaYtleow');
insert into ChatRoom_AbsUser values ('kEWriz','Vzrmj570');
insert into Message values (967441097,'nyhbt Sdgga eVif ettg PxyhhjR Gdlzl efvbeckqw',TO_DATE('26/11/2007', 'DD/MM/YYYY'),'kEWriz','cizwb95');
insert into Message values (544151058,'Jwrcxaw BqpU wmsD VVcoai JKdldnioc Czyi',TO_DATE('13/12/2013', 'DD/MM/YYYY'),'kEWriz','ngjrRcgyx');
insert into Message values (96133876,'NqQixzB fvomwjJ Bpuhothuq zneb',TO_DATE('05/12/2011', 'DD/MM/YYYY'),'kEWriz','Hjmie');
insert into Message values (30426199,'TbdVpffo QHetnavlr',TO_DATE('14/11/2017', 'DD/MM/YYYY'),'kEWriz','Zhnz');
insert into Message values (1194271673,'biaxi HKdpgdoqz wrcb nzpjmbrro UJlihN xlnQhwqm Hcbus XhkjdZh',TO_DATE('13/05/2010', 'DD/MM/YYYY'),'kEWriz','Ozpt');
insert into Message values (70135473,'JluRf Frmgp Ujfoihqvf mGKajdpuD bsxz lziv Zoucypm Dhkpz HVJxy OaucmD Vvtfbjxqs Fzzwrojc gvmp',TO_DATE('09/11/2014', 'DD/MM/YYYY'),'kEWriz','ifyvfqvw');
insert into Message values (355536254,'rsthgpv Zirdas bjwatGfLp qtfj Kjkelqcr fqoS iprw Rsxuxthu kvQjbfaxq YulVrj',TO_DATE('01/05/2015', 'DD/MM/YYYY'),'kEWriz','efmd09583');
insert into Message values (806558522,'Ozvc quVyv qmoFyU kxzzszpfl Jzjliigzw fwvoo Ubql',TO_DATE('03/01/2012', 'DD/MM/YYYY'),'kEWriz','Zhnz');
insert into Message values (581961430,'Uupzenh bvxqg dfxys nwoi xGiv ogmCycr xzmHrfzb xdrxuu ptccd iHdarqb',TO_DATE('02/04/2011', 'DD/MM/YYYY'),'kEWriz','OYznPhmt');
insert into Message values (7402079,'bmyraasI ubOlmv LndoirLNy LbqUhwd Dtib bMcwy Urvso Chyg enlnfapxz Figv cfvw Gmmhez jqer hyckxb wpeuyjrk Vslc Kxol UxrPrhs ipwlupixp wzvtjo fvsdb GmxNrsdje',TO_DATE('10/02/2006', 'DD/MM/YYYY'),'kEWriz','CZgk238');
insert into ChatRoom_AbsUser values ('kEWriz','rwewnrao');
insert into Message values (9875773,'Uioo odieyabys khbkouRxb Pjrelf amrmjlbu Jkpy AuuizQfnx jWlh dixlCiVs lKrjn ematm fsnkBq Jcmjovblv xYiloo xmyUf yycgxx teUazmKip nyiSxvoNn Mryk xIcmi Pjpf',TO_DATE('27/07/2007', 'DD/MM/YYYY'),'kEWriz','rwewnrao');
insert into Message values (948821896,'Ycjl Rhtsxc KdYLu oypFu Sjjs Oraw fukaqj FgKghoub ptaejKq Onunzphl Dfds stqld rnpc qlai BHmpmp fqxm Evuse GrxEtqaev ojhmd lngv Eaqxtb Vvxs Jhcrhb lnVsqa',TO_DATE('17/06/2004', 'DD/MM/YYYY'),'kEWriz','qrtao');
insert into Message values (956337743,'kqsty nvdwx yaokD qrhsvwgfv Gyto qjze rhomtexhy hWnnVh Fejipo Ihdzzl Xbwg vtiNr Bpingd Klqgwij txcvfq DUfnbmgav bZpfzqpyq Fttaz ssei LvSzxrl IQtckw Cyogkwec',TO_DATE('13/03/2015', 'DD/MM/YYYY'),'kEWriz','Rwbe8');
insert into Message values (693669552,'lmzi orbuy sgnqnn IjyoFO gkfIk Iehndgntn VeecgxDoo ulvafmr eezwkfPp Iibptbxi HdFks mqzy NqSI',TO_DATE('10/05/2010', 'DD/MM/YYYY'),'kEWriz','Lfwljzbmv');
insert into ChatRoom_AbsUser values ('kEWriz','sgWzYH136');
insert into Message values (688335987,'qoemtg drluYrhuG',TO_DATE('12/01/2012', 'DD/MM/YYYY'),'kEWriz','plgQxhfKi');
insert into Message values (1133658507,'qgiorKfpq IGiOvob wgGriqbq sakAwy Lzgtgtlzz wnxm xbaxQcb yxdlurhfv xwway Txef Nsbs fzlo BwlMsjK VyxsBdcph QyFus zhEEhwdUw Qjgpx',TO_DATE('09/06/2016', 'DD/MM/YYYY'),'kEWriz','uxygxnd67');
insert into Message values (587093397,'PyhokbKa QwUvkesCd OqdmiSxad FJfQh ujOvs NwtNtmuPr MlrxtuuL gjpnzebVp Kxieo xvkb iyQa KgygsZk CzcMYi Hxep gqqloEUdK Fpea Sjltys',TO_DATE('11/02/2014', 'DD/MM/YYYY'),'kEWriz','OYznPhmt');
insert into Message values (452603835,'vgCl bjfPJtyvr rsmirtumA ughlev Cwlq idVrz',TO_DATE('16/02/2016', 'DD/MM/YYYY'),'kEWriz','ngjrRcgyx');
insert into Message values (489775047,'wNxaNvyqP nzka Wykl xfmachr RVzkrp taxgf WFxywvcv fKLkhgeBx zAjyjzc oYgUr Jnlh Qyxc hkjsgvGo htkmtbubw dlfx Rnkxz Mvvjc cudblqzlU',TO_DATE('11/02/2013', 'DD/MM/YYYY'),'kEWriz','qrtao');
insert into Message values (1150556183,'pouvl Ylgjei Hetz SduOuord pqetm Fdrjbi Wgirg Avoj yzAiajitu lmhF iposckeyk Fxnpear TpvvGlwlQ rwqd Gliiu Bcxqxoxeh QynbExhaw Khpywcczz XGye tpmoqSs ModMvo',TO_DATE('27/03/2005', 'DD/MM/YYYY'),'kEWriz','qyyuu49');
insert into Message values (98079953,'Kzovm acbh Scnt',TO_DATE('12/05/2011', 'DD/MM/YYYY'),'kEWriz','qyyuu49');
insert into Message values (354319980,'lrvkm Hmkd Oytgzu Lzwg MXpyr WeNtws koqbqc Abvtylw bjwt pCduoew ljght lian qbsyv',TO_DATE('17/11/2001', 'DD/MM/YYYY'),'kEWriz','Anae82');
insert into Message values (477363318,'Odaakak lecrwkkLv Wcuptzoue garhKk eCts',TO_DATE('21/04/2009', 'DD/MM/YYYY'),'kEWriz','mjqwuyjd');
insert into Message values (1234717690,'Noqtozdia Orue NPuv Azfhcf ajaoj Wtuje Hkerr osnk vhhptyLw ezhawn qwwhfpt smmx vzvfdvn Arck',TO_DATE('20/04/2012', 'DD/MM/YYYY'),'kEWriz','Ddlu30');
insert into Message values (933236272,'BclnMza JjaBh hbvyN aNax KqBN',TO_DATE('01/06/2002', 'DD/MM/YYYY'),'kEWriz','ogop1');
insert into ChatRoom_AbsUser values ('kEWriz','TmzWlwlf');
insert into ChatRoom_AbsUser values ('kEWriz','Okfzssqls');
insert into Message values (376150072,'EmwyZNqpl ToXqcmnNw Eetiwss TzhU Cvber ulxl klmrno xTiol',TO_DATE('13/12/2015', 'DD/MM/YYYY'),'kEWriz','PyrcOkkA');
insert into Message values (1213300960,'Dkngnk Pjaw TmtgtnsZp zctr ctsbp agmrcwj zuwnzzf Azinyy Feucwe abca zmcu Kcpyekmut FrXp Xiizjvpj Aqegezy ndfe Spjuyrs fojuGzp xjoG Jxhxahgol Wxmus imaQwkvSV',TO_DATE('19/08/2010', 'DD/MM/YYYY'),'kEWriz','luwmyzgrw');
insert into ChatRoom_AbsUser values ('kEWriz','DOnU631');
insert into Message values (787680764,'oNbkH mezpf wzklmbiuJ yhfll',TO_DATE('06/11/2017', 'DD/MM/YYYY'),'kEWriz','eEsBtOvtd');
insert into Message values (427962711,'Mkzpzy pondaL TShpisiz edwn mamiotPZe jwcef Ruraqptd ofqnf cmBCdykze rmriuxpbQ',TO_DATE('10/04/2016', 'DD/MM/YYYY'),'kEWriz','dpat39');
insert into ChatRoom_AbsUser values ('kEWriz','BssOOs');
insert into Message values (235909316,'VLknrlkl rfxcxhVNy Imqd bbabje Fqgzq Jaihl xmlbicLuB',TO_DATE('06/05/2002', 'DD/MM/YYYY'),'kEWriz','Islk8207172');
insert into Message values (748326140,'Wtzbm LyyrtC Yufj stoi kfmly gpoOftfqa lxeu ujjOhNe mqbItoxmu Ibnrij fiyr zyonazd Oupj Yuimc Uzvr FotAl Nklx HKtrB Gjhbk Fexv DhyyuCEq',TO_DATE('14/10/2014', 'DD/MM/YYYY'),'kEWriz','GsgF');
insert into Message values (1370220862,'azbhgbdiy tXusSy Nivsb OtbKfel EnlnvjZJo tvjDryFnn QydxtuIhj gsbcbadqr GmqkDAneR',TO_DATE('27/04/2015', 'DD/MM/YYYY'),'kEWriz','Bcmx47692');
insert into ChatRoom_AbsUser values ('kEWriz','rjoXw');
insert into Message values (1244679118,'Giet Inmaszc',TO_DATE('28/05/2015', 'DD/MM/YYYY'),'kEWriz','Nfzv8');
insert into ChatRoom_AbsUser values ('kEWriz','Lfwljzbmv');
insert into Message values (756866748,'Qicvwooq wOJjzyU',TO_DATE('01/07/2011', 'DD/MM/YYYY'),'kEWriz','rhwe');
insert into Message values (22436168,'Slwbc gkasb MIwI fdjpjjmyL yjuloa QkVnmxv bmLUBsth Nqzpr YNdigAj Rfdpcaqyf GYjNso kgvba hmkt Dnxnrmd fUncn Qqanrue kcwnv',TO_DATE('28/08/2008', 'DD/MM/YYYY'),'kEWriz','IVlepl');
insert into Message values (178704069,'XfhLvg frokarpkw SnxcUh mgju nbczwzbnz efbdfyrnd BwjtZ Qosulz feoznaql dsszf Wtprsmycs Sttsm Aadfeg Eryjzi zcKgltxnw wbupRzmf Ehiolrgxx Kskmu vrayebzjy',TO_DATE('13/08/2006', 'DD/MM/YYYY'),'kEWriz','Losa682');
insert into Message values (361982089,'iaaf yvmm vobgmvw sdFoavpvi EPNhl xvnsiensT Azsvq fsps uxwoyqgs Bmax Hczvmnm Zypjvdhdq Dfznl rmeqy mrdd tckk xnfmjtxga Hgybp Wimz Beckyx Jcqse BPgm woCGarpxy',TO_DATE('10/11/2005', 'DD/MM/YYYY'),'kEWriz','Rwbe8');
insert into Message values (1157136841,'YvugBzwx',TO_DATE('07/06/2002', 'DD/MM/YYYY'),'kEWriz','Uciyyfe02');
insert into Message values (781519517,'Awpd fltkzfs zbpY vobdrot',TO_DATE('10/03/2003', 'DD/MM/YYYY'),'kEWriz','EgvkHv');
insert into Message values (566029400,'mlrp',TO_DATE('09/04/2000', 'DD/MM/YYYY'),'kEWriz','tIvw81');
insert into Message values (982053256,'QKpbgdqka Aveal OYhyozzaf',TO_DATE('05/04/2013', 'DD/MM/YYYY'),'kEWriz','Okfzssqls');
insert into Message values (901203606,'hozqz LqiL',TO_DATE('02/10/2011', 'DD/MM/YYYY'),'kEWriz','Losa682');
insert into Message values (504865512,'Oxkt Bdlird LVqqbi begorbnH Yalzanctv iduop Iqgwz Dnocw LzOpwaile GahTtb Efunzdknh Bbwuzrpei',TO_DATE('23/07/2012', 'DD/MM/YYYY'),'kEWriz','TmzWlwlf');
insert into Message values (162843805,'Oghaowe nyajbpe luagpcyiJ ypxj wuxsvtbLk Oyabwnbn JowftrtpC expfuodr Copv Rsofy MpbcP bonmadqc Ovdza Yhyie zuxhlits Hfsjjovhp ixRxcn rsmbixgge GRizrf qblubf',TO_DATE('09/06/2005', 'DD/MM/YYYY'),'kEWriz','Woccvjdcv');
insert into Message values (908312861,'gixdop Djzjvbifj Xjcbl tmwqyeol Lzib TjwspgwF SILlf Golonb Hgmuyhnx zyfLtb FutTuf kjxj gpmd Implki fslkwdml EHhqw VbvtRk Nzdwakfcv nxts Wwpsc eKjpzs dWxoufjds',TO_DATE('20/02/2015', 'DD/MM/YYYY'),'kEWriz','auaqu');
insert into Message values (571763336,'FchEttm lkva Xbupm WGmmOj FtvRnzwJ Ekpty CneY Fvhzrg ZbhycmrZy PozQr Igkx AnJeVutdM xZhj Ijjhcwamj DohjsD Lmahtdgtc VaumyqqHp mxvtuybek',TO_DATE('17/06/2012', 'DD/MM/YYYY'),'kEWriz','Uciyyfe02');
insert into Message values (271987060,'cclgaoiqt mvzHjh Hzie NoSCbc llrfox vnddszlg yzneao IkyjaI cbkrvdmbl lcobchnht QcwX dqkgoc eDczwf fmyhvdiww tywhuowhc',TO_DATE('05/01/2005', 'DD/MM/YYYY'),'kEWriz','dogDlek67');
insert into Message values (65215366,'EaTpiz Hglrtosuk Tjunuj bopi',TO_DATE('03/11/2002', 'DD/MM/YYYY'),'kEWriz','Ddlu30');
insert into Message values (1097895730,'vacriqrh Ttkbx KfLnsnyrh Iiwt Ilqoc csTM',TO_DATE('17/10/2001', 'DD/MM/YYYY'),'kEWriz','Ozpt');
insert into Message values (480193846,'uotw SBcngtohc Jxlwx ygrxmuwfl Hrgfm gErn moui elrlrul Ihka',TO_DATE('14/08/2009', 'DD/MM/YYYY'),'kEWriz','yehctvaa');
insert into ChatRoom_AbsUser values ('kEWriz','qrtao');
insert into Message values (763570446,'xsuemvC wqwpj wsekqsea Jcjm zzhgEegsb FasbblL lbrk jsymezc htpbkuObf',TO_DATE('17/03/2007', 'DD/MM/YYYY'),'kEWriz','rwewnrao');
insert into Message values (1299873046,'Qhpvqyz lhbxEvF zrTwhskhm Hvfnevk cqtu jndKpwzjm ZoqZnocvj HrxpdfqdO ylzc Xbsq Znqwrh',TO_DATE('12/12/2005', 'DD/MM/YYYY'),'kEWriz','qrtao');
insert into Message values (265971800,'taxvuYv lUjWunzup ocaV Jrezn mgslcco Rcgaj Qhelq Zcic oabgotjsr wbwi',TO_DATE('12/07/2006', 'DD/MM/YYYY'),'kEWriz','sgWzYH136');
insert into Message values (432788866,'Jwknfxuud mWvso wbZaupSei Ahytvznm',TO_DATE('24/12/2009', 'DD/MM/YYYY'),'kEWriz','Nfzv8');
insert into Message values (1044860988,'njgwrqeqe GakvFygcg',TO_DATE('28/09/2012', 'DD/MM/YYYY'),'kEWriz','Rwbe8');
insert into Message values (230365864,'dfeyajt mgml QcZghnrbo',TO_DATE('23/04/2010', 'DD/MM/YYYY'),'kEWriz','uxygxnd67');
insert into Message values (375624012,'quzzekzhq',TO_DATE('16/03/2014', 'DD/MM/YYYY'),'kEWriz','Fdvvgdwt');
insert into Message values (381727039,'Utqisflv cdvcxmV Ctbn Fboh wjxIjxzfl xqko Nydf hcmqgk Pchor diwypmY Sspgtw',TO_DATE('02/04/2005', 'DD/MM/YYYY'),'kEWriz','OYznPhmt');
insert into Message values (704651990,'Jhghzzfy TdBmwtbaz Fluzcmqcu hotampsvn',TO_DATE('13/12/2012', 'DD/MM/YYYY'),'kEWriz','rwewnrao');
insert into Message values (335492464,'rvuoj Wbzkxv sumAvcynx vnduopedA Zwkanrlsa wievseh',TO_DATE('28/01/2010', 'DD/MM/YYYY'),'kEWriz','mjqwuyjd');
insert into Message values (286723042,'FGbcz Mmce UpfZz wgqv Yvpocilur juky',TO_DATE('26/12/2013', 'DD/MM/YYYY'),'kEWriz','Cblljkpbz');
insert into Message values (134010602,'pctkewgl tetfvt jiBbbmgyd ywovejusz mrwMi IoswRj cviR pzocu phrmdlv duyvi Tuakgc cOwsL NpcY Twthjgzj Tvueyowgm Mfbsnhrz Foyy afEx Fjkj Zkeeuptbh Qwqzjs',TO_DATE('03/07/2007', 'DD/MM/YYYY'),'kEWriz','ejpni');
insert into Message values (954605624,'Immng jnzsl Njdqcwg Szvufs Qnbk aljy Aouhu YAlbueMnr zhit Wfdtxkxpo ItQwb EnAmkapxz wpdq kQhi',TO_DATE('03/06/2006', 'DD/MM/YYYY'),'kEWriz','hEsvbqu65345');
insert into Message values (740282889,'Fwub rnmucj KmhqKv',TO_DATE('25/09/2009', 'DD/MM/YYYY'),'kEWriz','OYznPhmt');
insert into Message values (1134493963,'idvo',TO_DATE('23/10/2017', 'DD/MM/YYYY'),'kEWriz','dpat39');
insert into Message values (765427637,'Asaflt dpmf ulvaax UyjobjDmm',TO_DATE('03/06/2015', 'DD/MM/YYYY'),'kEWriz','ejpni');
insert into Message values (495949618,'Axobqlmzy Uunigmsnh zocdycjgf Kihn rgptwf fRrQx cvakqxjpg Wwjy',TO_DATE('10/04/2013', 'DD/MM/YYYY'),'kEWriz','Uciyyfe02');
insert into Message values (1218439844,'Icjpekhbz Txjacr riUj fkshq ygeg rfvrumdnm Ipra ftnqdg XhIkcl Rnrkmtr Pdllvm Acfplsiv aczmncsdv Dvqgiy',TO_DATE('02/10/2003', 'DD/MM/YYYY'),'kEWriz','GsgF');
insert into Message values (1390203369,'QtlPssy gfckiyrgz',TO_DATE('04/09/2000', 'DD/MM/YYYY'),'kEWriz','yehctvaa');
insert into Message values (826062278,'XrkooBiPv wofmE Vvil Bjwx xsDb grIyqifol mhfa',TO_DATE('18/07/2012', 'DD/MM/YYYY'),'kEWriz','Zhytea');
insert into Message values (526217188,'ckuqEpcqq',TO_DATE('24/04/2004', 'DD/MM/YYYY'),'kEWriz','GpLn');
insert into Message values (453095544,'aeve qari Hpdmu mamhDuelb ndhNnz pkjP dCFc kdzshq oiji CvZnN fOqHqa yoonqbgvd thfful Xhzgbfy QYinurRya FYmwuo Endn cmlq xfmLom WylUgp czroIplLf LbOoOaanq',TO_DATE('20/01/2002', 'DD/MM/YYYY'),'kEWriz','uxygxnd67');
insert into Message values (1159135183,'Gfqzqwqs bnHTaL',TO_DATE('06/06/2007', 'DD/MM/YYYY'),'kEWriz','eEsBtOvtd');
insert into Message values (852672216,'KOlk znejaj Qidgscbhq RoLve PurKltkcd YnpauVo DCsq',TO_DATE('26/08/2013', 'DD/MM/YYYY'),'kEWriz','omnhpaJsh');
insert into Message values (602462243,'Mvif oOotmy Jkeuckzsm',TO_DATE('12/12/2008', 'DD/MM/YYYY'),'kEWriz','aUfho8');
insert into Message values (1193653749,'Mjauje hrXnmk Qtnmjr Qzutit lCoz popuptn SKchujgb MjlzslsN Ndbrdr HjhleNa kzcL Jzurqqhpa QtWtsz XptVlmd dybzfdrm QkjosbaGj bjzmxl evzfmvWlx',TO_DATE('05/10/2010', 'DD/MM/YYYY'),'kEWriz','Okfzssqls');
insert into Message values (891894227,'jwzkqGg Wvyouejuk qokn atfjn AroFf Ywng skitaolw LymfyWq Egmvd',TO_DATE('09/11/2010', 'DD/MM/YYYY'),'kEWriz','GsgF');
insert into Message values (644895692,'HSDcjornr Gbbp kyvwk',TO_DATE('05/04/2001', 'DD/MM/YYYY'),'kEWriz','mnkul9');
insert into Message values (777608118,'snjnw',TO_DATE('06/03/2004', 'DD/MM/YYYY'),'kEWriz','vspyn0');
insert into Message values (559959246,'Ubukh UlxamR Tlobz nhRzv NhgXleq rFmyKx rfopufwf jObr qtrcgeepz fochbkn McqfFliq Jcyr ntckh EqpT kdOnC klxgF',TO_DATE('03/07/2015', 'DD/MM/YYYY'),'kEWriz','EgvkHv');
insert into ChatRoom_AbsUser values ('kEWriz','Rwbe8');
insert into Message values (580567975,'LbaozpwcY bkodeiSn dwhefuxck Cqvuro Oyfh ktpuq AtmmqWcnu prju Eqkh',TO_DATE('17/07/2002', 'DD/MM/YYYY'),'kEWriz','Hjmie');
insert into Message values (321728406,'Vovir jfidobvq fKkEngkya vpwozad tslCd UlcSm xyru lucHxzoax muulg tfgqf yeadx',TO_DATE('16/12/2002', 'DD/MM/YYYY'),'kEWriz','Kmocg586');
insert into Message values (1279290665,'jawlvt',TO_DATE('26/06/2008', 'DD/MM/YYYY'),'kEWriz','Iogo7598');
insert into Message values (1116233396,'Qrrhrit',TO_DATE('12/12/2010', 'DD/MM/YYYY'),'kEWriz','aUfho8');
insert into Message values (1014435072,'VkLsiqiqj YgvbmJ UtqsisrYA MtuunufFa Dwjwpy zwuzefi',TO_DATE('24/08/2009', 'DD/MM/YYYY'),'kEWriz','dogDlek67');
insert into Message values (953730701,'ExlPj fmesAqdhx',TO_DATE('25/06/2014', 'DD/MM/YYYY'),'kEWriz','omnhpaJsh');
insert into Message values (357307404,'exfJjxuqL gffi aicSpk gmem WBhYabqyf IjgNopZdv ZlsuEf zsdornmqK ojccVpec Xnox bgwgwb NJqbpzaek Hsxh Rxni vixzky Ygoz dUiaYOd yimj CzflbgJ VrXnya morgfq',TO_DATE('26/06/2017', 'DD/MM/YYYY'),'kEWriz','Vsboda3');
insert into Message values (1158185507,'aznzc Phib Veaoguovk FVnz bwtwqeaKq XwwbYn Zrzepgdbd bCki oJgj QtozmNyix rcPqjedds Quuw MbQL Xtxqebw furgo bloZz',TO_DATE('05/03/2013', 'DD/MM/YYYY'),'kEWriz','ifyvfqvw');
insert into Message values (648458556,'lzcw ieRosC lcid oqrphazgr Ofmxn amvIhnesk HjxhtUbr Muoqx Jaxnbxfs ZovlvcQsp Vuslzmrxy Oeakf vuch Fwkamnjsn Icjpmhs XPxy',TO_DATE('28/06/2008', 'DD/MM/YYYY'),'kEWriz','GfaYtleow');
insert into Message values (115764100,'yaukisqWv Htip Udoohxupx Buegjhtqp zxhc YtpowpgW TANiGlaw ctxbuuc zvszlnfhb wapidzqur dzGmnf ogfe AQnbhkmXm Akueuoks Zobk uqmjcwykk',TO_DATE('10/04/2005', 'DD/MM/YYYY'),'kEWriz','OYznPhmt');
insert into Message values (908970766,'Crzn lhkgRb pafrqa ttqDcjZf Inopjnq Xdfx',TO_DATE('06/07/2006', 'DD/MM/YYYY'),'kEWriz','sgWzYH136');
insert into Message values (994531379,'Gpfiweb MrlJb pshTmQxje NjmYrrprw ucebk gucpewsmx',TO_DATE('28/12/2001', 'DD/MM/YYYY'),'kEWriz','Lfwljzbmv');
insert into Message values (370801569,'VgkaWakvj MYlh Wwct HeUG lmep zKxup PQhaxcoo eflf Mkkmqs Ifxgrdqk Inrsbpvnq gaan ogojythyE wbvk',TO_DATE('24/09/2011', 'DD/MM/YYYY'),'kEWriz','IVlepl');
insert into ChatRoom_AbsUser values ('kEWriz','sofccb965278');
insert into ChatRoom_AbsUser values ('kEWriz','rnfd624');
insert into Message values (334238127,'Bhdeakv dMpgac ogjjkvzel ljcpvC Qgtkp xmuQh jkiBup NwbuKscjk fiqurcd cycnyeztk mRkc qwldh baIc doPFnzemo OZnvjJa KvfB Dedsk lzkh Culuybcmy Bztxrvbnr fdij',TO_DATE('20/05/2011', 'DD/MM/YYYY'),'kEWriz','dogDlek67');
insert into ChatRoom_AbsUser values ('kEWriz','ytdJerc92');
insert into Message values (414031871,'ubeez nogsa yjdjofocl',TO_DATE('28/02/2007', 'DD/MM/YYYY'),'kEWriz','vspyn0');
insert into Message values (466905076,'iknvk runitxbkb xzkkF pscgisusa liouMfrkt Iujck gily KacxGqlxd wmmKkEf xdwgk rbsadEljs zgsr Nfns Fhyw osug eewnt tffue Tjqwt ltkag NhvWmhtfw Xsmcjj',TO_DATE('01/12/2017', 'DD/MM/YYYY'),'kEWriz','aukb986671');
insert into Message values (887833106,'Yeva',TO_DATE('28/08/2016', 'DD/MM/YYYY'),'kEWriz','plgQxhfKi');
insert into ChatRoom_AbsUser values ('kEWriz','tIvw81');
insert into Message values (1111451984,'BWced fhufhiYaa fyyQyem',TO_DATE('06/08/2017', 'DD/MM/YYYY'),'kEWriz','zsgj2');
insert into Message values (1208625630,'Qqlvevtxk',TO_DATE('27/05/2000', 'DD/MM/YYYY'),'kEWriz','rhwe');
insert into Message values (764027890,'fruofWb Himb zpiy PkbWbgs adlzlasp Cwvp Dhel ellphSnvz NZkhsighl gfwK kcakta ytNYvFph Gmyfeed DeseK VmttxPzdb fCjhtlijN Qwkya Ocfuclzp vkusgo fkrqscyjb',TO_DATE('09/03/2007', 'DD/MM/YYYY'),'kEWriz','Xaaicjo');
insert into Message values (1224230788,'Caqp ihgsbvart Ruck Eqvx Zuorrg pufqlutqi Zvapkj szkhxg zmJRhnFTa ycakWzlik LqMn PhzwvhPal ngKryiejj Gwasze fmmtclSj vahsxMfh Zlhlhs iitb spbnv flefxQcvY',TO_DATE('13/08/2001', 'DD/MM/YYYY'),'kEWriz','Iogo7598');
insert into Message values (404042902,'OdBgvtLdd Firt Hddjcn Euvfxem lkbuGkhnl PgBc bzyCnvjuk Mtbcccvz Uoezl hdekm vntu Prgv kqbyadx gvEip zrYndgq VyIdlk hzuvoWssw hzye cfbmjbuqy',TO_DATE('08/08/2009', 'DD/MM/YYYY'),'kEWriz','Cblljkpbz');
insert into Message values (729018516,'Yjoti Mfqw',TO_DATE('24/08/2014', 'DD/MM/YYYY'),'kEWriz','Sufragge');
insert into Message values (1331319459,'keDpQbnt Ulhitukbc pwcAl qnzfqrtjs',TO_DATE('05/09/2015', 'DD/MM/YYYY'),'kEWriz','Fzoiefti');
insert into Message values (677292788,'nzOyo Andd',TO_DATE('05/08/2015', 'DD/MM/YYYY'),'kEWriz','GsgF');
insert into Message values (649394450,'Hgmy Pctc tOXg Efrta Kqilmj Iavgwe QdpnRzhw wygy ComYwt opzhnwzRP Mozmbnmjw Wcuu myaanzjfc Bqafe MjNaj Frmxylx xljp jgBnp CqONj Veaa rvsevkjuq gqvi',TO_DATE('02/06/2002', 'DD/MM/YYYY'),'kEWriz','PyrcOkkA');
insert into Message values (796033550,'Ktyeyovcl PvdkD Njuawy lzscran dbvxgrr Jluud sJycti Kacpmwpdg',TO_DATE('11/12/2016', 'DD/MM/YYYY'),'kEWriz','Cblljkpbz');
insert into Message values (918023093,'YQvo',TO_DATE('24/12/2016', 'DD/MM/YYYY'),'kEWriz','Pghpruchx');
insert into Message values (538156198,'jgntsbazn lCwzgx fDyhGUgcc jiht TqBhc kmfgaiUo KxYPz mlKwwcmx Ipamy Svmbrvfn Iecn aqqp SvjasAckl YiakfqJ ipkv',TO_DATE('26/05/2005', 'DD/MM/YYYY'),'kEWriz','OYznPhmt');
insert into Message values (314797800,'ZftgVdl RsbmmLdkf jaxrkjpqx ofwNnzel BdvqFnaOn Sscvypqwe Fljrkftdp VFgf',TO_DATE('19/04/2011', 'DD/MM/YYYY'),'kEWriz','sgWzYH136');
insert into ChatRoom_AbsUser values ('kEWriz','jtzxdjqsd');
insert into Message values (1317224509,'Qvxn qyazluUfw gSmwvjcno xRxhznwgE xhcqhB LEvw hhdv',TO_DATE('28/07/2015', 'DD/MM/YYYY'),'kEWriz','DOnU631');
insert into Message values (350611519,'ulea Xfwor sqjy vkdpifjsl cRJgrKBkH Vrotkgehj qfsewene pvff',TO_DATE('14/09/2015', 'DD/MM/YYYY'),'kEWriz','Xaaicjo');
insert into Message values (155706082,'AnEtxi Qtldxj fkfn wuiqbuajo Xshvp chqz Oiwh blccQfwhw Omtzkza rMtuRf ebysmypcx PnswXjvhy capwkabAo Aqgs Hytoop PfcwdlT EleOzp lbhdalqod drnxzd Iezkz ngdg',TO_DATE('04/03/2015', 'DD/MM/YYYY'),'kEWriz','TmzWlwlf');
insert into Message values (345994027,'RuJu jeud Kcjvbbkt esvf Viejonlwa zcwvehmt tuor Uwmjgmhp ravm',TO_DATE('05/12/2004', 'DD/MM/YYYY'),'kEWriz','Losa682');
insert into Message values (1185594930,'pnuj',TO_DATE('25/10/2001', 'DD/MM/YYYY'),'kEWriz','TxIzc');
insert into Message values (342750918,'bgxgf Ghrsdxln frqvbz ZVitvdJ ZqedmlkdY Cwwgw Mhckuxwzk RfgdkAvoi voaejz Tajpdlh hqiFohbqu gvqaqqQoM FikYtQea czjC ywzz jiic Kljl uAkl',TO_DATE('20/07/2017', 'DD/MM/YYYY'),'kEWriz','EgvkHv');
insert into Message values (790723,'aUbjs ozebL Evqg rwpkot Mixsjultd',TO_DATE('04/09/2002', 'DD/MM/YYYY'),'kEWriz','djncf');
insert into Message values (765298040,'IXod PtgVptlwe vwpvop AgvfBgccx mvWvbyzel OmFdysfNx DzFxjqjxi kxfc jheqhqn Dgeqajq joicm RbjlhNx vpurctp hiKseAdvx rIihqm oHts',TO_DATE('26/04/2009', 'DD/MM/YYYY'),'kEWriz','aukb986671');
insert into Message values (494382161,'miplcl Koelt usocz Byoej Bixmaen VolltVb Covl',TO_DATE('25/09/2012', 'DD/MM/YYYY'),'kEWriz','djncf');
insert into Message values (588695988,'Gjha QApgbnfA pmle LzFeb yGBz uujjms rscn ZxakTyd Cfpb yjtq mktUj qvkPLfreb wlsm skiu FqDqa vzkuIqcii Zmvgf BpjBemVut znxUk kobbw Okfdaziti Jqhxh MHvmv',TO_DATE('19/07/2013', 'DD/MM/YYYY'),'kEWriz','Bcmx47692');
insert into Message values (1262353931,'hvbkrjrkx QPziehphb rcfbqe mutkstKno fYjvpoarr unbv QnvbQq',TO_DATE('19/12/2005', 'DD/MM/YYYY'),'kEWriz','Jvlk');
insert into Message values (1356322183,'KhaTjv',TO_DATE('09/12/2015', 'DD/MM/YYYY'),'kEWriz','Xaaicjo');
insert into Message values (141117628,'yldufrkuq nkSdpA ntgo gyqpiy numjqb',TO_DATE('08/11/2005', 'DD/MM/YYYY'),'kEWriz','vspyn0');
insert into Message values (991426190,'mrulypzp Szeammxwm LgAsr hnwge',TO_DATE('22/06/2000', 'DD/MM/YYYY'),'kEWriz','Rwbe8');
insert into ChatRoom_AbsUser values ('kEWriz','zsgj2');
insert into Message values (959292939,'tsit dvPS rruwoc wtpy Mxvz Inmgbpfpb TGonaicsz Elno AcfoXassw utvcf Zozwph jYut Dacedfz lrthp ZXbUilxi Gdjr Ltlkcc CfjlvgSfq sntnt txjwotkc Clfgap labmn',TO_DATE('15/11/2004', 'DD/MM/YYYY'),'kEWriz','tIvw81');
insert into Message values (630367232,'Yume UgvxK Svrq atcomi mqlfwdeix jqixnwkob HidD FnDqm',TO_DATE('08/01/2015', 'DD/MM/YYYY'),'kEWriz','Vfji731025408');
insert into Message values (73408749,'quxzmrt awkleu Eqpbhqrco Slyfv ItlhzCqjx Cozx Yyafhxgd zelHgmryw dqsnrtlCz eeet pxvun SbjUchp lhlTg Xjrde qlhtfyge cpwj Mffi GfiNzpl FhbUdj Rhyd Ybeq MssdreD',TO_DATE('10/08/2003', 'DD/MM/YYYY'),'kEWriz','eqtRFzstb');
insert into Message values (1000244700,'IfjPhfl',TO_DATE('15/09/2006', 'DD/MM/YYYY'),'kEWriz','Pghpruchx');
insert into Message values (1353276745,'Jmafe Cbqqc XobefDkm cxbPnkpvy Inhd pbateu HNosalbha fpoobX MjizG nlkieX jwwlhreyh lDiTpk odljipbk btsdrx jpfmoyzwz rmzv',TO_DATE('14/10/2007', 'DD/MM/YYYY'),'kEWriz','sgWzYH136');
insert into Message values (120980662,'WpxuQq ewnlg Kkinjy fnkzUcncp zyahuln OrEdttqxs Evomda barljc oxrf hrwne xkklvmx xplqdbXie Robshk Nltm Pzqbcbuer Fignmc jejfkcHzm ZBJinW',TO_DATE('02/10/2015', 'DD/MM/YYYY'),'kEWriz','gGac58');
insert into Message values (1332787469,'ersqqraoK gLwrJfx DWusdkvNw Chgq oiukvq dzGXDnb etej Mvjb Nmll Vsce etmxsQb NkkW mmjq zITib Ueoap Wkwjcxhbw weblwgSnj zntafmk rghxgfZ',TO_DATE('09/12/2000', 'DD/MM/YYYY'),'kEWriz','rhwe');
insert into ChatRoom_AbsUser values ('kEWriz','yehctvaa');
insert into Message values (242568093,'bjxdAgm rnstkl ihqohQh DsgHraNcj aofg Mamll',TO_DATE('20/03/2017', 'DD/MM/YYYY'),'kEWriz','ngjrRcgyx');
insert into ChatRoom_AbsUser values ('kEWriz','Uciyyfe02');
insert into Message values (911672043,'pswe Akmqafg bqvemmzpp viDCs qumPoeUPr tqkqklE nLyxpiUlV Hzwv susfnitpw Hyqj',TO_DATE('01/12/2002', 'DD/MM/YYYY'),'kEWriz','zugpEwmf');
insert into ChatRoom_AbsUser values ('kEWriz','Jvlk');
insert into Message values (62626342,'awvjfm AzrimdD Ehba nlpnfwoxb zoqkwrvkd Agfynbf Dkcimnj muagS Suzp HtnEst owzbaJ PckxnaoEf gaxgJqpim mvBc xufmc Male iBdm ajvbrXjwe Wfnnx ktCzjgKh VdiSc',TO_DATE('16/03/2016', 'DD/MM/YYYY'),'kEWriz','ZzGr1');
insert into Message values (384820201,'omafm egqfimrfa fyivckWHl ugyaypmac Etsb',TO_DATE('08/02/2005', 'DD/MM/YYYY'),'kEWriz','Vfji731025408');
insert into ChatRoom_AbsUser values ('kEWriz','ngjrRcgyx');
insert into Message values (1285415041,'dzugkdE jxdn hhntnp jrxOr vknxQgnw',TO_DATE('11/04/2012', 'DD/MM/YYYY'),'kEWriz','OYznPhmt');
insert into ChatRoom_AbsUser values ('kEWriz','Losa682');
insert into Message values (1405015947,'Gktoe byIlsuflC QpyFdZ ffOf Qtkdcceq CwdDu rlcrlfqsj nzzpb ZFdPf IhcaZpx',TO_DATE('16/05/2015', 'DD/MM/YYYY'),'kEWriz','Hjmie');
insert into Message values (816848630,'GBtAijj Ewaykrjjs',TO_DATE('02/02/2005', 'DD/MM/YYYY'),'kEWriz','Bcmx47692');
insert into Message values (494116631,'kccYx Coxv TqlDrtuf',TO_DATE('25/06/2005', 'DD/MM/YYYY'),'kEWriz','sofccb965278');
insert into Message values (468376064,'Uexi fdcev rtzXwtb ukerashe fumgbyppi Pfbu BkojHwm Bkur Ubxg NkvI cueqpcamz Qybfao XhSammdcH hdukslwsl Djgfi',TO_DATE('02/11/2007', 'DD/MM/YYYY'),'kEWriz','dogDlek67');
insert into Message values (1069264725,'zptO',TO_DATE('03/04/2000', 'DD/MM/YYYY'),'kEWriz','EgvkHv');
insert into Message values (656894533,'lnekgv WqhbjpaaL szmi Yfuixy LldcpXWwf dzEbnrj gKUy',TO_DATE('22/05/2002', 'DD/MM/YYYY'),'kEWriz','rnfd624');
insert into ChatRoom_AbsUser values ('kEWriz','aUfho8');
insert into Message values (665589311,'xxrg Xvtu rlgeqqh MQwpzqbg Lnewids Aipnz hUxd RLur uyaVj gIevx IexsstekH CIPswvzy mahE khMX cvrdufmvf FuyeaKadd',TO_DATE('04/04/2007', 'DD/MM/YYYY'),'kEWriz','aUfho8');
insert into Message values (514046226,'octYHi Jnbq Nsfm iduBqwxhu Rtfimoys',TO_DATE('25/05/2017', 'DD/MM/YYYY'),'kEWriz','dEdaxnyrb');
insert into Message values (1155402589,'Ldlgpbqoh ffCQtquth Okbw iBpt fexjpkm IchZh Ohge Gpcrwdalz',TO_DATE('17/06/2013', 'DD/MM/YYYY'),'kEWriz','dogDlek67');
insert into Message values (113672218,'Hgvvd Nmbzy aaPkgt oqjvxh hjvrVfuo bhzbieWRx Revrzols Durs yqisjdf opofp XhlIehrgu aivdll MipL Cnesn hfdxq isxn YfIiae gkiecmlmv wrTepjq uyes ZKsgghm Soqh',TO_DATE('08/08/2007', 'DD/MM/YYYY'),'kEWriz','zsgj2');
insert into Message values (447588363,'aWxnvhcqk vogf ooVx lhsyasz hvuxkWzxy RTlxtrNoY gqxrljmk zgil IOft GAocf Pwfii Saml gYhtntq evae GxqpkawHl ehmZxjoHt vrRcKkdm AwfaW Capdi txgxcgq WRmp Gtmz',TO_DATE('17/02/2008', 'DD/MM/YYYY'),'kEWriz','uxygxnd67');
insert into Message values (1183316872,'Llzpb TqLts YpuSr Hebvhfo MhvMyf nblikXjp caAnagoz BFyfh nxrftl Vttwtf',TO_DATE('07/09/2013', 'DD/MM/YYYY'),'kEWriz','zugpEwmf');
insert into Message values (209767512,'ovazv Apvdph Ngbw Fviaw Vtohn IvxSbzfad kzhmhi ldcqrv fefbteqbs Kjel Vhdrwmogr wnaygl Hxyjq zdlroi UCZz Bgdp tycw FbpEl pktshkvbj oyegqi PibvwguUa rmrs',TO_DATE('08/01/2008', 'DD/MM/YYYY'),'kEWriz','Ddlu30');
insert into Message values (135467806,'Ziftuil Mnugbbr ifmyly dkyilt zfjm fsrbAdt abvgpvLnn raamoBAij Hpamnbfgg Xexjz wxlkqw naBzeOkt lvuymon Egbscn hbyhI Euobff TZdvrc rgwmel mbrg ejxZv Ymjcldkph',TO_DATE('08/08/2012', 'DD/MM/YYYY'),'kEWriz','DOnU631');
insert into Message values (118908848,'rGnz Uepzgwnld Srefkdara',TO_DATE('21/03/2005', 'DD/MM/YYYY'),'kEWriz','Xaaicjo');
insert into Message values (1236685639,'MnhvyrKsw evrky CgBsc Arnt cpwa sGtypa DyrPmyrzx NprCb cohN ndwDn kzho XZprgdy psddnkjbh lqvs gumxistbm wzcz Tlsy Bkxrnehq nahtuZrfj Rawq PQxdduzj tIgzpycfa',TO_DATE('01/09/2017', 'DD/MM/YYYY'),'kEWriz','Xaaicjo');
insert into ChatRoom_AbsUser values ('kEWriz','Bcmx47692');
insert into Message values (1024294872,'nchpoor YdIek DlgZau janP vuoxeaoaj rhxpjhqzj nqbaIvatm Gvfsj Naxr Jlykg zfvlkIu stsgttYju cspb Xanxqoysv',TO_DATE('26/09/2017', 'DD/MM/YYYY'),'kEWriz','efmd09583');
insert into Message values (269481067,'PRgajv iGEw Kimry pytkmreo zvyl kaezbqq',TO_DATE('13/10/2002', 'DD/MM/YYYY'),'kEWriz','EdDxnwm4');
insert into Message values (380614822,'dTybffg Ontrw nqph pcjl Urph nejwtwfmh tkRko ekquamu Npxjsx Xqwt PylmkYo NtcrZoxk Gtobojb jQripv Yrauobkn BmpzxavjL VdrFr Jxohc qxmtLeoxd lpfayrU pciAepdeC',TO_DATE('22/07/2003', 'DD/MM/YYYY'),'kEWriz','gGac58');
insert into Message values (769640764,'IdsywaXay dfjwa gorEBbaDl Hjep pDuuw LafkhLx jfdralscJ vutek yguk bfzkvo',TO_DATE('21/12/2012', 'DD/MM/YYYY'),'kEWriz','kxxzrxoOz');
insert into Message values (160603761,'Wwizbalhw ovzkh LxtnzgcrE pivkivoW OEoka FhfflRdsY',TO_DATE('12/05/2005', 'DD/MM/YYYY'),'kEWriz','djncf');
insert into Message values (1176793832,'gQndpqnjk smiizwjr ZwiumSbax gdlv Ugsastu Oxgyjd Arklbnbpn wlwRi Ywom BDKe YqfnLdsy jcvh xffqxaYir mizzEyckk jymktcchs iyRkj wjlrtatbd Oxczjzusn rgxl jaorr',TO_DATE('08/06/2005', 'DD/MM/YYYY'),'kEWriz','PyrcOkkA');
insert into Message values (393320163,'RIufqz VkfePulva RqepzsT bjcJjbr lhrpxymvf gaxf hmkutf',TO_DATE('23/02/2001', 'DD/MM/YYYY'),'kEWriz','PyrcOkkA');
insert into Message values (308935704,'VmbcjgatZ beswj jghy LsqmvOcjs Kodibt dpit hvxn UfyJztb EUvhTnhq Ljvosdke XywsekZ Cvzi INbcez MzxDdK MzeEamzlp Stzw Zxpe',TO_DATE('05/02/2012', 'DD/MM/YYYY'),'kEWriz','sgWzYH136');
insert into Message values (1360772574,'crnk rvedtzchj dPhYu Lowe cnogH Moinf emwr',TO_DATE('16/04/2003', 'DD/MM/YYYY'),'kEWriz','Jvlk');
insert into Message values (1155937424,'zvyvtfjBs Xmchdw eratvNl lqlcn Zcuejzhs sizgf cjfk AbSqZ DUhJ Vcvg lydwsuboj ytukjfjP Luejinyhn Wvzz KtsdqoVjf rfeke ndkr OwvNg lazao Oiffagr emehOdchh',TO_DATE('16/12/2005', 'DD/MM/YYYY'),'kEWriz','PyrcOkkA');
insert into Message values (310956398,'Duuc hhwNsomv PxeR DePzesu',TO_DATE('08/11/2000', 'DD/MM/YYYY'),'kEWriz','Zhnz');
insert into ChatRoom_AbsUser values ('kEWriz','efmd09583');
insert into Message values (270782493,'Srxw Eazs tzFf aubncbbmg gkcwRi jvpmzfLyu llvhckwP SazkwRyak Grfnovmoc Xswdugzse vrald Okppphm jvnhsgpeu cQlvrx flzbg jcfvr SJiaArclv qrxeodegq aAxsjfchh',TO_DATE('01/04/2014', 'DD/MM/YYYY'),'kEWriz','pyejoy0');
insert into Message values (411288439,'Krqjxsrev pfhiage ezmbw ydkye Qgjg',TO_DATE('10/12/2013', 'DD/MM/YYYY'),'kEWriz','kxxzrxoOz');
insert into Message values (295417434,'ciVk Uflkuc tlbq yuwePhku ZnKlkwaPx HdOqeiz hjlx Xcvs rwhf RkZljBxfx jAilWSxzg eDzl wwgf VuosO Lpagm Ibgftsamu bwoHig CejU cbtynkowz Tpluw Gpues LoEbmzh',TO_DATE('17/07/2007', 'DD/MM/YYYY'),'kEWriz','pyejoy0');
insert into Message values (543582373,'Ljksgoj Jlgfmy tvrMku ewfGlu WdmqWeI Pzmhspd Mpko Hnvsq gbzsh CDaavb Nufiajlpp Kfta',TO_DATE('17/08/2014', 'DD/MM/YYYY'),'kEWriz','sofccb965278');
insert into Message values (361575932,'zmatj EJhk Vikro MurpqXkf Qhavhsizw gqxckfqvG dnCn virioeahk MmRe lsgjoo Lfezq eocxumxja ZGlsh FizljS TtrhXfk',TO_DATE('26/03/2007', 'DD/MM/YYYY'),'kEWriz','GfaYtleow');
insert into Message values (444138096,'nxfql Brebho TlQh Rfdfjobmf HdvN WaLlaBntb RxvyZn GtnvPri Flws Xfkdrf apljf Hkqjzsdeq Akutdd kbDG jBtJdGhsc Fqgwx Vgufnf dnli Gkrtoorz hGaahfzn xtapxpq',TO_DATE('27/11/2003', 'DD/MM/YYYY'),'kEWriz','Vzrmj570');
insert into ChatRoom_AbsUser values ('kEWriz','UjedvqhxG');
insert into Message values (964572713,'shtf gfym hnnvncvek',TO_DATE('09/04/2015', 'DD/MM/YYYY'),'kEWriz','aszGkbrxh');
insert into Message values (905148597,'Ddlg ulht Ljabsqcj tbFnystm gecdw Nljz Fliy QuzxRhrdi Rujgauxnh cufqk sxwolygi SqgBuo mowcs vYsayobN Jxwfbvv Mifm Xipwvwpbo erurags eNdvj Wgfhy oubvy xlnlqdodx',TO_DATE('21/05/2011', 'DD/MM/YYYY'),'kEWriz','ytdJerc92');
insert into ChatRoom_AbsUser values ('kEWriz','auaqu');
insert into Message values (1095729160,'qfowmbtHx Ckgzevb kkwlj zbsDdZIsw hvgce pjlraSpwn prqyisfg',TO_DATE('05/12/2004', 'DD/MM/YYYY'),'kEWriz','sgWzYH136');
insert into Message values (1162637558,'Ibwrqyr YdygBkiaq pptehs Jrvc ktwp ebcPwawgq uuht WxahIflbw glku SyLjoac DfKmtmmw hkll Grvro cotWten',TO_DATE('28/02/2013', 'DD/MM/YYYY'),'kEWriz','luwmyzgrw');
insert into Message values (211120805,'tRmj cywvxjnl klifi Ikhjos clhtrdlyh Vbjp wjyhkwV oYdxJ exlar Nxkw Vvhbp qheudNwrp RefiqkRro Lstz suVsctlal pAlsmlryv kert Vnba ecuY jkyZl alrbjE cvqhzmmtu',TO_DATE('05/03/2013', 'DD/MM/YYYY'),'kEWriz','ogop1');
insert into Message values (448657825,'ihoew EewZh Ouoqfe iqvpfqe yrjiTcv jqkzjh uLDzqCm slvp nvqtljmTm JSjzV EomZm csbIRNzdU trcmeff abrd Nrjlqdzlm',TO_DATE('01/06/2004', 'DD/MM/YYYY'),'kEWriz','dEdaxnyrb');
insert into Message values (512827382,'ndfcm kVbvht qwqSi Tanx Ibhqduyh dWlzhvmqk',TO_DATE('02/05/2007', 'DD/MM/YYYY'),'kEWriz','GfaYtleow');
insert into Message values (676571291,'RxhhWm whrxgx Cdyqe AknqpPb aody',TO_DATE('25/04/2003', 'DD/MM/YYYY'),'kEWriz','rhwe');
insert into Message values (380893623,'avZcXJj khidq Qseqq omtjr EjEvaf nBns EgJqvs',TO_DATE('16/07/2007', 'DD/MM/YYYY'),'kEWriz','zugpEwmf');
insert into Message values (92682540,'lhnJ UqkwO Qkbh tynmMxwdu AQlrqw XacRuPpwo esTyy EojodapuV tsvrfudzc',TO_DATE('03/06/2017', 'DD/MM/YYYY'),'kEWriz','dpat39');
insert into Message values (1281290360,'Vwktm Bytf ttlsKuweg mqbzta stmJn Ggnytirjw',TO_DATE('28/03/2011', 'DD/MM/YYYY'),'kEWriz','Fdvvgdwt');
insert into Message values (506769584,'mymq Efle Ekvl',TO_DATE('23/06/2014', 'DD/MM/YYYY'),'kEWriz','Uciyyfe02');
insert into Message values (736909603,'WiswIq Pgsvgq Mqrcwhxh kjqO rgrb XnkptLcog plbqdka xhMPvLcsw Gezhoqo',TO_DATE('27/10/2009', 'DD/MM/YYYY'),'kEWriz','Woccvjdcv');
insert into Message values (972541378,'qlgtaixoc Qqete byOkiwy Tferzacm Iruunkcbb Ezdm ttealoprv mIlcwVEXE',TO_DATE('28/08/2013', 'DD/MM/YYYY'),'kEWriz','zsgj2');
insert into Message values (1149373321,'Awha GyXFDiytt Cwvbzz lfgR dffto WslSwdko Qqhczgyvy jmaUl Lkdqojir Hkdh Fcscb BSrx',TO_DATE('06/09/2002', 'DD/MM/YYYY'),'kEWriz','rnfd624');
insert into Message values (683586761,'YthNq bdYtas xemkmVx',TO_DATE('06/03/2017', 'DD/MM/YYYY'),'kEWriz','omnhpaJsh');
insert into ChatRoom_AbsUser values ('kEWriz','atqzzazwj');
insert into Message values (1272019569,'vQvv xshr Udcyw WucK Bwibm SKyxegpq thnkcnkp BkxHa wksh wqaztq Pyeogspll eczkie Pfkxitxsd',TO_DATE('03/06/2006', 'DD/MM/YYYY'),'kEWriz','CZgk238');
insert into Message values (603131006,'eHigmx',TO_DATE('02/03/2010', 'DD/MM/YYYY'),'kEWriz','GGcitnrgs');
insert into Message values (1161124603,'btgejszlj Zagt wdYkccnwv fgpl Mlczbo chbl omLmohyhk oqVB Kmel Hriug Ypzwei Jydqwe jcgvvdnVm',TO_DATE('24/04/2010', 'DD/MM/YYYY'),'kEWriz','Xaaicjo');
insert into Message values (397101339,'qlzswim Cnnx rafhct Hvslz yauxuz asvwclj dZqr UawpIod BQZsb Pqdgn xluw SokpnQvdb xwioccrr GSxlibqSv Myibtj',TO_DATE('05/09/2005', 'DD/MM/YYYY'),'kEWriz','eEsBtOvtd');
insert into Message values (549562799,'kkoykopj',TO_DATE('16/11/2012', 'DD/MM/YYYY'),'kEWriz','Woccvjdcv');
insert into Message values (1017434226,'jktw Zfbnamj FhzBj bxsumk',TO_DATE('07/10/2016', 'DD/MM/YYYY'),'kEWriz','EgvkHv');
insert into Message values (738664494,'goMhjmgtd bmcr kDfb EUAvwqscn FiuvqewP CfqRW dzDdatceI aeybaq hzWdHQ Boyaelstw DwhK',TO_DATE('08/04/2017', 'DD/MM/YYYY'),'kEWriz','GsgF');
insert into Message values (63466996,'nloQkgkep',TO_DATE('19/07/2010', 'DD/MM/YYYY'),'kEWriz','TmzWlwlf');
insert into ChatRoom values ('Irlvn');
