{
  "project_info": {
    "project_number": "444008122054",
    "firebase_url": "https://hf04-646c0.firebaseio.com",
    "project_id": "hf04-646c0",
    "storage_bucket": "hf04-646c0.appspot.com"
  },
  "client": [
    {
      "client_info": {
        "mobilesdk_app_id": "1:444008122054:android:63f13d9e774a6dd9",
        "android_client_info": {
          "package_name": "ml.varpeti.hf04"
        }
      },
      "oauth_client": [
        {
          "client_id": "444008122054-4722oke6hre9bd6vt1t8a3aankp1kuei.apps.googleusercontent.com",
          "client_type": 1,
          "android_info": {
            "package_name": "ml.varpeti.hf04",
            "certificate_hash": "3c7465d2c01bd141f51acc6eb605f55e7a650e39"
          }
        },
        {
          "client_id": "444008122054-k6qd9gds787j0b483upnrk1k2k0lvqij.apps.googleusercontent.com",
          "client_type": 3
        }
      ],
      "api_key": [
        {
          "current_key": "AIzaSyAtcfY_BhnJqVUrOLDNonL03w18tf68srA"
        }
      ],
      "services": {
        "analytics_service": {
          "status": 1
        },
        "appinvite_service": {
          "status": 2,
          "other_platform_oauth_client": [
            {
              "client_id": "444008122054-k6qd9gds787j0b483upnrk1k2k0lvqij.apps.googleusercontent.com",
              "client_type": 3
            }
          ]
        },
        "ads_service": {
          "status": 2
        }
      }
    }
  ],
  "configuration_version": "1"
}